id,job_title,job_category,job_description,candidate_id,resume_text,match_score,match_type,label
PAIR-00025,Senior Software / IT Systems Engineer,INFORMATION-TECHNOLOGY,"We are seeking a Senior Software & IT Systems Engineer to design, deploy, and scale high-performance software applications and cloud infrastructure. Responsibilities include building RESTful APIs, optimizing relational and NoSQL databases, containerizing microservices with Docker and Kubernetes, and troubleshooting distributed networks. Required skills: Python, Java, JavaScript/TypeScript, SQL, Linux, Cloud (AWS or Azure), Git, and CI/CD automation.",15651486,"DIRECTOR OF INFORMATION TECHNOLOGY Career Overview Seeking a position as a Director of I.T. in a company where I am able to utilize my experience and training in networking, troubleshooting, and customer relations. Qualifications Networking - Nexus 7K, UCS, UCCX, Cisco Call Manager, Cisco Unity, Cisco Attendant Console, Cisco Jabber, Cisco ASA, Cisco ISE, Cisco ACS, Cisco Voip, Cisco Routers, Cisco Switches, Cisco Wireless Controllers, Cisco Wireless Access Points, Cisco IronPort, Juniper Firewall, Operating Systems - Windows Server 2003/2008/2012, SCO Unix, SUSE Linux, Windows XP/Vista/7/10, Cisco IOS Hardware - Dell PowerEdge servers, IBM Bladecenter, Dell/HP/Lenovo PC & Laptops, Cisco/Juniper/Fortinet switches, Barracuda/Juniper Spam & Web firewall, POS, Label Printers, Barcode Scanners, RF Scanners Software - MAS90, Office 2007/2010/2013/2016, VMware, Groupwise, Exchange 2007, Aldon, Remedy, Putty, SecureCRT, VNC, WireShark, Snorby, SolarWinds Orion, SQL Database, Epicor (ERP), Security - Nexpose (Rapid7), Snort, Snorby, Symantec, Trustwave, PCI Compliance CISCO Certified Network Associate (CCNA) Work Experience 01/2015 to Current Director of Information Technology Company Name City , State Serves as the main point of contact on all I.T. related matters. Located at the corporate headquarters supporting over 60 users locally and 150 users remotely. Worked with service providers and vendors cutting IT budget over 45%. Implemented new MPLS network and Phone system saving the company 180k a year. Oversees all IT financials. Established an IT Governance department to focus on managing systems quality assurance, PCI security, and audit change management, IT purchasing and administration, IT contracts and vendor management, and IT financial capital and expense management. Identifying and providing standards for gathering information for use in trend analysis and reporting information to company leaders. 01/2013 to 01/2015 Network Engineer/I.T. Manager Company Name City , State Supervised and led IT infrastructure team (including Help Desk). Worked with service providers and vendors cutting IT budget over 15%. Managed and designed IT security solutions and policies for all locations. Oversaw data center operations being hands on in all areas related to infrastructure and security. Located at corporate headquarters supporting over 200 users locally and 1500 users remotely. Manage local/wide area networks for optimal data and VoIP connectivity to over 300 sites ",0.94,Positive Match,Strong Match
PAIR-00220,Senior UI/UX & Product Designer,DESIGNER,"We are hiring a Senior UI/UX Designer to craft intuitive user experiences, responsive layouts, and interactive design systems for web and mobile platforms. Responsibilities: user journey mapping, high-fidelity wireframing in Figma, design system maintenance, usability testing, and cross-functional handoff to frontend engineers. Requirements: Figma mastery, design thinking, prototyping, and typography.",81011612,"GRAPHIC DESIGNER Summary Enthusiastic student majoring in Chemistry; great at performing many task in a timely matter and as efficient as possible. Strong background in computer tasks and data analysis as well as business management. Highlights General Chemistry and Organic Basic HTML coding, Microsoft Office, 3D Chemistry Laboratories including synthesis, animation, database analysis. purification, and extraction. Inventory management and sales/profit IR spectroscopy as well as analyzing NMR analysis using SQL server and various POS and Mass Spec. data. software. Graphic designing using Photoshop and Illustrator. Experience Graphic Designer August 2009 to March 2013 Company Name - City , State In charge of advertising and designing and publishing Point of Sale materials. General Manager August 2009 to August 2011 Company Name - City , State Installing POS systems, computer networking, fuel inventory management, and Payroll management. General Manager March 2006 to October 2014 Company Name - City , State Team/ scheduling/ payroll management. Accomplishments Eight year in business management in which I managed to lower the cost of good and increase sales and profit. In charge of Sales operations such as ordering, inventory, and customer service. Education Chemistry , 2015 El Camino College - City , State GPA: Recipient of Edison International Green Job Scholarship. Member of the El Camino Chemistry Club. Member of the MESA, Mathematics, Engineering, Science Achievement Program. Recipient of Honor Transfer Student award. Chemistry Recipient of Edison International Green Job Scholarship. Member of the El Camino Chemistry Club. Member of the MESA, Mathematics, Engineering, Science Achievement Program. Recipient of Honor Transfer Student award. Molecular, Cellular, and Developmental Biology , 2017 University Of California Los Angeles - City , State , USA Skills 3D, Photoshop, advertising, animation, business management, Chemistry, computer networking, customer service, database analysis, designing, Graphic, Basic HTML, Illustrator, Inventory management, inventory, materials, Microsoft Office, NMR, Payroll, POS, profit, coding, Sales, scheduling, SQL server",0.98,Positive Match,Strong Match
PAIR-00084,Enterprise Business Development Manager,BUSINESS-DEVELOPMENT,"Seeking an experienced Business Development Manager to identify new market opportunities, negotiate high-value corporate partnerships, and drive revenue growth. Responsibilities: B2B pipeline development, enterprise client pitching, contract negotiation, competitive analysis, and strategic relationship management. Requirements: 4+ years B2B sales/development experience, CRM proficiency, and executive communication skills.",22025574,"DIRECTOR OF BUSINESS DEVELOPMENT Professional Summary Extensive experience in LTAC Marketing in a hospital setting. Ability to build strong rapport with physicians, patient's families, case managers and health care community. Managed and lead team of clinical, admissions and marketing liaisons and efficiently communicated patients' needs to clinical staff. Expert in planning and executing marketing strategies to build relationships in new territories and increased referral sources. Track record of consistent growth in census of hospital through demonstrating strong professional relationships with referral sources and turn potential referrals into admissions. Self driven and innovative with a strong desire to compete with other LTACHs to increase hospital census. High recommendations by leading physicians based on performance and work ethics. Highlights Excellent interpersonal communication skills with the ability to keep professionalism. Confident public speaker. Highly motivated marketer. Patient care oriented, increasing and securing walk-in tours for patients' families and catering to their needs. Cultural awareness and sensitivity towards patients and physicians. Trained by physicians and nurses to evaluate patients' charts and make recommendations for LTAC based on diagnoses. Proven ability to manage marketing team and yielding results. Strategically develops marketing plans. Track record of financial management by efficiently using budgets to organize networking events, company functions and annual galas. Effectively influences team members by showing motivation and drive to perform. Understands and explains the continuum of care model to patient families. Clinical knowledge in identifying LTAC patients with proper diagnoses and treatments. Experience 04/2013 to 10/2014 Director of Business Development Company Name City , State Managed and lead by example a team of qualified marketing and clinical liaisons and showed steady increase in census and market presence. Accomplishments Opened doors to new Acute care hospitals that are now responsible for 5-10% of new LTAC admissions each month, for instance Angleton-Danbury Medical Center, Brazosport Regional Medical Center, University General Hospital and Memorial Hermann Medical Center. Brought on board several new physicians that specialize in the needs of long term acute care patients. This resulted in the higher referrals from the Acute care hospitals by these certain physicians and increased total num",0.96,Positive Match,Strong Match
PAIR-00211,Senior UI/UX & Product Designer,DESIGNER,"We are hiring a Senior UI/UX Designer to craft intuitive user experiences, responsive layouts, and interactive design systems for web and mobile platforms. Responsibilities: user journey mapping, high-fidelity wireframing in Figma, design system maintenance, usability testing, and cross-functional handoff to frontend engineers. Requirements: Figma mastery, design thinking, prototyping, and typography.",11155153,"MECHANICAL DESIGNER Summary Im offering over twenty-eight (28) years of extensive working knowledge of the principles, theories and concepts in the design-engineering field. A self-motivated, assertive individual, who learns quickly, accepts new challenges, works well independently and also in team environments; lives up to high personal standards integrity/ethics; pro-actively demonstrates good interface/communication, task management. Highlights 3D Model part design and assembly development including BOM generation. Create weight distribution analysis as well as present findings and able to defend assumptions. Heavy and light structural frame design and aluminum mounting platform design. Strong under standing of hydraulic components and able to do troubleshooting with the ability to develop and improve hydraulic circuits from existing schematics. Experience Company Name May 2013 to July 2015 Mechanical Designer City , State As a member of the Research and Technology team, I was able to be a part of several projects focused on saving the company money by reducing down time of equipment, use of tested and approved quality parts and material. Designs were developed with the use of Creo Parametric 2.0, Windchill and Autodesk Inventor 2015. Designed, tested and implemented a pneumatic circuit to insure proper conditions existed prior to engaging and dis-engaging the clutch on the Frac pump units. This circuit protects the clutch from premature failure and unnecessary ware. Investigated Fluid End failures and corrected drawing errors related to seat angel. This significantly increased the life of the Fluid Ends. Created approved source control drawings for the fluid end valves and seats witch eliminated the use of misaligned seat and premature washouts of the fluid ends. Designed a cross unit manifold used to connect up to twenty two (22) Frac Pumps to run off natural gas or field gas. This significantly reduced fuel cost across the fleet of Frac pumps. Troubleshot and redesigned the hydraulic circuit on the fleets sand conveyers. This redesign significantly reduced down time and reduced the amount of training needed for field hands. Troubleshot and redesigned the hydraulic circuit on a potential venders sand conveyor to correct an issue they were not able to correct. This redesign involved changing the spool in the PVG valve and installing a cross port relief valve and some re-plumbing of the hydraulic circuit. Troubleshot and corrected the spillage of sand f",0.89,Positive Match,Strong Match
PAIR-00188,Senior Corporate Accountant & Auditor,ACCOUNTANT,"Looking for a Senior Accountant to oversee general ledger reconciliations, tax compliance, payroll auditing, and financial reporting. Responsibilities include month-end closing, balance sheet reconciliation, internal audit preparation, and regulatory filing. Qualifications: CPA or accounting degree, ERP experience (NetSuite, SAP), GAAP standards, and internal control compliance.",25862026,"SENIOR ACCOUNTANT Summary 8+ years of accomplished experience in the field of accounting Team and organizational training from a major global public corporation Exceptionally fast, efficient and organized Knowledge of all accounting functions: GL, PL, and BS - budgets, forecasting, variance analysis, trend analysis, financial reporting, reconciliations, work papers, journal entries, accruals, AP, AR Experience in GAAP and Statutory accounting and monthly and year-end closing processes Highlights Oracle Financial, PeopleSoft, Microsoft Dynamics Nav, Microsoft Office Suite, Outlook, Lotus Notes Experience Senior Accountant 06/2015 to Current Company Name City , State Prepare, examine, or analyze accounting records, financial statements, or other financial reports to assess accuracy, completeness, and conformance to reporting and procedural standards. Process, prepare and maintain reporting related to Inventory, and all associated recurring and/or ad hoc journal entries, account analysis, financial reporting, account reconciliation and system interface analysis, (COGS, Rebates, Adjustments, Other Revenues) in accordance with established general accounting policies and procedures Summarize vendor contracts and/or annual contract amendments to extract financial pertinent information to determine rebate configuration for monthly/quarterly invoicing Create, review revenue loaders, rebate, billing invoices and track the payment status Prepare communications such as memos, presentation charts, and process documentation, and coordinate with other departments with assembling information for reporting results Maintain Sox controls and departmental documentation Train new staff and review the work of less experienced staff Cross training with other team members in other accounting functions. Accountant II 09/2013 to 05/2014 Company Name City , State Completed assigned reconciliations accurately, completely and in the time frame required by corporate policies Prepared and ensured accuracy and integrity of accounting and transactional records to ensure proper financial reporting Worked with internal Financial Reporting personnel to support timely and accurate completion of monthly, quarterly and annual internal and external reporting Processed and maintained assigned ad hoc or recurring journal entries in a timely and accurate manner Ensured that interfaces between ancillary systems and the general ledger are processed timely and accurately so that the affected assigned ",0.9,Positive Match,Strong Match
PAIR-00004,Senior Software / IT Systems Engineer,INFORMATION-TECHNOLOGY,"We are seeking a Senior Software & IT Systems Engineer to design, deploy, and scale high-performance software applications and cloud infrastructure. Responsibilities include building RESTful APIs, optimizing relational and NoSQL databases, containerizing microservices with Docker and Kubernetes, and troubleshooting distributed networks. Required skills: Python, Java, JavaScript/TypeScript, SQL, Linux, Cloud (AWS or Azure), Git, and CI/CD automation.",18067556,"MASTER DATA MANAGER Experience Master Data Manager , 01/2019 to Current Company Name City , State Aligning 100+ supply chain-related master data attributes to ensure the following guidelines are met:. Data Stewardship - Appropriate business units and ownership established to validate appropriate values, definitions and impact documentation for all master data fields. Data Quality - Applicable controls are set in conjecture with IT to ensure that a proactive approach is taken to new master data. Additionally, RPA process planned for Phase 2 to automate structured data entry and maintenance. Data Integrity/Data Warehousing - Structure business logic to ensure BOMs and other data relationships are both accessible and built as an asset for the business. Additionally, a Data Sync SOP was established for GS1 standardization. Reporting - Automate data quality reporting for executive staff to ensure 99.8% compliance is adhered to throughout the organization. Additionally, provide ad-hoc tools for the business to leverage clean data cubes. Data Governance Committee - Oversee executive strategy in institutional master data to commit to trusted, accurate, structured and meaningful master data. Engaging applicable stakeholders to promote data governance, data architect, data stewardship and data security the data governance committee oversees the framework for complex supply chain manufacturing operations. Director of Information Technology , 01/2017 to 01/2019 Company Name City , State Supply Chain Management - Warehouse, 3PL, Food Services, Served as the corporate Project Manager, overseeing all implementations (WMS, ERP, QMS, CMMS, infrastructure). Responsibilities included progress reporting, budget control, task delegation, plan creation, vendor coordination, etc. Developed a range of documents and performed project selection tasks such as workflow process maps, system integration documents, infrastructure topology, organizational policies, GDPR, UAT, gap analysis, best fit models and user training manuals. Deployed and managed BI products to leverage company-wide data for decisionmakers, proactive analysis, and real-time resource planning. Utilizing SSRS/PowerBI to analyze sets of data across multiple databases, automate value-add reporting to 3PL clients, visualize KPIs thru the organization, create workflows for document automation and create alerts for various business units. Launched a high-performance data warehouses and virtual machines to store, integrate",0.95,Positive Match,Strong Match
PAIR-00045,Senior Systems / DevOps Engineer,ENGINEERING,"Looking for a Senior Systems & DevOps Engineer to automate build infrastructure, manage Linux server fleets, and ensure high availability across multi-region environments. Responsibilities include writing Terraform infrastructure as code, configuring CI/CD pipelines, monitoring system metrics with Prometheus and Grafana, and diagnosing system bottlenecks. Requirements: Linux administration, Docker, Kubernetes, Terraform, Bash/Python scripting, and networking fundamentals.",23438227,"ENGINEERING ASSISTANT Profile R etired Engineering Assistant with 25 years of telecommunications experience, excellent CAD drafting skills and quality clerical abilities. Skills Ability to utilize TIRKS, Switch, LFACs, Microstation, ICGS / IDDS, Word, Excel, RequestNet, AARDWOLF, ADTRAN, Microsoft Outlook, CCP, WSAM Image, Lotus Sametime, Fiber Brains, Ringbuilder, Plat Indexes, VENUe, WSAM-DC Fiber, Traffic Control and State Highway database, ASSIST, Workforce Management systems, and office switchphone Self-taught skills in office party and event planning and decorating Accomplishments AutoCad Software Utilization Produced drawings and maintained, archived and retrieved CAD files and drawing documents for the completion of engineering work orders. Professional Experience Engineering Assistant , 08/2006 to 12/2014 Company Name City , State Utilized company computers and records to obtain information for the design and distribution of circuit service orders. Interfaced with other organizations in order to facilitate accurate work order designs. Used engineering methods, procedures and databases to prepare designs. Used planning documents, field notes and databases to analyze data and prepare specific estimates, routine work orders and other projects for growth, relief, damaged plant and customer demand. Endured physical field visits to identify incorrect and unsafe conditions and design corrective plant configurations. Tracked and monitored construction and other departments , including contractors, to assure timely completion of issued engineering work orders. Utilized computer drafting tools. Negotiated, coordinated and communicated engineering matters to include permit applications and rights of way with Verizon personnel, private owners, customers, building contractors, utilities and government agencies. Completed site visits on foot, occasionally on rough terrain and carrying engineering equipment. Climbed ladders to enter Controlled Environment Vaults (CEVs), construction sites and potentially dangerous industrial areas. Wore appropriate Engineering safety equipment, when required. Performed daily clerical office work and additional duties as required. Facilities Administrator , 09/2000 to 08/2006 Company Name City , State Prepared diagrams, schematics, work orders, and maintained records by performing graphic or drafting functions from rough sketches. Updated and maintained maps, logs, drawings, graphs, charts, land base drawings and schematics that ",0.88,Positive Match,Strong Match
PAIR-00140,Corporate Financial Analyst & Portfolio Specialist,FINANCE,"Seeking a Financial Analyst to perform financial modeling, variance forecasting, corporate valuation, and investment analysis. Key responsibilities: preparing quarterly financial statements, conducting discounted cash flow (DCF) modeling, budget reconciliations, and executive risk briefings. Requirements: Advanced Excel, financial modeling, GAAP compliance, SQL, and analytical problem solving.",14408510,"FINANCE COORDINATOR Highlights Microsoft Excel, Word, Access, PowerPoint, MS Outlook, SAP, Marketing Funds System, Siebel, AS400/Mainframe, Baan ERP, SharePoint, Salesforce.com, SAP CRM Experience 05/2014 - Current Company Name City , State Finance Coordinator SUMMARY Dedicated accounting and finance professional with proficient analytical, budget processing, supporting and researching experience that includes general ledger reconciliation, data management and analysis, auditing, accounts payable and accounts receivables. Successful at managing multiple assignments while meeting tight deadlines. Adept at building productive, cross-functional team relationships, and leveraging these relationships to gain cooperation in resolving issues. 02/2012 - 05/2014 Company Name City , State Master Data Specialist Accurately created customer master data records and sales hierarchies in SAP. Served as subject matter expert on Warehouse Direct (WD) accounts, addressing escalated issues and answering questions from the business regarding WD processes. Involved in SharePoint project which reduced the WD account create and change work flow process time by half. 12/2008 - 02/2012 Company Name City , State Financial Analyst Worked closely with pharmaceutical client CFO and controller generating reports and reconciliations to assist in cash flow forecasting. Performed reconciliations utilizing Excel techniques including V-lookups and pivot tables. Consistently managed and completed month end close process within five business days. Processed client approved write-offs, accruals, journal entries and posted transactions to the general ledger. Assisted account analysts in collection of past due open accounts receivables. Participated in the recommendation, development, testing and implementation of department automated AR Reconciliation tool, which significantly reduced the manual matching work performed by the department Financial Analysts. Received several recognition awards for commitment to teamwork, initiative, process improvements and customer service. 08/2006 - 07/2008 Company Name City , State Financial Analyst Maintained and accurately loaded multi-million dollar marketing budgets and forecasts into the Marketing Funds sub-ledger. Supported brand marketing managers by providing analysis and weekly reporting on marketing spend actual results versus forecast in SAP and Marketing Funds. Met quarterly with brand managers to ensure activity based spend was in-line with foreca",0.89,Positive Match,Strong Match
PAIR-00118,Senior Enterprise Sales Representative,SALES,"We are hiring a Senior Enterprise Sales Representative to manage full sales cycles, conduct product demonstrations, and exceed quarterly quotas. Responsibilities include prospect qualification, objection handling, commercial contract closing, and pipeline tracking in Salesforce. Requirements: Proven enterprise quota attainment, CRM mastery, presentation skills, and strong customer relationship building.",59422148,"SALES EXECUTIVE Summary SALES EXECUTIVE Results driven, customer centered sales executive with 24 plus years of experience in different industries. Proven ability to meet sales quotas and deadlines, successfully capitalizing on growth of customer base while maintaining sales integrity and positive morale. Articulate communicator and trusted associate with the ability to connect to a wide variety of customers and prospects. Highlights Leadership Organization & Planning Sales Presenting Customer Experience Customer Retention Marketing Strategy Discovering Customer Needs Coaching & Mentoring Revenue Generation Knowledge Of Market Employee Relations Forecasting Relationship Building Performance Management Customer Prospecting Excellent Communicator Sales Reporting Networking & Rapport Building Experience Sales Executive 12/2013 to Current Company Name City , State As the main sales person for the company, was in charge of Achieved 7% revenue growth over prior year, generating an 11% increase in profits Analyze current market and consumer trends thru sales data, interpreting the data to vendors, and management in an effort to capitalize on the sales and profit opportunities Full responsibility and management of cost controls, inventory control, budgeting, scheduling and P&L accountability Responsible for recruitment, retention, training, and other HR functions for over 40 employees to ensure quality and standards are executed in conjunction with corporate expectations Daily involvement with inventory accountability system; ensuring accuracy and availability Act as a liaison between numerous vendors to maintain a retail environment that consistently provides our guests with the products they desire and meets sales quotas Execute key marketing and promotional initiatives and strategies to maximize sales and profit margins in alignment with company goals Rated in top 10% of company Customer Service Index scoring of over 550 locations Responsible for maintaining superior operational standards and customer service levels Provide sales leads to our corporate office based on knowledge of key customers, resulting in over 300k additional fuel gallons purchased by these key customers Handle various fuel issues ensuring compliance with EPA standards and inspections. Store Sales Manager 03/2007 to 11/2011 Company Name City , State As the Store Sales Manager I designed and implemented corporate strategy for new business development and contract negotiations for this locatio",0.84,Positive Match,Good Match
PAIR-00277,Digital Marketing & Content Strategy Lead,DIGITAL-MEDIA,"Seeking a Digital Marketing Lead to oversee omnichannel growth campaigns, SEO/SEM performance, brand content creation, and analytics tracking. Responsibilities: managing Google Ads / Meta ad spend, conversion rate optimization (CRO), social media strategy, and ROI performance reporting. Requirements: Google Analytics, SEO tools, paid advertising, and copywriting.",42156237,"SENIOR DIGITAL MARKETING ANALYST Summary Highly analytical and process-oriented data analyst with in-depth knowledge of marketing project management, data manipulation and visualization. Furnish insights, analytics and business intelligence to advance opportunity identification, process reengineering and corporate growth. Core Qualifications Market Segmentation Business Intelligence Reporting Regression Analysis Business Analysis Dashboard generation Data Mining Data Modeling Statistical Analysis Data Experiments Project Management Process Improvement Highlights Power user of MS Excel, Power BI, Power Query, Power Pivot, Qlikview Desktop, Minitab, Tableau, Google Analytics, JIRA, Salesforce, TSQL, SQL, HTML, PHP, JavaScript, MS Access, MS Visio, MS Project. In progress - R, Python. Experience 07/2016 to Current Senior Digital Marketing Analyst Company Name City , State Design and build dashboards to help analyze, monitor and visualize key performance metrics. ADD skills, accomplishment style. Interpret data, extract trends and identify insights or opportunities for product decisions. Design and monitor end-user reporting tools and systems, ensuring reports are accurate and up-to-date. Work with internal stakeholders and teams across the company. Accomplishment:. A 30% increase in revenue by segmenting, resulting in an incremental $2M profit. 02/2014 to 03/2016 Web Analyst Company Name City , State Extracted, transformed and loaded (ETL) customer data using code that was Developed. using SQL. Built dashboards to monitor and control marketing efforts. Helped identify and repair datasets that are incomplete, inconsistent, or require cleaning. Handled internal customer data inquiries, data investigations, or other information requests from project teams. Helped investigate and understand available data sources on the market to solve customer site content challenges. Accomplishment:. A 20% optimization in marketing cost by re-allocating $2M budget to profitable areas. 06/2002 to 08/2005 Web Developer Company Name City Developed customized web solutions using PHP, HTML, and JavaScript for clients. Created database structures, relationships, and data types in MySQL and MS Access. Accomplishment:. Increase of 22% in sales by increasing overall visitor traffic by over 400K. Education Masters of Business Administration 2013 MBA University of Redlands 2011 Bachelor of Sciences University of Hamburg 2007 College - Berufsschule City Nord, Languages English, German, Hin",0.87,Positive Match,Good Match
PAIR-00083,Enterprise Business Development Manager,BUSINESS-DEVELOPMENT,"Seeking an experienced Business Development Manager to identify new market opportunities, negotiate high-value corporate partnerships, and drive revenue growth. Responsibilities: B2B pipeline development, enterprise client pitching, contract negotiation, competitive analysis, and strategic relationship management. Requirements: 4+ years B2B sales/development experience, CRM proficiency, and executive communication skills.",27937592,"NEW BUSINESS DEVELOPMENT MANAGER Summary BUSINESS LEADER & SALES MANAGER Collaborative Management / Business Strategy / New Business Development An accomplished leader with a strong background in complex, high-volume and revenue business operations. A proven passion for customer service and operational excellence, demonstrated by extreme dedication and commitment to job duties and responsibilities. Drives positive financial and operational performance through completion utilizing a cross functional team to deliver these objectives to the satisfaction of customers. Highlights New customer acquisition Trade shows Account management Special events planning Articulate public speaker Direct mail campaigns Stakeholder relations Accomplishments South Chamber Ambassador of the Month CAS Certification from Promotional Products Industry Certified Tourism Ambassador for Oklahoma Promoted from Account Manager to New Business Development after nine months of employment. Experience 02/2014 to Current NEW BUSINESS DEVELOPMENT MANAGER Company Name City , State Sell and market promotional products to current and prospective customers. Bring new business accounts to the inside sales team for follow up and to build the foundation of new customer sales. Selected accomplishments: Provide consultation services to customers to help plan their marketing strategy. Utilize promotional products, printing, direct mail and email marketing to achieve a 50% increase in sales from 2014 to 2015. Forged long-lasting relationships with the community, suppliers and other nearby retailers. Increased store and associate involvement. Log sales orders with 2 different software programs. Accurately upload customer details and select inventory quantity and delivery date for their orders. Regularly meet with suppliers to determine products that were in high demand. Champion the execution of Lootfest, a promotional products tradeshow that drew a crowd of 300+ people. Host 2 lunch and learns to create a positive image of the business. Train, educate and mentor sales representatives, acting as technical product expert for all new and existing promotional products. Directly increase sales by $10,000 monthly. 06/2010 to 01/2014 Company Name City , State Marketed and sold promotional products to customers. Liaised with senior management at customer locations to determine their overall business strategy as well as their sales and marketing goals and objectives. Selected accomplishments: Placed the correct",0.84,Positive Match,Good Match
PAIR-00128,Senior Enterprise Sales Representative,SALES,"We are hiring a Senior Enterprise Sales Representative to manage full sales cycles, conduct product demonstrations, and exceed quarterly quotas. Responsibilities include prospect qualification, objection handling, commercial contract closing, and pipeline tracking in Salesforce. Requirements: Proven enterprise quota attainment, CRM mastery, presentation skills, and strong customer relationship building.",25813953,"BUSINESS DEVELOPMENT MANAGER Professional Summary High-energy Manager successful in building and motivating dynamic teams. Cultivates a company culture in which staff members feel comfortable voicing questions and concerns, as well as contributing new ideas that drive company growth. Customer Service Representative who maintains a high level of professionalism, patience and efficiency to minimize customer dissatisfaction and increase customer loyalty. Core Qualifications Operations management Complex problem solving Staff training Team building Supervision and training Costumer service Skilled negotiator Advertising Computer-savvy Social media marketing Event planning Purchasing Top sales performer Microsoft Outlook Microsoft Excel Microsoft PowerPoint Microsoft Office Microsoft Word Work Experience 08/2015 Business Development Manager Company Name City , State Cold and warm called 75 new and existing accounts per day. Generated new accounts by implementing effective networking and content marketing strategies. Identified strategic partnerships and gathered market information to gain a competitive advantage. Contacted new and existing customers to discuss how specific products could meet their needs. Answered customer questions regarding products, prices and availability. Identified issues with existing marketing material to drive process improvements. Generated new sales opportunities through direct and telephone selling and emails. 03/2015 to 08/2015 Event manager Company Name City , State Worked quickly and efficiently, with minimal oversight, to accomplish assigned duties. Managed payroll and time and attendance systems. Developed tool to track and monitor personal sales opportunities, deals in progress and finished contracts. Collaborated with advertising and promotion managers to promote products and services. Prepared detailed marketing forecasts on a daily, weekly and quarterly basis. Worked effectively in a heavily cross-functional, fast paced environment. 06/2014 to 03/2015 Customer Service Call Center manager Company Name City , State Successfully managed the activities of 12-18 team members in multiple locations. Created training manuals targeted at resolving even the most difficult customer issues. Monitored the daily activities of 2 customer support teams. Improved service quality and increased sales by developing a strong knowledge of company's products and services. Addressed negative customer feedback immediately. Effectively communicated ",0.64,Partial Match,Moderate Match
PAIR-00149,Corporate Financial Analyst & Portfolio Specialist,FINANCE,"Seeking a Financial Analyst to perform financial modeling, variance forecasting, corporate valuation, and investment analysis. Key responsibilities: preparing quarterly financial statements, conducting discounted cash flow (DCF) modeling, budget reconciliations, and executive risk briefings. Requirements: Advanced Excel, financial modeling, GAAP compliance, SQL, and analytical problem solving.",15891494,"FINANCE OFFICER Summary Profile: An experience Accountant and data base worker who has developed a strong accounting background working with Data Base and Accounting packages for over four years. Team oriented individual with good interpersonal skill and a demonstrated ability to accurately evaluate customer requirement and complete related tasks / project which satisfy or exceed customer requirement on time. . I have the ability to create conducive atmosphere with colleagues at work. Keen, presentable and goal getter, effective team member, trust worthy, reliable and well organize team player. Confident working alone and with senior authorities, creative and enjoys using own initiatives. Flexible and can adapt to work in wide range of tasks. I have the ability to work within tight schedules and outside official hours. Highlights Analytical reasoning Compliance testing knowledge Financial statement analysis Account reconciliation expert Financial planner Effective time management Accomplishments Achieved 25% cost reduction by eliminating redundant processes. Formally recognized for excellence achieved in financial analysis, budgeting and forecasting. Experience April 2014 to January 2016 Company Name City Finance Officer Develop internal control policies, guidelines, and procedures for activities such as budget administration, cash and credit management, and accounting. Coordinate and direct the financial planning, budgeting, procurement, or investment activities of all or part of an organization. Maintain current knowledge of organizational policies and procedures, federal and state policies and directives, and current accounting standards. Receive cash and checks and make deposits. Advise management on short-term and long-term financial objectives, policies, and actions. Prepare or direct preparation of financial statements, business activity reports, financial position forecasts, annual budgets, or reports required by regulatory agencies. Evaluate needs for procurement of funds and investment of surpluses and make appropriate recommendations. Provide direction and assistance to other organizational units regarding accounting and budgeting policies and procedures and efficient control and utilization of financial resources. Analyze the financial details of past, present, and expected operations to identify development opportunities and areas where improvement is needed. Supervise employees performing financial reporting, accounting, billing, collections,",0.9,Positive Match,Strong Match
PAIR-00163,Corporate Financial Analyst & Portfolio Specialist,FINANCE,"Seeking a Financial Analyst to perform financial modeling, variance forecasting, corporate valuation, and investment analysis. Key responsibilities: preparing quarterly financial statements, conducting discounted cash flow (DCF) modeling, budget reconciliations, and executive risk briefings. Requirements: Advanced Excel, financial modeling, GAAP compliance, SQL, and analytical problem solving.",28939941,"ACCOUNTANT Summary Creative, active with a prove ability to manage multiple tasks seeking a position whereby my personal & technical skills can be applied & developed. The ability to screen candidates to ensure of the qualifications. The ability of negotiating salaries and preparing job offers. Conducting appropriate investigation such as calling references and performing a background check. Conducting orientation sessions with new employees. Set KPIs and job description for each position. Ability to manage employers' benefits programs. Manage all types of leaves like annual, sick, maternity or casual leaves using very advanced systematic methods with full analysis. Preparing and performing the induction training to new employers. The ability of preparing periodic quizzes which used to evaluate product knowledge. Communicating job vacancies and preparing required assessment. Set performances drivers to be allied with organization goals. Excellent understanding & applying for Company Objectives, Strategy & Organization Culture. Excellent Skills in conflict resolving. Excellent Ability to Identify Personal Differences & Build tailored development Plan. Excellent Ability to train and guide groups of different backgrounds & Adapt different Cultures. Excellent Ability to identify relationship between different & unrelated aspects. Excellent Ability to Identify Potentials, Design & Conduct Development plan. Excellent Ability to lead low performers into the track. Excellent Ability to rewrite the rules & reach Exceptional Decisions. Ability to Set & Develop Business Quality Bench marks. Excellent Awareness & applying for Customers Handling Techniques. Ability to Assess Trade Zone Potentiality & Set Proper Sales Tactics. Excellent Ability to Identify Products & Services Advantages & train the team by the best-selling techniques. Excellent Ability to Identify Risk & eliminate Process gaps that may cause fraud cases. Auditory Understanding for Vodafone Application. Excellent Listening Skills. Excellent Reporting Skills. Excellent Presentation Skills. Goal Oriented Excellent Communication Skills Vocal & Mailing. Highlights Master of International Business Administration [MIBA] (Ongoing [ESLSCA]) Microsoft Office [Word, Excel, Access, Power point, Outlook]. Microsoft Visual Studio (Visual Basic 6.0, Visual Basic .Net) Build & design web pages and desktop applications. Department: HR. Experience Accountant November 2001 to June 2004 Company Name Liaising and networking",0.59,Partial Match,Moderate Match
PAIR-00304,Digital Marketing & Content Strategy Lead,DIGITAL-MEDIA,"Seeking a Digital Marketing Lead to oversee omnichannel growth campaigns, SEO/SEM performance, brand content creation, and analytics tracking. Responsibilities: managing Google Ads / Meta ad spend, conversion rate optimization (CRO), social media strategy, and ROI performance reporting. Requirements: Google Analytics, SEO tools, paid advertising, and copywriting.",20765795,"PATIENT ADVOCATE Summary Compassionate and professional Crisis Specialist who believes excellent people skills and open communication are essential functions of successful client advocacy. Highlights Exceptional organizational skills Mediation State government background Proficient in NIMS and ICS Creative problem solver Empathetic Emergency response training Natural leader Excellent interpersonal skills Accomplishments Effectively manage caseloads of more than 50 clients at any given time with Cardon Outreach. Promoted to Case Assistant after 4 months of employment with Chippewa River Industries Received Letter of Recognition and Letter of Accomplishment from the MN DOC Warden for correctional excellence Experience Patient Advocate November 2015 to Current Company Name City , State Created and maintained all patient accounts in Mpower and updated the hospital on any progression in obtaining Medicaid coverage. Educated patients about the different types of Medicaid Advocated for the patients on their behalf when working with the county to get Medicaid coverage. Managed a caseload up to 50-60 patients. Maintained patient privacy and confidential patient information. Case Assistant/Job and Life Skills Coach July 2013 to November 2015 Company Name City , State Reported and documented relevant information as it pertained to the clients behaviors and their well being to the Job Developer and DVR. Conducted comprehensive initial in-home and in-office vocational assessments prior to first wraparound meetings. Documented all clients' information including service plans, vocational reports and progress notes. Conducted outreach, advocacy and rehabilitative services for vocational cases and crisis intervention if needed. Taught clients anger management techniques, relaxation skills, impulse control, social skills, emotional coping skills and functional living skills for successful community employment and life skills. Created, ""Job Coaching 101"" and presented to new and existing job coaches Office Administration Specialist Senior January 2012 to February 2013 Company Name City , State Promoted to Office Administrator in 2012 in the OPH prison education department Supervised offenders within the education department and kept track of their discipline/payroll Proficient in the MARCS and Crystal Reports databases Drafted memos and letterheads for the Education Director using Microsoft Office Administered TABE testing for offenders obtaining their GED/HSED Coordinated t",0.24,Hard Negative,Low Match
PAIR-00218,Senior UI/UX & Product Designer,DESIGNER,"We are hiring a Senior UI/UX Designer to craft intuitive user experiences, responsive layouts, and interactive design systems for web and mobile platforms. Responsibilities: user journey mapping, high-fidelity wireframing in Figma, design system maintenance, usability testing, and cross-functional handoff to frontend engineers. Requirements: Figma mastery, design thinking, prototyping, and typography.",94417768,"SENIOR PRODUCT DESIGNER Professional Summary As a proven, experienced product designer I am involved in every phase of product design cycles from initial concept to post-production. I cost reduce products and expand existing product lines by developing numerous patentable items. Call me if you desire a mature, dependable leader having solid, practical experience with an eye to the future and functional marketability. Skills AutoCAD proficient Solid Works 3d Solid Modeling Complex problem solving Technical problem-solving Works well in diverse team environment Team leadership Strong decision maker Injection molded plastic mass-manufacturing techniques Corel Draw Graphics proficient Technical Illustrations Product Usage Line Art Company Logos Catalogue and Brochure Layout and Design Microsoft Office proficient Creative concept development Website Development Silk-screen Printing Work History Senior Product Designer April 1984 to Current Company Name - City , State Conceived, developed and specified product components for new product development. Worked with product planners and industrial designers to conceptualize and refine product concepts. Developed and tested models of alternate designs and processing methods to assess cost and manufacturing feasibility. Created solid model component and assembly files for virtual representation of designs. Ordered rapid prototypes and supervised testing and ongoing development and performance of design. Supported product designs through test analysis and simulation. Coordinated project tooling release of injection molded components. Evaluated pre-production mold shot samples and refined for improved assembly and performance. Coordinated any special secondary operations, fixturing or manufacturing sensitive mandates. Developed internal processes and plans for mechanical verification, product development and factory processes. Recommended design modifications to eliminate machine and system malfunctions. Created detailed engineering drawings, technical drawings, schematics and computer-generated reports for new product development. Attended new product pre-production pilot runs. Created drawings for patent submittal. Reviewed patent applications for technical accuracy. Created exploded view product drawings of owner manuals and compliance publications. Drawing and design checking, including tolerance studies and moldability. Promoted and implemented process improvements company-wide. Interviewed and trained new engineeri",0.93,Positive Match,Strong Match
PAIR-00287,Digital Marketing & Content Strategy Lead,DIGITAL-MEDIA,"Seeking a Digital Marketing Lead to oversee omnichannel growth campaigns, SEO/SEM performance, brand content creation, and analytics tracking. Responsibilities: managing Google Ads / Meta ad spend, conversion rate optimization (CRO), social media strategy, and ROI performance reporting. Requirements: Google Analytics, SEO tools, paid advertising, and copywriting.",11005406,"SPRINT ISP MANAGEMENT TO THE VENDOR Qualifications Windows 95-XP-Windows 7/8.8,1/10 Windows NT/2000/2003/2008/2012 Red Hat (limited) Ubuntu (limited) VIRTUALIZATION TECHNOLOGY: ESX/ESXi 3.5-5.5 MS Hyperv 2005-2008 SECURITY SYSTEMS/LOAD BALANCERS: Brocade SSL Load Balancer F5 BigIP AFT/LTM Load Balancer SSL Cert Management - 230 Sites Watchguard Work Experience Sprint ISP Management to the vendor May 2014 to Current Company Name Performed System Administration for clients in KCMO/KS - worked on project to move critical Servers to Data Center without interruption. Worked with team to resolve issues and moved over a weekend. Started training and project on Azure and AWS project to move production servers and services to cloud services. Worked on cost analysis to procure a complete change over from physical to cloud environment. Moved complete office infrastructure to new office. Designed network infrastructure. Worked with major ISPs (ATT/TWC) to provide internet and managed services. Setup wireless infrastructure. Put in PBX Grandstream system and worked with providers to move from Analog to Fiber with DID's for PBX installation. Restructured backup process to include Dell Appassure - configured to backup 22 VM Windows server, including 2 SQL and 2 Microsoft Exchange Servers Completed P2V project using ESXi 5.5 with Essentials licensing. Converted 22 servers Configured Orion Solar Winds to monitor and report on all network devices utilizing several monitoring processes. Worked with vendor to cut over all remote locations from ATT/Sprint ISP Management to the vendor. This took the work load off of IT and allowed an outsourced company to monitor and manage 21 remote offices. Technologies: SonicWall/Cisco ASA Firewall, Windows Server 03-12/Pertino Networks ESXi 4.1-5.5, Exchange 2007/2013, IIS Servers, Dell Switches, Dell Servers, AppAssure, Azure/AWS Implemented Pertino, EMC VNX 5300, VNXe 3200 Systems Engineer January 2013 to May 2014 Company Name City , State Moved to contract role after company sold Relocated company production network from MainMark DataCenter to Layered Tech ATC. Built new infrastructure - Cisco UCS B200 5 Blade Server/VMWARE ESXi 5.1 Enterprise, EMC VNX 5300 SAN/Fibre Channel technology-10gb/Fabric Connectors/Cisco 4500 Switches Moved all SSL Certs from outdated Brokade Load Balancers to F5 BigIP LTM Configured Orion Solar Winds to monitor and report on all network devices utilizing several monitoring processes. Redesigned new ESXi 5.1 in",0.86,Positive Match,Good Match
PAIR-00338,Clinical Healthcare Specialist & Administrator,HEALTHCARE,"Looking for a Healthcare Specialist to manage patient intake protocols, electronic health record (EHR) compliance, clinical assessments, and patient care workflows. Responsibilities include clinical documentation, HIPAA compliance, multidisciplinary coordination, and care planning. Requirements: Healthcare certification or nursing degree, EHR software, and clinical standards.",80503242,"MANAGER, DIGITAL MARKETING AND COMMUNICATIONS Objective Obtain the Health Analytic Consultant position at UnitedHealthcare to further my professional career by continuing to utilize and expand my analytic, organizational, and interpersonal skills. Skills More than 19 years experience in healthcare, business development, marketing and planning analysis. Develop and manage website for Advocate Physician Partners regarding their Managed Care and Clinical Integration for Population Health Management programs. Mined data to provide qualitative and quantitative analysis to key stakeholders, including executive team, regarding business initiatives. Implement innovative solutions to manage and improve patient health. Strategies include: incorporating wearable apps in patient portal, telehealth appointments, and online scheduling for immediate care. Extensive knowledge, skills and experience with technical databases and software, such as Content Management Systems (HTML code), Google Analytics, Google Adwords, and Microsoft Office: Excel, Outlook, PowerPoint, SharePoint, and Word. Professional Experience Manager, Digital Marketing and Communications Aug 2014 to Current Company Name Project manager of Advocate's new physician profiles. 51% increase in new patient appointments producing downstream revenue of 32M (based on $1,250/patient). 1.3M physician profile views and 46% increase in total calls YoY. Launched site in 3 months. Implemented a benchmark assessment that reviewed and evaluated integrated healthcare systems nationwide. Presented executive summary that outlined results and recommendations on improvements. Develop data-driven strategies that transform consumer intent into action and drive conversions. Project manager of AMGdoctors.com. 23% increase in visits (YoY) and 8% increase pageviews. 41% of traffic comes from mobile devices due to responsive design, social media and ad campaigns. 6,648 web appointments were scheduled through AMG doctors.com in 2015, producing 8.3 million dollars in downstream revenue (based $1,250/patient). Manager of Advocatedocs.com, Advocate's first digital physician platform providing the latest alerts, policies, and physician referral database. Exponential monthly growth (26%MoM). Collaborated with managed care team to develop online communications. Monitor expenditures to ensure implementation of projects are cost effective. Senior Web Specialist Jun 2007 to Aug 2014 Company Name Implement and manage continuous improvements b",0.31,Hard Negative,Low Match
PAIR-00333,Clinical Healthcare Specialist & Administrator,HEALTHCARE,"Looking for a Healthcare Specialist to manage patient intake protocols, electronic health record (EHR) compliance, clinical assessments, and patient care workflows. Responsibilities include clinical documentation, HIPAA compliance, multidisciplinary coordination, and care planning. Requirements: Healthcare certification or nursing degree, EHR software, and clinical standards.",93988900,"HEALTHCARE CONSULTANT Executive Profile Proven leader with solid performance seeking new challenges to bring a comprehensive set of skills to your company. Former military leader, certified instructor, designated a Subject Matter Expert in 2 fields of medicine, experienced public speaker. Skill Highlights Skills Used Microsoft Office, Smarttech SMART Board, Public Speaking, Public Relations, Marketing, Sales Instructor/Writer - Combat Medic Advanced Individual Training 1st Detachment, 108th Training Command - Augusta, GA - November 2014 to October 2015 Train, lead, and mentor upcoming healthcare specialists. Be the example of ""what right looks like"" for new healthcare practitioners to follow. Read, revise/edit, publish and teach course material for a healthcare program that graduates over 30,000 individuals annually. Project management regarding training program tasks. Supervise the logistics of monthly synchronization meetings from catering and event planning to security and logistics for monthly gatherings of key leaders in public venues. Teach NREMT curriculum to students attempting EMT certification. Evaluate NREMT practical skills for EMT certifications. Teach CPR/BLS. Teach TCCC core curriculum and advanced skills. Teach additional skills such as mass casualty management, patient administration, disaster management, critical thinking, leadership development, convoy operations, logistics, supply chain management, and other necessary skills to be a Healthcare Specialist in the US Army. Instructor/Writer - Infantry Battlefield First Aid Alpha Company, 2nd Infantry Battallion, 29th Infantry Regiment - Fort Benning, GA - November 2012 to November 2014 Responsibilities Teach TCCC core curriculum and First Aid to classes of up to 220 Infantryman. Teach additional skills such as mass casualty management, critical thinking, leadership development, medical evacuation logistics, and other necessary skills to save lives. Supervise records management of instructor credentials, supply orders, equipment maintenance, and building/site maintenance. Emergency Care Sergeant, Squad Leader Echo Company, 2nd Infantry Battallion, 29th Infantry Regiment - Fort Benning, GA - April 2011 to November 2012 Hospital, Pre-Hospital, Long-term Geriatric Population, VA Home/Clinic, Acute Care, Phlebotomy/Lab, Immunization Clinic, Medical/Surgical Ward, PACU, ICU, Pediatric Emergency Department, Telemetry, Behavioral Health Ward* Supervised 2 noncommisioned officers and 10 soldiers. A",0.97,Positive Match,Strong Match
PAIR-00117,Senior Enterprise Sales Representative,SALES,"We are hiring a Senior Enterprise Sales Representative to manage full sales cycles, conduct product demonstrations, and exceed quarterly quotas. Responsibilities include prospect qualification, objection handling, commercial contract closing, and pipeline tracking in Salesforce. Requirements: Proven enterprise quota attainment, CRM mastery, presentation skills, and strong customer relationship building.",10898339,"SALES ASSOCIATE Summary Dependable, hard-worker with over seven years of experience in maintenance work. Skills Dependable independent worker Customer service skills Good at following instructions Customer service experience Solid communication skills Strong work ethic Experience Sales Associate August 2013 to December 2013 Company Name City , State Responsibilities: Make the customer happy Great customer services Perform assigned/unassigned tasks Face-front/Organize shelves and bays Skills Used: Good oral/communication skills Able to lift heavy objects ALWAYS put the customer first Lawn Care Technician May 2013 to September 2013 Company Name City , State Responsibilities: Lawn Mowing- Edging, Weed whipping, Blowing grass and debris off pavement and structures, and 20 in. lawn mower was primarily my responsibilities. Learned how to use the 36, 42 in. mowers and rider. Gardening/Landscaping- Maintain gardens by cultivating and weeding, and mulching. Snow Plowing-Snow blow/shovel driveways and sidewalks. Salt afterwards. Preform tasks quickly with minimal mistakes Skills Used: Learned how to use plenty of mowing/landscaping equipment (36,42 inch blades, rider etc.) Handyman January 2009 to July 2016 Company Name City , State Handyman Services including- Window/gutter cleaning Power washing/staining decks Power washing houses Painting Repairing (from little tasks like screens and windows to larger tasks like a basement.) Snow Plowing. Education High School Diploma : 2011 Avondale High School City , State Liberal Arts , 2013 Clackamas Community College City , State Liberal Arts Liberal Arts , 2016 Oakland Community College City , State Personal Information Hard worker and fast learner. Always able to compete a task on time and with satisfaction. Skills Jack of all trades. Can perform all typesof handiwork and any task necessary.",0.97,Positive Match,Strong Match
PAIR-00144,Corporate Financial Analyst & Portfolio Specialist,FINANCE,"Seeking a Financial Analyst to perform financial modeling, variance forecasting, corporate valuation, and investment analysis. Key responsibilities: preparing quarterly financial statements, conducting discounted cash flow (DCF) modeling, budget reconciliations, and executive risk briefings. Requirements: Advanced Excel, financial modeling, GAAP compliance, SQL, and analytical problem solving.",38225199,"FINANCE OPERATIONS/ SUPERVISOR MANAGER Professional Summary Looking for a position as Manager in a company that provides an open environment with many opportunities for continuous growth.I am highly motivated achiever who is recognized for combining program excellence, integrity, and innovation with best practices and disciplined attention to achieving immediate and long-term goals and objectives Core Qualifications Microsoft Office 2010 Window XP (Word, Power Point, Excel, Access), Vista, People Soft, Ensemble, Vantive/Newt, Agent Works, Web Client, TotalView/IEX, Internet Explorer, 1SourceCenter Connect,ICare , Call Support Tools. Amdocs, Exony &Cisco systems ,10-key by touch: Strong leadership skills Exceptional at resolving complex problems Excellent communication skills both verbal and written Good at presentations and conducting trainings for employees Energetic, creative, and great ability to motivate others Great interpersonal skills and the ability to resolve customer complaints and internal conflicts Time-management and multi-tasking skills Experience Company Name City , State Finance Operations/ Supervisor Manager 09/1999 to 02/2012 Company Name City , State Customer Relations Manager 03/2012 to Current Supervise and manage the daily operations of employees. Successfully led key projects which resulted in employee of the month.Monitor employee performance to ensure goals and objectives are met and/or exceed and that quality control techniques are utilized by each employee. Responsible for customer satisfaction and the implementation performance and service standards related to Sprint Nextel Direct Service. Prepare daily reports of key milestones as management tool to ensure that performance levels for each employee are properly documented for use during the mid-year and annual evaluations. Ensure new hires are familiar with the day to day administrative operations of the organization and have all the necessary tools to perform daily tasks efficiently and effectively. Field questions when necessary. Counsel employees on defining career and work related goals and objectives. Advise employees when necessary of opportunities and/or training that would enhance career opportunities at the company. Knowledge of principles and processes for providing good customer and personal service. Developed yearly and monthly team building actives for employees and upper management. Responsible for tracking customer claim information in system database and negotiat",0.96,Positive Match,Strong Match
PAIR-00056,Senior Systems / DevOps Engineer,ENGINEERING,"Looking for a Senior Systems & DevOps Engineer to automate build infrastructure, manage Linux server fleets, and ensure high availability across multi-region environments. Responsibilities include writing Terraform infrastructure as code, configuring CI/CD pipelines, monitoring system metrics with Prometheus and Grafana, and diagnosing system bottlenecks. Requirements: Linux administration, Docker, Kubernetes, Terraform, Bash/Python scripting, and networking fundamentals.",28923650,"THERMAL ENGINEERING INTERN Summary Graduating Ph.D. candidate with a research focus on developing large-scale computational models using statistics and machine learning approach. Interested in a career as a computational scientist or quantitative software developer. Accomplishments FEM Analysis of 1-D Aluminum Bar with Sinusoidal Body Force Conducted meshing and force analysis on MATLAB. Correlated the results with ABAQUS. FEM Heat Transfer Analysis of 2-D Plate with Hole with Thermal Load and Boundary Conditions Conducted meshing and force analysis on MATLAB. Correlated the results with ABAQUS Finite Element Analysis of 2D beam with Central Hole Conducted meshing and force analysis on MATLAB. Correlated the results with ABAQUS On the Anthropomorphic Control of Redundant Robot Arms Focused on the design and control of robotic devices that will help and collaborate with humans in every-day life. Defined anthropomorphism in robot motion and controlling a robot in an anthropomorphic way. Design and Development of a Two-Wheeled Autonomous Parallel Parking Robot Designed a two-wheeled robot that is coded to run autonomously with the ability to parallel park using Solidworks. The IR sensor and MCU were used to simulate the ""eyes"" and the ""brain"" of the driver. Tested in a simple built course to simulate a scenario in which there is an open space for the robot to park inside. Reusable Delta II Launch Vehicle Conducted design feasibility and alternatives analysis of a completely reusable Delta-II rocket. Analyzed a variety of different re-entry technologies and engines to accomplish this task. The business sense of the final designs was analyzed along with the near-term feasibility. Senior Design Project: High Speed Human Powered Vehicle Designed a high performance human powered vehicle using Solidworks. Provided the framework technology to help increase the effectiveness of the common bicycle to the point of being more competitive with other forms of ground transportation. Metalworking Practice Learned the operation of various types of manufacturing machines, including computer numerical control CNC) lathe, milling machine, drilling machine, grinding machine. Programmed the CNC machine using G code to machine and fabricate some mechanical parts. Experienced welding, casting, forging, heat treatment, and automotive engine disassembly Electrical Engineering Practice Learned soldering electronic components on circuit boards. Made a radio and a speaker PUBLICATIONS 1",0.85,Positive Match,Good Match
PAIR-00018,Senior Software / IT Systems Engineer,INFORMATION-TECHNOLOGY,"We are seeking a Senior Software & IT Systems Engineer to design, deploy, and scale high-performance software applications and cloud infrastructure. Responsibilities include building RESTful APIs, optimizing relational and NoSQL databases, containerizing microservices with Docker and Kubernetes, and troubleshooting distributed networks. Required skills: Python, Java, JavaScript/TypeScript, SQL, Linux, Cloud (AWS or Azure), Git, and CI/CD automation.",10641230,"IT MANAGEMENT Career Overview Detail-oriented professional with extensive Information Technology experience in hardware and software troubleshooting/management. With additional experience in networking, task automation, server technologies, digital graphic design, client + server side programming technologies and popular industry software packages including Microsoft Office and Adobe Creative Suite. Qualifications Education and certificates Troubleshooting q CompTIA A+ certified (2012) q Advanced troubleshooting q CompTIA Net+ certification class q Virus and spyware removal q MCSA certification class q Computer diagnostics and repair q Web Development I + II class q Gaming console repair and q Digital media manipulation class modification q Java programming class q Mobile device repair q Hardware support and Programming and Web troubleshooting q HTML - HTML5 q Optimizing and performance tuning q XML q Audio and video technologies q CSS - CSS3 q Medical technology installation and q JavaScript troubleshooting q Command Line q Java Management q ActionScript q Hardware and software upgrade q PHP planning q Database servers q Documentation q Android mobile application q Organization development q Multi-project priority management q Content Management Systems (CMS) Operating Systems q Website enhancement q Windows 95 - 8 q Storyboarding q Windows Server 2003 - 8 q Search Engine Optimization (SEO) q Windows Phone 7.0 - 8.0 q Social Media and marketing q Multiple Linux Distributions q Ubuntu 10.04 LTS - 12.10 Networking q Android 1.0 - 4.0.4 q Cloud computing q Mac OS X v10.0 - v10.8 q Server management q IOS 1.0 - 6.1 q Active directory q Remote connection technologies Programs q Proficiency in numerous protocols q Microsoft Office 2010 including TCP/IP q Small business management q Information security software (client and server) q Wireless technologies q Adobe Creative Suite 5 q Telephony technologies q Wiring and Network engineering Graphics and Media q Photo enhancing Electronics q Brochure and newsletter formatting q Electronic circuits and components q Audio and video editing q Circuit diagrams and Prototyping q Logo and business card q Logic, electronic and computational algorithms q Electromagnetisms and waves q Quantum particle mechanics q As well as many miscellaneous IT q Energy and electrical alternatives skills. (Solar) Accomplishments Rebuilt a client's website from the ground up and increased monthly hits from 3422 to 40884 in a matter of a few m",0.96,Positive Match,Strong Match
PAIR-00161,Corporate Financial Analyst & Portfolio Specialist,FINANCE,"Seeking a Financial Analyst to perform financial modeling, variance forecasting, corporate valuation, and investment analysis. Key responsibilities: preparing quarterly financial statements, conducting discounted cash flow (DCF) modeling, budget reconciliations, and executive risk briefings. Requirements: Advanced Excel, financial modeling, GAAP compliance, SQL, and analytical problem solving.",31948488,"FINANCE MANAGER Summary Highly organized and detail-focused Accounting Technician with an exceptional track record of accurately handling financial reporting in deadline-oriented environments. Skilled in recording transactions, posting debits and credits, reconciling accounts, and ensuring accuracy and completeness of data. Expertise in developing and delivering monthly, quarterly, and annual financial statements within tight deadlines. Proficiency in managing accounts payable and accounts receivable, generating invoices and monthly statements for clients. Proven ability to identify and implement improvements to streamline processes and increase efficiency and productivity. Highlights Microsoft Word, Microsoft Excel, Financial Edge and QuickBooks and able to learn proprietary systems/applications quickly and easily. Skill Proficiencies Quarterly Reports Accounts Payable/Receivable *Budget Preparation Process Improvement *Financial Statements Reconciliation Experience Finance Manager November 2009 to October 2015 Company Name - City , State Prepare schedules and consolidate information for annual budget planning. Prepare financial statements with budget and actual comparisons using Financial Edge. Compiles and prepares ongoing cash flow forecasting and needs analysis. Prepare items and schedules for annual compliance and financial audits. Prepares account and bank reconciliations. Obtain bids and proposals as applicable for capital equipment, fixed assets, and services. Maintain fixed assets files. Manage credit card assignment and limits. Prepare and manage job descriptions, orientation and departure paper. Process background checks for staff and board members. Maintain personnel files for all employees. Act as liaison with payroll service to process bi-weekly payroll and maintain paid time off records. Accounting Technician October 2006 to July 2009 Company Name - City Performed double-entry accrual accounting work in order to maintain a combination of journals and ledgers. Examined, verified, and analyzed a variety of documents including purchase orders, vouchers, payrolls, and property records. Determined the mathematical correctness, validity, and clerical accuracy of the documents. Resolved disagreements by contacting vendor, prepared documents with supporting backup, coded documents, and posted to appropriate ledger or journal. Maintained records to track expenditures for over 30 building projects to ensure budget is not exceeded. Verified accuracy o",0.92,Positive Match,Strong Match
PAIR-00063,Senior Systems / DevOps Engineer,ENGINEERING,"Looking for a Senior Systems & DevOps Engineer to automate build infrastructure, manage Linux server fleets, and ensure high availability across multi-region environments. Responsibilities include writing Terraform infrastructure as code, configuring CI/CD pipelines, monitoring system metrics with Prometheus and Grafana, and diagnosing system bottlenecks. Requirements: Linux administration, Docker, Kubernetes, Terraform, Bash/Python scripting, and networking fundamentals.",21622444,"SUSHI CHEF Core Strengths Highly responsible and reliable Extensive hospitality background Exceptional interpersonal skills Works well under pressure Food safety understanding Master of sales techniques Mathematical aptitude Upbeat, outgoing and positive Accomplishments ServSafe Certified Food Preparation Maintained daily cleanliness of broiler and fryers. Answered telephone calls and responded to inquiries. Assigned patrons to tables suitable for their needs and according to rotation Checked temperatures of freezers, refrigerators, and heating equipment to ensure proper functioning. Cleaned and organized eating, service and kitchen areas. Seasoned and cooked food according to recipes or personal judgment and experience. Experience Company Name City , State Sushi Chef 10/2014 to Current Working at Wasabi's Downtown entailed the same tasks a sushi chef as Sushi Time, only I am now second chef instead of head chef. I feel like I am again coming to the point where I would like a new opportunity to start from the bottom as I have done in the past at Sushi Time and The 5 Spot. Company Name City , State Dishwasher/ Line Cook 04/2014 to 10/2014 Working at The 5 Spot was a really awesome experience for me. It provided some of the more conventional style kitchen and line cook experience that I had not so much been exposed to at Sushi Time. I also started off at the dishwashing position here. Although I was only there for a short period of time, the exposure to this type of kitchen environment was something that I had been missing in my culinary experience. It also posed a challenge for me since I have been mostly making sushi for the better part of the last few years. The 5 Spot was a highly fast-paced neighborhood kitchen. So, you had to be quick all around and good knife skills are a must. I really enjoyed the challenge of once again having to start all over from the bottom and work my way back up. I ended up leaving The 5 Spot due to constant management changes and an offer to work for my old boss again. Company Name City , State Host, Server, Dishwasher, Cook 03/2008 to 03/2014 Sushi Time Towa is the first restaurant i have worked for. I have been employed by Sushi Time for six years where I started at the very bottom and worked my way to the top. I have worked as a host and as a server which consisted of me greeting customers, helping them to their seats, grabbing their drinks and orders and doing my best to give them the utmost service and keep a smile on the",0.23,Hard Negative,Low Match
PAIR-00328,Clinical Healthcare Specialist & Administrator,HEALTHCARE,"Looking for a Healthcare Specialist to manage patient intake protocols, electronic health record (EHR) compliance, clinical assessments, and patient care workflows. Responsibilities include clinical documentation, HIPAA compliance, multidisciplinary coordination, and care planning. Requirements: Healthcare certification or nursing degree, EHR software, and clinical standards.",17960690,"PROFESSIONAL HEALTHCARE REPRESENTATIVE Summary Dynamic sales professional delivering documented success in driving product growth through strong sales skills and patient focus. Detail oriented, while utilizing communication skills that have a direct and personable approach. Proficient in handling new product launches from inception to completion in both independent and collaborative work environments. Background encompasses almost 15 years of experience in pharmaceutical sales selling to an array of specialties including general practitioners, internal medicine, family practice, endocrinologist, rheumatologist, neurologist, obstetrician/gynecologist, geriatric medicine, orthopedics, pulmonologist, gastroenterology, urology and cardiology. Further call points made to hospital accounts local to territory. Additional professional experience includes nursing experience ranging from surgical assistance to care in the neonatal intensive care unit. Accomplishments 2017 - People in Culture Lead for Atlanta East 2017 - Awarded ""Championship Culture Award"" (Peer Selection) 2016 - People in Culture Lead for Atlanta East 2015 Capital S card winner 2014 Capital S card winner 2011 Summit Winner - Ranking 3/55 (141.63% Attainment) 2011 Contest Winner - Q1 Kick it in Gear Contest (%NRx Volume Growth) 2011 - Finished 2nd in Q2 IEM MS-AL Surge Contest (Lyrica TRx Growth) 2011 Contest Winner - 2nd Semester Team Contest (Celebrex TRx Growth) 2011 - First in Region to hit 5% Market Share for Pristiq 2009 Contest Winner - 3rd Qtr Regional Market Share Contest 2008 - Selected Representative for State Medical Meeting 2008 - Finished in Top 25% 2007 - Contest Winner - 1st Semester First in Class Travel Card 2007 - Contest Winner - Retention Bonus for Territory / District 2007 - Finished 2nd Highest Exubera Sales out of 200 Searle Representatives 2007 - Contest Winner - Regional Summer Contest (Market Share Growth for Lyrica and Celebrex) 2007 - Finished 9/200 in Central Area 2006 - Finished in Top 15% in Central Area 2006 - Ranked #1 in Central Area - Celebrex Attainment (117.78%) 2004 - Vice President's Cabinet Winner (Top 10%) 2004 - Contest Winner - Passport to Paradise Contest 2004 - Rookie of the Year Runner Up Skills Developed ""The History of Celebrex"" - timeline of events for Celebrex and why it is important to sales process (Contents of binder included every clinical study categorized into GI, CV, efficacy, etc) Mentored numerous new team members Executed Teach the Teacher",0.93,Positive Match,Strong Match
PAIR-00252,Senior Talent Acquisition & People Operations Manager,HR,"Seeking a Human Resources Manager to lead end-to-end recruitment, employee onboarding, compensation benchmarking, and organizational culture initiatives. Responsibilities include sourcing candidate pipelines, managing ATS workflows, facilitating performance reviews, and ensuring labor law compliance. Requirements: Full-lifecycle recruiting, ATS proficiency, employee relations, and HR strategy.",28640735,"DIRECTOR OF HR Executive Profile Ambitious Human Resources Generalist who creates strategic alliances with organization leaders to effectively align with and support key business initiatives. Builds and retains high performance teams by hiring, developing and motivating skilled professionals. Skill Highlights Customer-oriented Professional Experience Director of HR January 2013 to Current Company Name City , State Directly report to the CEO and VP of a 65-year old real estate property management company. Accountable for the day-to-day operations functions of: HR, administration and technology with direct supervision of two staff members. As an active member of the leadership team, accomplishments include: Create employee handbook and designed comprehensive annual employee survey. Research, analyze and select annual company health benefits. Implemented and trained employees on new payroll system. Additionally, designed and established training program for maintenance employees. Conduct full-cycle recruitment and on-boarding program. Developed Wellness Program and established preventative health initiatives to reduce healthcare annual premiums. Create annual employee bonus program aligned with company goals and objectives. Day-to-day project management and overall responsibility of office construction build-out and office move. Selected general contractor, determined vendors, interacted with architects and negotiated contracts. Vice President and Director of Human Resources and Administration January 2006 to January 2013 Company Name City , State Reported directly to the Founder/CEO of this fast-growing, start-up Healthcare/IT Company established in 2000. As a proven strategic business partner, was instrumental in growing the company from 45 employees located in eight (8) states to 215 employees located in 32 states and Puerto Rico. As the sole HR practitioner until 2011, responsible for all areas of human resources and administration progressing rapidly through a series of promotions from HR/Office Manager in 2006, to Director of HR/Administration in 2008, to VP/HR & Administration in 2010. As an active member of the senior leadership team, designed, developed and implemented company-wide initiatives. Accomplishments included: Demonstrated talent acquisition and management. Quickly built rapport, gained the trust and respect of management while successfully coaching and mentoring all employees on a wide variety of employee relations issues. Over 45% of empl",0.97,Positive Match,Strong Match
PAIR-00105,Senior Enterprise Sales Representative,SALES,"We are hiring a Senior Enterprise Sales Representative to manage full sales cycles, conduct product demonstrations, and exceed quarterly quotas. Responsibilities include prospect qualification, objection handling, commercial contract closing, and pipeline tracking in Salesforce. Requirements: Proven enterprise quota attainment, CRM mastery, presentation skills, and strong customer relationship building.",20141807,"SALES ASSOCIATE Summary I have been with IBC for nearly a year, and I am looking forward to continuing my carreer as the Sales Lead for the Moore Branch. I am determined to help my branch continue to grow, and I am excited to continue to develop our Tellers and Sales Associates into outstanding, motivaded, and productive IBC employees. I tried my very best to make sure our customers were satisfied and had a great experience at our dealership. *Maintained a positive attitude throughout the day, despite any difficult situations that may have presented themselves. Experience 10/2015 to Current Sales Associate Company Name City , State I am responsible for opening all types of accounts, personal and business, and collecting all the required documentation for those accounts. I am also responsible for ensuring that all proper documents are signed, scanned, and saved to the appropriate systems. I perform routine maintenance on all accounts. I Prepare Consumer and Small Business Loan applications, complete with all supporting documents, and send them to the appropriate Loan Liason. I prepare Legal Document Review Forms, along with any/all supporting documents, (Death Certificates, Marriage Licenses, Trust Documents, Wills, etc.) and send them to our legal department for review. After I hear back, I revise/close the account needing legal review. I often need to determine if an account may need a fraud hold placed on it, and submit the proper paperwork. I make, answer, and return phone calls, and help customers with whatever they may need. Issue and deactivate Debit Cards on a daily basis, based on a customer's needs. I am responsible for our Vault procedures here at our branch. I help balance, sell, buy, ship money in/out. Accommplishments:. I have reached at least Bronze performance every month, often reaching Silver and Gold. I am responsible for the day to day activity that happens inside the branch. I received recognition for being a top performer during the second quarter of 2015. I have helped Moore Branch perform at Bronze, being the only sales associate in the branch, and without even having a manager. I am able to navigate Precision, Horizon, Outlook, IMS, DX Enterprise, Elan, and any other website or system we use here at IBC. 06/2014 to 12/2014 Assistand/Warranty Administrator Company Name City , State Conduct all payment transactions for the Service Department. Submit warranty claims. Send out invoices and bills to third party repair shops. Receive paym",0.85,Positive Match,Good Match
PAIR-00250,Senior Talent Acquisition & People Operations Manager,HR,"Seeking a Human Resources Manager to lead end-to-end recruitment, employee onboarding, compensation benchmarking, and organizational culture initiatives. Responsibilities include sourcing candidate pipelines, managing ATS workflows, facilitating performance reviews, and ensuring labor law compliance. Requirements: Full-lifecycle recruiting, ATS proficiency, employee relations, and HR strategy.",28175164,"REGIONAL HR BUSINESS PARTNER Human Resources Professional Executive Profile Business-savvy, results-driven, and solutions-oriented HR executive, offering 16-year career in human resources distinguished by commendable performance in developing, spearheading, and maximizing performance of both individuals and teams. Known for driving change and championing corporate values, vision, and mission. Articulate communicator, fully bilingual in English and Spanish, with proven ability to diffuse highly charged situations by quickly responding to human resources issues and providing executive-level support to both the management and staff. Demonstrated success in orchestrating initiatives that address today's business challenges to attain revenue goals, control expenses, satisfy customers, and attract/retain talent while achieving business and profitability objectives. Core Competencies Change Management Benefits Administration Succession Planning Organizational Development Leadership Development and Coaching Infrastructure Development Operations and Workflow Optimization Conflict Resolution Professional Experience 01/2012 to Current Regional HR Business Partner Company Name - City , State 110-year old manufacturing company with an iconic brand. Report to one of the 4 Regional Vice Presidents of the company. Work with regional business leaders in providing innovative HR solutions to make business strategies actionable. Provide progressive HR guidelines, while ensuring that all HR programs are in accordance with the business needs, local labor laws and culture. Partnered with the Performance and Growth, Total Rewards and Harley-Davidson University Centers of Excellence (COE), as well as with the executive management, in executing agreed strategic plan in support of organizational programs. Effectively engage HR Generalists in the LA Region to establish HR strategies designed to optimize human resources within their business areas. Analyzed the business' talent needs and participate in establishing work unit plans and performance measures within the region. Administered annual regional HR budget of over $160K and organized annual leadership conference for the entire region. Successfully led and implemented company HR processes within all regional offices such as performance management system, Global Tuition Program, Gallup Engagement Surveys, Leadership Trainings, and Employee Purchase Plans resulting in 2nd highest company engagement scores in 2012 and 2013. Achieved",0.9,Positive Match,Strong Match
PAIR-00285,Digital Marketing & Content Strategy Lead,DIGITAL-MEDIA,"Seeking a Digital Marketing Lead to oversee omnichannel growth campaigns, SEO/SEM performance, brand content creation, and analytics tracking. Responsibilities: managing Google Ads / Meta ad spend, conversion rate optimization (CRO), social media strategy, and ROI performance reporting. Requirements: Google Analytics, SEO tools, paid advertising, and copywriting.",18525641,"DIRECTOR, MEDIA STRATEGY Summary Seasoned media and marketing professional with 9 years of experience working on a blue chip client (MillerCoors) in an extremely competitive category. Possessing a strong bias for action and thriving as part of a team atmosphere I have developed a reputation for being results oriented and excellent execution. I am a collaborative leader that has managed and influenced cross-functional partners and advertising agencies while becoming an expert in the multicultural millennial target. I've developed integrated media strategies through paid, owned and earned media including digital, TV, print, outdoor, radio and other unique channels. It is my goal to continue growth and expertise in media by leading teams/brands to measurable success. Core Strengths Integrated media planning and strategy Team leadership and development Total video strategy Digital strategy Multi-platform content solutions Competitive research and analysis Client leadership Cross-agency collaboration Media stewardship Project execution Consumer insights and research Media mix development and ROI analysis Experience Director, Media Strategy 10/2015 to Current Company Name City , State - Oversaw development and execution of media plans rooted in strategic consumer insights, media fundamentals and modeling analytics designed to drive business growth for Miller Lite & Miller High Life - Continued progression of leadership skills beyond the MillerCoors team to across the entire agency sharing strategy best practices, award winning work and contributing on mutiple new business pitches - Developed in-depth analysis exploring optimal audience reach & frequency benchmarks leading purchase occasion - Revamped social media targeting strategy in an effort to drive better short-term sales and better overall digital ROI - Achieved greater understanding of the programmatic digital landscape and how best to approach for the MillerCoors portfolio Associate Director, Media Strategy 02/2013 to 09/2015 Company Name City , State - Led cross-platform media strategy and execution for the re-launch of Miller Lite's re-branding in 2014, highlighted by the Original Lite Can, resulting in 15% increase in units and the first quarter of growth in 7 years - Expanded marketing knowledge across consumer touch-points by serving on cross-agency leadership team for the largest brand launch in MillerCoors history, Miller Fortune - Strategic media lead behind Miller Lite's impactful cross-platform",0.93,Positive Match,Strong Match
PAIR-00308,Digital Marketing & Content Strategy Lead,DIGITAL-MEDIA,"Seeking a Digital Marketing Lead to oversee omnichannel growth campaigns, SEO/SEM performance, brand content creation, and analytics tracking. Responsibilities: managing Google Ads / Meta ad spend, conversion rate optimization (CRO), social media strategy, and ROI performance reporting. Requirements: Google Analytics, SEO tools, paid advertising, and copywriting.",20478831,"HOMEBOUND TEACHER Career Focus Utilize skills and talents in order to plan, direct, and manage the procurement of food products, equipment, and services that meet the requirements and standards of the Child Nutrition Program by planning appropriate menus, following the dietary guidelines, and maintaining a safe and sanitary environment. Highlights Extensive hospitality background Food ingredients expert Food safety understanding Highly responsible and reliable Works well under pressure Exceptional interpersonal skills Accomplishments Team Building and Leadership Created collaborative classroom experiences Served as student mentor and counselor for students when academic problems and personal adjustments by meeting with guardians to reach solutions. Motivated students to engage with course materials by organizing engaging class activities and relating subject matters to personal experiences. Experience 02/2015 to Current Homebound Teacher Company Name City , State Implement educational philosophy and goals of our district as related to TEKS education requirements. Follow mandatory guidelines in order to keep effective records as governed by the Homebound Program. Collaborate with campus teachers in order to ensure the success of the Homebound student Encourage and facilitate parent participation in the learning and educating of the Homebound student Utilize administrative skills to help effectively facilitate collaboration amongst the home campus teachers, parents, and homebound department Provide a sense of security and achievement for homebound students Coordinate smooth transition into homebound instruction and back into mainstream of regular classes 02/2009 to 02/2016 Teen Parent Teacher Company Name City , State Developed and maintained the Pregnant Related Services as designed by the school district Implemented strategies as designed by the district in accordance with the dropout prevention program for at- risk students Provided nutritional instruction and guidance to pregnant teens Assisted pregnant teens with meal planning and healthy eating Acted as a service coordinator to obtain assistance from community service organizations and government agencies to provide assistance to pregnant students. Handled confidential student information, case management to support coding in line with PIEMS accountability and documentation Orient parents and students of protocol and procedures with the Pregnant Related Services program 02/1996 to 02/2009 Classroom Tea",0.23,Hard Negative,Low Match
PAIR-00013,Senior Software / IT Systems Engineer,INFORMATION-TECHNOLOGY,"We are seeking a Senior Software & IT Systems Engineer to design, deploy, and scale high-performance software applications and cloud infrastructure. Responsibilities include building RESTful APIs, optimizing relational and NoSQL databases, containerizing microservices with Docker and Kubernetes, and troubleshooting distributed networks. Required skills: Python, Java, JavaScript/TypeScript, SQL, Linux, Cloud (AWS or Azure), Git, and CI/CD automation.",20408458,"INFORMATION TECHNOLOGY SUPPORT SPECIALISTNETWORK SPECIALIST PC TECHNICIAN IT CONSULTANT CUSTOMER Work Experience Company Name City , State Information Technology Support Specialist Network Specialist ~ PC Technician IT Consultant Customer Engineer 01/2011 to Current With more than 10 years' experience in the IT industry; I have provided technical leadership for the design, deployment and operation of IT hardware and software. I have built, implemented and sold numerous computers systems. I have been instrumental in the service environment of the systems using the latest processor technologies like INTEL and AMD processors also have helpdesk support experience, Systems Analyst and a strong leadership in the management of IT Systems and devices including, but not limited to DELL, HP, IBM, MICROSOFT Software packages, setting up and maintaining networks for small businesses, setting CMOS and BIOS, installing Software Applications to fill customer's needs, also active directory administration in Novel and Windows and strong experience in data migration using Robocopy. PROFESSIONALEXPERIENCE. Apollo / SunTrust EIS Data Migration Project (Non-Branch Analyze server space and data to determine the needed space on the ""Network Attached Storage"" (NAS). Run TBackups on all Novel servers using eDirectory/NDS Report Generator in order to determine the users on the different groups throughout the network. Use Carbon Copy to remote into a user's computer and move their .pst files from their home (H:) drive on the server to their local computer and reconfigure Outlook to use file from the new location. Use Robocopy scripts to copy user data from their H: drive to their new folder on the NAS. Use Remote Desktop Connection to connect to the clusters and Robocopy their files from the old servers to the new clusters in the NAS. Assist in the command center conference call to verify the branch teammate's access to the (H :) drives and (S :) drives from 8:00am to 12:00noon twice a week, Attend project meetings, Communicate and coordinate data migration and centralization activities with Non-Branch personnel, Work effort may be performed remotely using remote migration tools Perform pre-migration communication for migration of Email PST files, Perform pre-migration communication for user data migration, Initiate and manage scripts for h:\drive and shared drive migrations for 30 Novell and Windows servers, Manage Command Center Support for Day 1 and Day 2. Command Center expected",0.88,Positive Match,Strong Match
PAIR-00219,Senior UI/UX & Product Designer,DESIGNER,"We are hiring a Senior UI/UX Designer to craft intuitive user experiences, responsive layouts, and interactive design systems for web and mobile platforms. Responsibilities: user journey mapping, high-fidelity wireframing in Figma, design system maintenance, usability testing, and cross-functional handoff to frontend engineers. Requirements: Figma mastery, design thinking, prototyping, and typography.",42384185,"LEAD SENIOR GRAPHIC DESIGNER Summary Manage multiple projects, Cross-Channel Marketing, Messaging & Branding Consistency, Visual Communications, Brand Creation & Reinvention, Strategies, Efficiency, Planning, Improvements, Supervise, Development, Evaluation, Sets a high standard for all graphics designers, Implementing to adapt to and develop new techniques, High level of problem solving.Look Development: Using 3dsMax, Maya, Softimage, Vray and Mental ray.3d Lighting and Shaders: Intimate knowledge of Vray, Mental ray creating and using image based lighting, traditional lighting, and hybrids.3D Modeling: Detailed hard surface polygonal modeling in 3dsMax, Maya and Softimage (automotive, mechanical, product and architectural). Cleanup and model prep, optimization and modifications to existing models.General 3d: General scene setup, optimization and prep work in 3dsMax, Maya, Softimage. Vray and Mental ray. Camera previz work, lighting, shading, painting textures, UVW mapping, modeling, and rendering. Highlights Autodesk 3DS Max Autodesk Maya Vray and Mental ray Adobe Photoshop Adobe After Effects Adobe Illustrator Adobe Flash Adobe Lightroom Strong knowledge Joomla (Wordpress) CMS (HTML, Flash) and SEO to Google top 10 positionExperience on a MAC and Windows platform Adobe DreamweaverAdobe FlashArtiosCADZbrushKeynoteMicrosoft OfficePowerPointSolidWorks Accomplishments Designed and implemented a special art project for [Organization Name] . Formulated an inclusive design manual reference guide with more than [Number] design templates. Experience 07/2014 - Current Company Name City , State Lead Senior Graphic Designer Using 3dsMax, Maya, Softimage, Vray and Mental ray. 3d Lighting and Shaders: Intimate knowledge of Vray, Mental ray creating and using image based lighting, traditional lighting, and hybrids. 3D Modeling: Detailed hard surface polygonal modeling in 3dsMax, Maya and Softimage (automotive, mechanical, product and architectural). Cleanup and model prep, optimization and modifications to existing models. General 3d: General scene setup, optimization and prep work in 3dsMax, Maya, Softimage. Vray and Mental ray. Camera previz work, lighting, shading, painting textures, UVW mapping, modeling, and rendering. Identified resources needed and assigns individual responsibilities Reviews and enhanced deliverables prepared by team before passing to client Effectively applies our methodology and enforces project standards Analyzed and customized project profi",0.97,Positive Match,Strong Match
PAIR-00182,Senior Corporate Accountant & Auditor,ACCOUNTANT,"Looking for a Senior Accountant to oversee general ledger reconciliations, tax compliance, payroll auditing, and financial reporting. Responsibilities include month-end closing, balance sheet reconciliation, internal audit preparation, and regulatory filing. Qualifications: CPA or accounting degree, ERP experience (NetSuite, SAP), GAAP standards, and internal control compliance.",27558837,"STAFF ACCOUNTANT Experience August 2013 to Current Company Name - City , State Accounting Manger Report to CFO Manages 4 colleagues. The accounting department consists of 2 Accounting Clerks, 1 Financial Analyst, and 1 Volunteer. Lead person for all aspects of close, including preparing and entering 30 journal entries and preparation of 35 balance sheet reconciliations. Developed new and easier ways of doing journal entries for month end process, using Microsoft Excel. Have reduced journal entry keying by a day and half, allowing more time for analysis. Revamped old cost reporting and 990 templates, using Excel, to make the process easier for colleagues that would enter information into the system. Have cut down lead and processing time for each, making the entire submission time faster for system senior leadership. Selected as point person to help our system office install and run PeopleSoft Finance at St. Mary's Hospital. Directly responsible for training staff at hospital, and have assisted system in developing the financial statements that are used today. Assisted all hospital directors in the planning and execution of their departments AOP for the next fiscal year. Assisted in making a $5 million dollar turn around in total hospital EBIDA for fiscal year 2015. Responsible for maintaining and tracking $75 million in hospital fixed assets. Developed new FTE position control productivity report using complex queries and reports in Microsoft Access. June 2006 to August 2013 Company Name - City , State Staff Accountant/ IT Report to Finance Supervisor Assisted in financial month end close, by preparing over 20 journal entries and 25 Balance Sheet reconciliations. Developed various sales, TGP, and other contribution margin reports, using Microsoft Access and Excel. Led the division in creating projects that would strip out relevant information from a report and put into Excel, using Monarch data mining software. Developed over 30 models for the division to use. Developed Excel macros to help make entering journal entries easier at month end. Corporate office started using them for their month end close. Assisted in developing an automated reporting system that would distribute reports to sales force, and senior management every morning. Led IT department and helped maintain division IT infrastructure. Developed reports that track all IT assets and give a check list of what to do in case of a hard drive crash or any other maintenance activity. This report is",0.95,Positive Match,Strong Match
PAIR-00208,Senior UI/UX & Product Designer,DESIGNER,"We are hiring a Senior UI/UX Designer to craft intuitive user experiences, responsive layouts, and interactive design systems for web and mobile platforms. Responsibilities: user journey mapping, high-fidelity wireframing in Figma, design system maintenance, usability testing, and cross-functional handoff to frontend engineers. Requirements: Figma mastery, design thinking, prototyping, and typography.",44185767,"SOLUTION DESIGNER Career Overview Solutions-oriented Consultant possessing a unique combination of skills, including Pre-Sales, Business Analysis, Project Management and applications development experience in multiple top-tier ERP Systems. Qualifications Technical Project Management ITIL Intermediate Certifications Systems Implementation Large-scale systems Client Facing Pre-Sales Solution Selling Business Process I mprovement Accomplishments Proven track record building, managing and leading multi-disciplinary teams across various domains and skill levels Created a comprehensive business development strategy and change management program for a global ERP implementation Project Manager, with over 4000 hours of experience, on various Information Management and Communication projects Exceeded sales quota by 5% in assigned territories by providing Pre-Sales support to internal and external customers Led the successful full life-cycle of multiple ERP implementations as Lead Functional consultant Cultivated cross-functional communications through the creation of strategic relationships Work Experience Solution Designer 02/2014 to 02/2016 Company Name City , State Designed and delivered management value added consulting and strategic technology infrastructure solutions for the Air Transit Industry market space Technical Project Manager for the implementation of over 300 CUSS (Common Use Self Service) Kiosks and supporting IT infrastructure for a major discount airline at twenty-two airports valued at over $5M Technical Project Manager for the development of new technologies and platforms, such as PaaS and SaaS, to help solve technical challenges or limitations in clients' infrastructure Developed workload based staffing standards to determine proper manning levels for proposed solutions Created Professional Continuum for 500 employees assigned to the SITA Service Group (SGS) Managed multiple application development projects using Agile development methodology Developed strategic relationships with 3rd party providers Fixed bugs as they were encountered. Worked with product designers and product managers to design user interactions in applications. Installed and performed repairs to hardware, software and peripheral equipment, following design and installation specifications. Conducted computer diagnostics to investigate and resolve problems and provide technical assistance and support. Established requirements for new systems and modifications. Analyzed network ",0.96,Positive Match,Strong Match
PAIR-00309,Digital Marketing & Content Strategy Lead,DIGITAL-MEDIA,"Seeking a Digital Marketing Lead to oversee omnichannel growth campaigns, SEO/SEM performance, brand content creation, and analytics tracking. Responsibilities: managing Google Ads / Meta ad spend, conversion rate optimization (CRO), social media strategy, and ROI performance reporting. Requirements: Google Analytics, SEO tools, paid advertising, and copywriting.",15899269,"TEACHER Experience 08/2015 to 07/2017 Teacher Company Name City , State Implement instructional activities contributing to meaningful learning experiences. Prepare syllabi and detailed lesson plans based on course standards and objectives. Communicate effectively, both orally and in writing, with students, parents, and other professionals on a regular basis. Established and maintained cooperative working relationships with students, parents, and co-workers. Collaborate with peers to enhance the instructional environment. 05/2014 to Current Social Services Specialist Company Name City , State Ensure new mothers have the necessary supplies and resources needed for a safe newborn discharge. Arrange newborn and maternal appointments with primary providers for follow- up care. Coordinate, assess, and evaluate patients specific needs to facilitate discharge planning. Provide community referrals to agencies and resources to ensure continuity of care. Prepare case records including nature of problems, patient and family needs, final disposition of patient and referrals/services arranged for each patient. Arrange required durable medical equipment to ensure each patient's continuity of care. 01/2014 to 05/2014 Social Work Intern Company Name City , State Under supervision, coordinate, assess, and evaluate patients specific needs to facilitate discharge planning. Under supervision, provide community referrals to agencies and resources to ensure continuity of care. Under supervision, prepare case records including nature of problems, patient and family needs, final disposition of patient and referrals/services arranged for each patient. Education and Training May 2014 Bachelor of Arts : Psychology Warner University City , State Psychology 2014 Bachelor of Arts : Social Work Nova Southeastern University City , State Social Work Present Master of Science : Forensic Psychology Legal Systems Southeastern University City , State Forensic Psychology Legal Systems Master of Social Work Clinical In Progress I was a student-athlete on a softball scholarship. I received Bright Futures Scholarship and maintained a GPA required of a NAIA student-athlete. Honors: Alpha Lambda Delta Honors Society, Phi Alpha Honors Society, Pi Gamma Mu Honors society, Magna Cum Laude Honors Society, Dean's list 2010-2014, Academic All-Conference team 2012-2013 and 2013-2014. Skills discharge planning, lesson plans, evaluate patients, supervision Activities and Honors National Association of Social",0.28,Hard Negative,Low Match
PAIR-00085,Enterprise Business Development Manager,BUSINESS-DEVELOPMENT,"Seeking an experienced Business Development Manager to identify new market opportunities, negotiate high-value corporate partnerships, and drive revenue growth. Responsibilities: B2B pipeline development, enterprise client pitching, contract negotiation, competitive analysis, and strategic relationship management. Requirements: 4+ years B2B sales/development experience, CRM proficiency, and executive communication skills.",14990354,"BUSINESS DEVELOPMENT DIRECTOR Executive Profile Global Business Development offering outstanding presentation, communication and cross-cultural team management skills. High-energy, results-oriented leader with an entrepreneurial attitude. History of strong and effective management with dealer principals, C-Level corporate end users, A/D community, Real Estate and construction industry. Ambitious Sales Leader who creates strategic alliances with organization leaders to effectively align with and support key business initiatives. Builds and retains high performance teams by hiring, developing and motivating skilled professionals. Skill Highlights Strong Leadership communication skills Strategic account development Fortune 500 partner experience National account management Exceeds sales goals Cross-functional team management Negotiations expert Goal-oriented Team building expertise Staff Development Professional Experience Business Development Director , 02/2014 to 01/2016 Company Name - City Created new revenue streams through clearly understanding client goals and objectives Generated new business through positioning Staples wide disciplines to outperform expectations. Problem solve at organizational levels utilizing National contracts such as Avendra, Group Purchasing Organizations and buying consortium agreements. Increased profit Margins by 50% in one year through restructuring client specific contracts leveraging their total spend with Staples Implement National furniture standards program reducing rogue vendor spend by 50% 20 million dollar book of new business Regional Sales Director , 02/2007 to 02/2014 Company Name - City , State Development of sales team professionals with annual revenues $35,000,000 annually. Extensive P/L responsibilities, margin growth, and regional strategy deployment. Pivotal in partnering with sales team to build strong relationships with top A&D firms resulting in 2 Million dollar renovation of Fontainebleau Hotel Miami, Florida Recruited, top notch Sales Team and spearheaded cross-functional SAL initiative to increase furniture sales penetration Lead territory to reverse declining sales and achieve 375% increase in sales Supervised regional division of 42 staff members with direct growth responsibilities of 14 furniture sellers Responsible for managing all aspects of the daily sales cycle, including sales, quotations, proposals, Design, Project Management, bid documents and closing business Responsible for 3-point bottom li",0.88,Positive Match,Strong Match
PAIR-00301,Digital Marketing & Content Strategy Lead,DIGITAL-MEDIA,"Seeking a Digital Marketing Lead to oversee omnichannel growth campaigns, SEO/SEM performance, brand content creation, and analytics tracking. Responsibilities: managing Google Ads / Meta ad spend, conversion rate optimization (CRO), social media strategy, and ROI performance reporting. Requirements: Google Analytics, SEO tools, paid advertising, and copywriting.",21595057,"SALES REPRESENTATIVE Professional Summary Hardworking Server who thrives under pressure and goes above and beyond to create unforgettable guest experiences. 1 year experience serving up to 100 dinner guests at an upscale Kickback Jacks restaurant. Customer- oriented server with excellent interpersonal and communication skills. Food and beverage expert. Recently licensed in preparation and sale of alcoholic beverages, bar procedures and liquor laws. Focused server, successful at multi- tasking and delivering prompt and friendly service to all customers. Maintains a positive attitude and a great sense of humor during peak hours. Server who brings a strong work ethic, interpersonal skills and customer service expertise. Fluent in English only. Experience Sales Representative 0-1/2017 to Current Company Name City , State Cold-called prospective customers to build relationship. Greeted store customers promptly and responded to questions with knowledgeable service. Completed documentation for product and service sales. Filled out expense reports for accounting. Maintained productive relationships with existing customers through exceptional follow-up after sales. Generated high volume of referrals. Updated database with customer and sales information. Kept showroom professional and neat at all times. Delivered products to customers in timely manner. Established new customer accounts. Informed management of special sales and service issues. Evaluated competitors and performed market research. Achieved at least $5,000 monthly sales gross profit. Server 12/2015 to 05/2016 Company Name City , State Consistently provided professional, friendly and engaging service. Skillfully promoted items on beverage lists and restaurant specials. Followed all safety and sanitation policies when handling food and beverage to uphold proper health standards. Displayed enthusiasm and knowledge about the restaurant's menu and products. Routinely supported other areas of the restaurant as requested, including answering telephones and completing financial transactions for other staff. Set dining tables according to type of event and service standards. Addressed diner complaints with kitchen staff and served replacement menu items promptly. Quickly recorded transactions in MICROS system to deliver prompt service. Routinely cleaned work areas, glassware and silverware throughout each shift. Immediately reported accidents, injuries or unsafe work conditions to manager. Developed and maintain",0.53,Partial Match,Moderate Match
PAIR-00126,Senior Enterprise Sales Representative,SALES,"We are hiring a Senior Enterprise Sales Representative to manage full sales cycles, conduct product demonstrations, and exceed quarterly quotas. Responsibilities include prospect qualification, objection handling, commercial contract closing, and pipeline tracking in Salesforce. Requirements: Proven enterprise quota attainment, CRM mastery, presentation skills, and strong customer relationship building.",15273850,"SENIOR SALES ASSISTANT/ SALES SUPPORT Skills ads, attention to detail, customer service, data base, inventory, office, presentations, quality control, sales, phones Experience Senior Sales Assistant/ Sales Support , 01/2006 to 01/2012 Company Name City , State Accurately monitored and evaluated ads for specifications and standards compliance. Provided high standard of service and attention to detail. Quickly and effectively solve customer challenges. Maintain quality control/satisfaction records, constantly seeking new ways to improve customer service. Answered multi-line phones. Maintained inventory of office supplies. Managed all aspects of daily office operations. Created and edited memos, correspondence and directory reports for management evaluations and presentations. Box Office Manager , 01/2003 to 01/2006 Company Name City , State Managed all aspects of ticket sales. Maintained data base of all season ticket holders, answered multi-line phones, and kept an inventory of all supplies. Organized volunteers to work in the box office to help with ticket sales for concerts. Education and Training High School Diploma : 1985 Northwood High School City , State",0.96,Positive Match,Strong Match
PAIR-00314,Clinical Healthcare Specialist & Administrator,HEALTHCARE,"Looking for a Healthcare Specialist to manage patient intake protocols, electronic health record (EHR) compliance, clinical assessments, and patient care workflows. Responsibilities include clinical documentation, HIPAA compliance, multidisciplinary coordination, and care planning. Requirements: Healthcare certification or nursing degree, EHR software, and clinical standards.",23918545,"CLAIMS SERVICE SPECIALIST Professional Summary Medical Billing Specialist with 3 years experience in a fast-paced, multiple client medical billing company. Researched and denied claims and submitted appeals. Familiar with health billing and collections. Advanced knowledge of claims processing and pre-authorizations. Skills Medical terminology expert ICD-10 (International Classification of Disease Systems) Billing and collection procedures expert Hospital inpatient and outpatient records Inpatient records coding proficiency Outpatient surgery coding specialist HCPCS Coding Guidelines Familiar with commercial and private insurance carriers Insurance and collections procedures DRG and PC grouping Understands insurance benefits Research and data analysis Close attention to detail Adept m ulti-tasker Office support (phones, faxing, filing) Excellent verbal communication MS Windows proficient Customer service award Skilled trainer Excellent time management skills Microsoft Outlook, Word and Excel MS Office expert Supervisory training Accomplished leader Resource management expertise Knowledge of Medicare statutes and regulations Work History Claims Service Specialist , 10/2013 to 06/2014 Company Name City , State Filed claims per NextGen system Discussing coverage's and liability with insured, claimant, and body shops. Also spoke with lienholders and medical providers. Typing and data entry Obtaining police reports to determine liability for claims Reviewing estimates and correspondence faxed, mailed, and emailed in. Issuing payments and scheduling rental reservations for insured and claimants. Precisely completed appropriate claims paperwork, documentation and system entry. Correctly coded and billed medical claims for various hospital and nursing facilities. Verified patients' eligibility and claims status with insurance agencies. Performed qualitative analysis of records to ensure accuracy, internal consistency and correlation of recorded data. Interacted with providers and other medical professionals regarding billing and documentation policies, procedures and regulations. Accurately posted and sent out all medical claims. Submitted electronic/paper claims documentation for timely filing. Claims Specialist , 10/2011 to 07/2012 Company Name City , State Correctly coded and billed medical claims for various hospital and nursing facilities. Meticulously identified and rectified inconsistencies, deficiencies and discrepancies in medical documentation. Diligently",0.97,Positive Match,Strong Match
PAIR-00278,Digital Marketing & Content Strategy Lead,DIGITAL-MEDIA,"Seeking a Digital Marketing Lead to oversee omnichannel growth campaigns, SEO/SEM performance, brand content creation, and analytics tracking. Responsibilities: managing Google Ads / Meta ad spend, conversion rate optimization (CRO), social media strategy, and ROI performance reporting. Requirements: Google Analytics, SEO tools, paid advertising, and copywriting.",18905648,"SOCIAL MEDIA COORDINATOR Skills Microsoft Word Excel Powerpoint Photoshop Illustrator Facebook Instagram Twitter Qualitative and Quantitative Analysis Public Speaking Experience Company Name City , State Social Media Coordinator 06/2017 to 12/2017 Created content and strategized social media posts/ advertisements for Facebook, Instagram, and Yelp accounts. Promoted new products with weekly posts of both local and and world class wines/ beers. curated content based on insights such as audiences reached, and peak times of day/ week. Company Name City , State Bartender 10/2017 Organized and Inducted wine tastings for both private and corporate events held in store Communicated with concierge services from surrounding hotels on a weekly basis Exhibited a vast knowledge of wine and beer varietals to better assist customers with their purchases. Smart Car Brand Ambassador Informed the SF community about the 2018 all electric Smart Car Worked with coordinators to set up a pop up for Smart Car promotion with an eco friendly theme Prompted interested individuals in the market for a Smart Car to test drive the vehicle with me Curated a social media campaign to advertise the pop up event. Company Name City , State Shift Lead 09/2016 to 09/2017 Brought employee training attainment from 44% to 100% in three months, surpassing the district stores. Wrote weekly schedules bases off of projected sales. Assisted in developing promotional plans to reach sales goals. Certified as a. Company Name City , State Office Assistant 01/2018 to 01/2018 Entered data using Excel. Organized files. Answered phone calls. Skills Photoshop, employee training, Public Speaking, Quantitative Analysis, sales",0.9,Positive Match,Strong Match
PAIR-00158,Corporate Financial Analyst & Portfolio Specialist,FINANCE,"Seeking a Financial Analyst to perform financial modeling, variance forecasting, corporate valuation, and investment analysis. Key responsibilities: preparing quarterly financial statements, conducting discounted cash flow (DCF) modeling, budget reconciliations, and executive risk briefings. Requirements: Advanced Excel, financial modeling, GAAP compliance, SQL, and analytical problem solving.",22492537,"FINANCE AND OPERATIONS MANAGER Summary Dedicated to accurate, automated and systematized flow of information Analytical accounting and bookkeeping professional with 12 years of bookkeeping experience in preparation, analysis, and reporting of financial performance. Proven professional focused on enhanced productivity, automation and financial control. Consistently exceed challenging business objectives. Demonstrated ability to provide comprehensive support for executive-level staff. Proven track record of accurately completing research and reporting to management. Adept at developing and maintaining detailed pricing strategies (profit margin and cost analysis), forecasting, budgeting and inventory management. Noted efficiency in collections and maintaining current status of aging reports. Highly focused and organized in supporting complex, deadline driven operations; efficient and effective in multi-task situations. Able to prioritize and achieve organizational objectives. Collaborated with CPA's and C-Level Management. Highlights Microsoft Office System, QuickBooks, Microsoft Windows operating system, and Salesforce. Payroll services include: Trax, ADP, Accuchex, Sure Payroll, Wells Fargo and Intuit. Participate in Intuit's Continuing Research Program conducting case studies with QuickBooks software. Public and private accounting Cost accounting Budget analysis Account reconciliations Cash-flow report generation Accomplishments Accounting Skills Operated computers programmed with accounting software to record, store, and analyze information. Auditing Extensive experience with Financial Statements audits, reviews, compilations and audits for Governmental organizations (A-133). General Ledger Accounts Maintained accurate accounts including cash, inventory, prepaid, fixed assets, accounts payable, accrued expenses and line of credit transactions. Experience Finance and Operations Manager May 2010 to December 2014 Company Name City , State Served as the primary financial support to the Executive Director managing a $1.2-1.7 million budget for a non-profit organization specializing in early literacy for underserved children. Prepared monthly financial statements, sales tax and payroll records. Maintained Accounts Receivable, Accounts Payable records and conducted reconciliations for both credit cards and bank statements. Audited and reconciled three years of financial data left unresolved from previous accountant. Reconstructed organizations records for all fi",0.87,Positive Match,Good Match
PAIR-00271,Senior Talent Acquisition & People Operations Manager,HR,"Seeking a Human Resources Manager to lead end-to-end recruitment, employee onboarding, compensation benchmarking, and organizational culture initiatives. Responsibilities include sourcing candidate pipelines, managing ATS workflows, facilitating performance reviews, and ensuring labor law compliance. Requirements: Full-lifecycle recruiting, ATS proficiency, employee relations, and HR strategy.",26098594,"OWNER/ATTORNEY AND MEDIATOR Executive Profile As an attorney for over 25 years, I have helped individuals and businesses all over Northern Ohio BUILD FUTURES, primarily in the areas of contracts, divorce mediation, elder care, employment, estates, family law, probate, property law, trusts, & wills. Skill Highlights Leadership/communication skills Human resources Negotiations expert Skilled divorce mediator Estate planning & taxes Legal research & writing expert Core Accomplishments * Awarded $100,000 from Gund and Cleveland Foundations to initiate Cuyahoga County Juvenile Court's Custody Mediation Program serving diverse, never married parents. Professional Experience Owner/Attorney and Mediator January 2001 to Current Company Name - City , State Gather evidence to formulate defense or initiate legal actions, interview clients & witnesses to ascertain the facts of a case. Analyze evidence and apply relevant laws, regulations, & precedents in order to reach conclusions. Arrange and conduct depositions & other discovery to obtain information & evidence relevant to claims. Determine existence & amount of liability, according to evidence, laws, administrative & judicial precedents. Evaluate information from documents such as claim applications, birth or death certificates, and physician or employer records. Interview claimants, agents, or witnesses to obtain information about disputed issues. Research laws, regulations, policies, or precedent decisions to prepare for hearings. Recommend acceptance or rejection of compromise settlement offers. Gather and analyze research data, such as statutes, decisions, legal articles, codes, & documents. Prepare legal briefs & opinions, and file appeals in state and federal courts of appeal. Investigate facts & law of cases and search pertinent sources, such as public records, to determine causes of action, and prepare cases. Analyze the probable outcomes of cases, using knowledge of legal precedents. Prepare documents and conduct transactions: Appraise and inventory real and personal property for estate planning and probate. Draft legal documents: such as wills, deeds, mortgages, lease, purchase & settlement agreements. Probate wills, represent and advise executors & administrators of estates. Negotiate settlements of civil disputes. Advise clients concerning business transactions, claims liability, and various legal rights & obligations. FOUNDING & INITIAL DIRECTOR March 1995 to June 1996 Company Name - City , State Resear",0.18,Hard Negative,Low Match
PAIR-00329,Clinical Healthcare Specialist & Administrator,HEALTHCARE,"Looking for a Healthcare Specialist to manage patient intake protocols, electronic health record (EHR) compliance, clinical assessments, and patient care workflows. Responsibilities include clinical documentation, HIPAA compliance, multidisciplinary coordination, and care planning. Requirements: Healthcare certification or nursing degree, EHR software, and clinical standards.",75744306,"CUSTOMER SERVICE REPRESENTATIVE Summary My favorite part of working is being able to interact with people. I love to provide Customer Service and provide the best experience with the company. My personal experiences have made me realize I like to make a call or a store visit more worthwhile for the customer. My purpose is make what can be a boring or tedious task to be a better experience and make a happy and loyal customer. I mainly have worked in call centers and a little experience in sales and store customer service. Highlights High customer service standards Computer skills in power point, word, autocadd, chief architect, word spreadsheet, some Excel, internet, and intranet. Dedicated to process improvement Conflict resolution proficiency Devoted to data integrity Troubleshooting skills Proficient with Microsoft Office Suite Bilingual in Spanish Proficient in reading and writing in spanish Strong writing skills and comprehension in both English and Spanish Accomplishments Managed call flow with up to 200+ calls in queue per minute. Exceeded corporate target for customer satisfaction for 2-3 months in a row several times. Earned cash bonuses for Customer Satisfaction several times Experience Customer Service Representative Sep 2014 to Mar 2015 Company Name City , State TMG is a call center where I attended customers with their Medicare RX plans and for Medicare Advantage Plans. Accomplished customer satisfaction with members regarding billing, advising on health and dental benefits, quoting benefits and enrollments. Customer Service Representative Oct 2013 to Sep 2014 Company Name City , State Provided accurate and appropriate information in response to customer inquiries. Demonstrated mastery of customer service call script within specified timeframes. Improved customer ratings. Sitel is a call center that is a third party outsourcing company that takes billing calls for USAA insurance company. My job was to answer billing inquiries for home and auto insurance. Successfully set up non payment cancellation arrangements, applied payments and resolved billing issues. Customer Service Representative Aug 2011 to May 2013 Company Name City , State Collected customer feedback and made process changes to exceed customer satisfaction goals. Made reasonable procedure exceptions to accommodate unusual customer requests. Provided accurate and appropriate information in response to customer inquiries. Addressed customer service inquiries in a timely and accurate f",0.91,Positive Match,Strong Match
PAIR-00151,Corporate Financial Analyst & Portfolio Specialist,FINANCE,"Seeking a Financial Analyst to perform financial modeling, variance forecasting, corporate valuation, and investment analysis. Key responsibilities: preparing quarterly financial statements, conducting discounted cash flow (DCF) modeling, budget reconciliations, and executive risk briefings. Requirements: Advanced Excel, financial modeling, GAAP compliance, SQL, and analytical problem solving.",91564103,"FINANCE MANAGER Summary Identified fraud of $75,000, and during litigations testified as an expert witness in 2004 Puerto Rico Superior Court, client won the case and recovered $50,000. *Saved $42,000 on claims of two employees on an audit performed in the Government Development Bank of Puerto Rico *Well-earned reputation as a hard-working, quick-learning, and organized team player. Skills Budget Control & Administration Account Reconciliations Financial Statement Reporting and Analysis General Ledger Accounting Data Compilation Journal Entries Payroll Taxes Return Analysis (Puerto Rico and US) Auditing Ad-Hoc Reporting Experience 07/2015 to 05/2017 Finance Manager Company Name City , State Managed and oversees the Finance Department of a charter airline which generated up to $4.2 million in gross revenues. Responsible for accounts payable, ADP payroll processing, multiple bank reconciliations, maintain general ledger, financial reporting and analysis, ad-hoc reporting, budget, cash management, handle monthly and year end accounting process; ensure accuracy and integrity of accounts. Coordinated and analyzed fiscal budgeting systems to initiate effective controls and policies. Assured state and federal compliance of revenue, expenditure, and position control documents while maintaining internal control safeguards. Achieved accurate budgetary reviews and forecasts to develop projections for executive management oversight. Reviews and approves all reimbursements, manages petty cash fund and all bank accounts. Prepared financial statements in accordance with Generally Accepted Accounting Principles (GAAP). Maintained pertinent records on fixed assets inventory system. Reconfigured systems and resolved accounting errors, ensured accurate and efficient accounting processes and internal control policies. Coordinated with Planning Department on preparations and processes of annual operating budgets and documentation in aviation industry. Reports directly to CEO. 04/2012 to 06/2015 Staff Accountant Company Name City , State Provided professional tax services to ensure accurate financial statements and tax compliance. Prepared and compiled financial information by preparing entries to general ledger accounts detailing assets, liabilities, and capital. Summarized balance sheets, profit and loss statements to project company financial position. 05/2000 to 12/2015 Accountant Company Name City , State Managed overall operations and provided accounting and tax services ",0.87,Positive Match,Good Match
PAIR-00238,Senior UI/UX & Product Designer,DESIGNER,"We are hiring a Senior UI/UX Designer to craft intuitive user experiences, responsive layouts, and interactive design systems for web and mobile platforms. Responsibilities: user journey mapping, high-fidelity wireframing in Figma, design system maintenance, usability testing, and cross-functional handoff to frontend engineers. Requirements: Figma mastery, design thinking, prototyping, and typography.",17312146,"CONSERVATION TECHNICIAN/MAINTENANCE Summary To build a career in the local community and improve skills in the Biological Science field Skills Microsoft Word documents, Excel spreadsheets and Power Point presentations Experienced in ARC10 Geographic Information Systems Experience 03/2017 to 10/2017 Conservation technician/maintenance Company Name City , State I have worked previously in retail environments which tend to be fast paced and high energy work requiring close attention to detail, being able to lift heavy loads, standing for long periods of time, and responding to customers with friendly positive attitudes. I have previously been employed in a position as head cashier at Home Depot #2559 located in Frederick, Maryland. My primary responsibilities are to ensure customer needs are met at checkout, returns, special service department, prodesk registers, and to train and coach new and existing cashiers. I am also responsible for creating and editing the schedule to accommodate needs and sales flow. I have acquired multi-tasking, customer service and management skills in this previous employment opportunity that are directly applicable. The conservation technician is responsible for the openings and closing procedures of the park. Regular upkeep of park buildings, structures, roadways, picnic and camping areas are the primary goals of the position. The position requires an array of knowledgeable skills in the areas of carpentry, plumbing, masonry, heavy equipment operation, and general mechanic. 05/2016 to 10/2016 Conservation technician/maintenance Company Name City , State The conversation technician is responsible for the opening and closing procedures of the park. Regular upkeep of park buildings, structures, and assisting staff on summer programs/park visitor events is the goal of the position. This position requires the technician to be exposed to severe weather conditions, operate heavy equipment, operate a state vehicle, and to be knowledgeable in the areas of plumbing, electrical, hand/power tools, wood cutting, and requires the employee to regularly maintain/service equipment. 05/2015 to 10/2015 Field technician and larvicider Company Name City , State The technician records a site survey assessment and performs quality checks of biological control agents before and after applications. The technician collects, records, and processes data pertaining to the environment and pesticide concentration including both targeted and non-targeted specie",0.23,Hard Negative,Low Match
PAIR-00336,Clinical Healthcare Specialist & Administrator,HEALTHCARE,"Looking for a Healthcare Specialist to manage patient intake protocols, electronic health record (EHR) compliance, clinical assessments, and patient care workflows. Responsibilities include clinical documentation, HIPAA compliance, multidisciplinary coordination, and care planning. Requirements: Healthcare certification or nursing degree, EHR software, and clinical standards.",19599699,"INTERN Highlights Microsoft Word, PowerPoint, and Excel. Social Media: Twitter, Facebook, and Instagram Experience January 2016 to May 2016 Intern Create and implement strength and conditioning workouts for spring season. Monitor weight lifting form and technique. Provide feedback and apply knowledge to strength training and conditioning programs. Organize and prepare equipment daily for strength and conditioning programs. August 2015 to December 2015 Company Name City , State Fitness Intern Exposed to daily routine of fitness specialist and client interaction Conducted one-on-one orientation for new members and instructed in the proper use of equipment Assisted with revising programs offered to incorporate updated topics Created bulletin boards for Member-of-the-Month Provided complimentary body measurements Maintained facility and equipment according to health and safety standards. August 2013 to May 2016 Company Name City , State Student Assistant Utilize Front Rush website to enter football and lacrosse recruit and roster information. Organize and coordinate football recruiting events during the fall, including giving tours. Provide office support for football and lacrosse coaches. Restock office and break room supplies. May 2013 to December 2015 Company Name City , State Individually standardized jelly and ice cream topping batches (checked pH, temperature, and consistency). Trained in operation and safety of a stand up and sit down forklift. Consistently met quotas when packed jelly, syrup, ice cream toppings and plate scapers into boxes. Operated label machine allowing for continual operation and upkeep. Education May 2016 BALDWIN WALLACE UNIVERSITY City , State Bachelor of Arts : Exercise Science Orthopedic Assessment and Treatment Health Promotion and Education Exercise Science Orthopedic Assessment and Treatment Health Promotion and Education BW Deans Award, Spring 2014 and 2015 RELATED BALDWIN WALLACE UNIVERSITY City , State Professional Affiliations Pre- Physical Therapy and Exercise Science Club ACTIVITIES Executive Member: CRU - Christian Organization Member: Phi Mu, Delta Iota Fraternity Skills client interaction, forklift, health and safety standards, Excel, office, PowerPoint, Microsoft Word, recruiting, safety, website",0.23,Hard Negative,Low Match
PAIR-00212,Senior UI/UX & Product Designer,DESIGNER,"We are hiring a Senior UI/UX Designer to craft intuitive user experiences, responsive layouts, and interactive design systems for web and mobile platforms. Responsibilities: user journey mapping, high-fidelity wireframing in Figma, design system maintenance, usability testing, and cross-functional handoff to frontend engineers. Requirements: Figma mastery, design thinking, prototyping, and typography.",25061645,"GRAPHIC DESIGNER Summary A graphic designer, who is creative and detail-oriented; who thinks a lot, but wants to make things clear and simple. ""Simple without loss of information,"" is my style. ""Pay attention and be accurate to each pixel"" is the phrase I will always keep in mind during my design career. Right now I'm looking for a suitable position in a company that has a team of pleasant, experienced designers and a working environment, which allows people to grow and succeed. Highlights Adobe Creative Suite (Illustrator, Photoshop, InDesign), and CorelDraw Working knowledge of web design applications Dreamweaver, HTML and CSS Skilled in Microsoft Office Suite Experience of working with branding, digital prints, webpage design, typography, packaging, and printmaking Member of Springfield Art Association Experience Graphic Designer 08/2014 to 08/2015 Company Name City , State Designed webpage layout, logos, related images. Manager Assistant / Graphic Designer 07/2014 to Current Company Name City , State Provide numerous services to Chinese clients requiring US-based assistance, including: - Facilitating real estate transactions and property management - Due diligence and assistance with EB-5 visa projects and applications - Do translation and interpretation for Chinese clients - Provide expert service to Chinese families desiring to place students in lower and higher educational institutions in the US. Create company's branding and all marketing materials design - Design logo, flyers, brochures, booklets, PowerPoint templates, billboards, webpage, etc. Take photographs and edit photos. Graphic Designer 10/2013 to 05/2014 Company Name City , State Designed flyers, brochures, posters, logos and T-shirts, etc. for school's activities and events. Education Bachelor of Arts : Visual Arts - Graphic Design May 2014 UNIVERSITY OF ILLINOIS SPRINGFIELD City , State Visual Arts - Graphic Design 3.7/4.0 Gallery Assistant, Visual Arts Gallery, Associate of Fine Arts : Graphic Design July 2010 CHENGDU ACADEMY OF FINE ARTS, SICHUAN CONSERVATORY OF MUSIC City , China Graphic Design Languages Bilingual in English and Chinese Skills Adobe Creative Suite, Dreamweaver, Photoshop, Advertising, Arts, Art, branding, brochures, Chinese, CorelDraw, CSS, clients, Due diligence, edit, English, HTML, Illustrator, InDesign, interpretation, layout, logos, logo, marketing materials, Microsoft Office Suite, PowerPoint, packaging, posters, property management, Publicity, real estate, tra",0.88,Positive Match,Strong Match
PAIR-00281,Digital Marketing & Content Strategy Lead,DIGITAL-MEDIA,"Seeking a Digital Marketing Lead to oversee omnichannel growth campaigns, SEO/SEM performance, brand content creation, and analytics tracking. Responsibilities: managing Google Ads / Meta ad spend, conversion rate optimization (CRO), social media strategy, and ROI performance reporting. Requirements: Google Analytics, SEO tools, paid advertising, and copywriting.",18488289,"SENIOR DIGITAL MARKETING SPECIALIST Summary Digital marketing professional experienced in SEO, PPC and account management. Knowledgeable about conversion rate optimization, content marketing, analytics and proficient in wide variety of SEO/PPC tools. Highlights Excellent written and verbal communicator Superb time management skills Cross-functional team leadership Focused and driven Skilled multi-tasker Results-oriented Deadline-driven Self-directed Detail-oriented Customer service-oriented Quick learner Self-motivated professional Microsoft Office Suite Desktop publishing software Graphics editing software Web analytics software Project management software Social media management tools User experience (UX) design principles, Content management systems (CMS) HTML and CSS knowledge Account management Digital Marketing Search Engine Optimization Search Engine Marketing Experience 03/2015 to Current Senior Digital Marketing Specialist Company Name City , State 01/2014 to 11/2014 Senior SEO Specialist Company Name City , State Applied ethical SEO best practices when performing tasks such as keyword research, competitive analysis, content optimization, Meta tag creation, alt tag creation and social media optimization. Analyzed, reviewed and implemented changes to improve organic search and page rank of client B2C websites. Claimed business listings and provided location data syndication to data aggregators. Implemented website migrations, 301 redirects, sitemaps, robots.txt file, and fixed 404 errors. Digital Copywriter Developed grammatically sound, benefit driven and search engine friendly content for global client B2C websites. Produced unique and engaging content marketing pieces for cross-channel partners that featured or supported LiveEdit's SaaS product and service offerings. Created and maintained online product user guides for the Aurora by LiveEdit CMS interface, and best practices documentation to guide internal implementation. Managed and maintained the organization's website and social media accounts (Google +, LinkedIn, Facebook, Twitter) by linking relevant information together and adding photos and graphics as appropriate to keep visually appealing and engaging. 06/2013 to 02/2014 Lead Project Manager Company Name City , State Managed and mentored a team of Project Managers. Set and continually managed project expectations with clients, delegated tasks and responsibilities to appropriate team members. Coordinated production trafficking from star",0.9,Positive Match,Strong Match
PAIR-00134,Senior Enterprise Sales Representative,SALES,"We are hiring a Senior Enterprise Sales Representative to manage full sales cycles, conduct product demonstrations, and exceed quarterly quotas. Responsibilities include prospect qualification, objection handling, commercial contract closing, and pipeline tracking in Salesforce. Requirements: Proven enterprise quota attainment, CRM mastery, presentation skills, and strong customer relationship building.",26819872,"SERGEANT E-5 AVIATION SUPPLY SPECIALIST Summary A highly motivated and ambitious individual able to give timely and accurate advice, guidance and support to team members and individuals. Possess excellent management skills and have the ability to work with the minimum of supervision whilst supporting fellow team members. Have a proven ability to lead by example, consistently hit targets, improve best practices and organize time efficiently. Now looking forward to make a further contribution as part of your team and am hopeful for the genuine opportunity for progression. Highlights Inventory tracking Budget management Shipment consolidations planning Decisive Inventory control Warehouse and fulfillment Results-oriented Logistics network analysis Detail-oriented Strategic planner Cost reduction Flexible Works well independently Customer service-oriented Accomplishments Received a Navy and Marine Corps Achievement Medal while serving as squad leader,2nd Platoon, Female Engagement Team, 2nd Marine Division (Forward) for having coordinated three Female Engagement teams and led over 85 missions, engaged more than 1900 local nationals during 1300 engagements while serving in direct support of 3rd Battalion, 2nd Marine Regiment from March 2011 to October 2011. Received A Navy and Marine Corps Achievement Medal while serving as a Maintenance Material Control Expediter while in support of the 31st Marine Expeditionary Unit from January 2009 to July 2009 for uncompromising work ethic, daily determination, and unique skill to liaison with both civilian and military supply systems enabling VMA-211 to fully support 31st MEU operations. Received a Certificate of Commendation while serving as Expeditionary Airfields Supply Warehouse Clerk during the Commanding Generals Inspection 2 August 2010 to 6 August 2010 for superior leadership, organizational skills and managerial abilities. Received a Letter of Appreciation for volunteering to teach, mentor, and educate newly promoted Corporals within the Marine Wing Support Squadron 271 during the Squadron's Non-Commissioned Officer Transition Course on NCO Suicide Prevention. Experience 07/2013 to 07/2015 Company Name Order, track, receive, and distribute Organizational Level Maintenance consumable and repairable material for AV-8B Harrier whilst in Phase Maintenance Inspection. Plan inventory management technique to avoid shortages and excesses. In charge of Tool Control Program and Respirator Program, verifying all toolbox inv",0.3,Hard Negative,Low Match
PAIR-00072,Enterprise Business Development Manager,BUSINESS-DEVELOPMENT,"Seeking an experienced Business Development Manager to identify new market opportunities, negotiate high-value corporate partnerships, and drive revenue growth. Responsibilities: B2B pipeline development, enterprise client pitching, contract negotiation, competitive analysis, and strategic relationship management. Requirements: 4+ years B2B sales/development experience, CRM proficiency, and executive communication skills.",19738730,"BUSINESS DEVELOPMENT INTERN Summary Highly skilled and organized individual who has won employee of the month a lot of times with an infectious enthusiasm to work in fast paced environment. Highlights Focused and disciplined High volume production capability Bilingual (English/Twi) Healthy cuisine expert Exceptional written and oral communication abilities Experience Dietary Aide , 09/2013 to Current Company Name City , State Collaborated extensively with interdisciplinary care team to meet the nutritional needs of each resident. Devised meal plans in line with patients' age, gender, diagnosis, cultural background and religious practices. Conducted daily inspections and maintained food sanitation and kitchen equipment safety reports. Advised new cooking techniques and equipment to kitchen staff. Chef , 05/2013 to 08/2013 Company Name City , State Identified opportunities to increase revenue, decrease kitchen expenses and maximize departmental productivity without compromising guest satisfaction. Served classic English, French and modern European. Collaborated closely with the Food and Beverage Director to conduct staff meetings and resolve service, product and personnel issues Kitchen Manager , 08/2008 to 04/2013 Company Name City , State Operated large-volume cooking equipment such as grills, deep-fat fryers and griddles. Tremendously increased sales after becoming the manager. Monitored customer preferences to determine focus of sales efforts. Directed and supervised employees engaged in sales, food preparation Determined staff promotions and demotions, and terminated employees when necessary. Up-sold additional menu items, beverages and desserts to increase restaurant profits. Education CURLINARY , 1999 Kumasi Polytechnic City , GHANA Coursework in Culinary Arts Coursework in Business and Restaurant Management CURLINARY , 1990 SUNYANI POLYTECHNIC City , GHANA Coursework in Culinary Arts Skills Proficient with large cooking machines Great culinary skills Organizational skills Highly motivated",0.87,Positive Match,Good Match
PAIR-00103,Senior Enterprise Sales Representative,SALES,"We are hiring a Senior Enterprise Sales Representative to manage full sales cycles, conduct product demonstrations, and exceed quarterly quotas. Responsibilities include prospect qualification, objection handling, commercial contract closing, and pipeline tracking in Salesforce. Requirements: Proven enterprise quota attainment, CRM mastery, presentation skills, and strong customer relationship building.",24610685,"SALES ENGINEER Summary I am currently looking to advance my career in a position that offers a greater challenge, and the opportunity to enhance the company's productivity and reputation. With my educational background and the experience which I have gained in my previous position, I can effectively connect with customers, sales team, and the professional services department. Skills Strong analytical skills Excellent communication skills Strong interpersonal skills Critical thinker Data mining Data quality Data warehousing Database management Experience Sales Engineer November 2016 to May 2017 Company Name City , State Deliver insight to clients via Webex about Mirth Solutions, primarily Mirth Connect, appliances and other NextGen Product solutions. Prepare a sales reports via salesforce by collecting, analyzing, and summarizing sales information and R&D and application trends. Provide expert level product consultation to align implementation deliverables with client expectations and sales objectives. Perform current state reviews and future state recommendations to enhance productivity and increase ROI. Achieved organizational objectives for the development and delivery of complex, multi-product proposals such as quotes, RFP's, and SOW's; to be delivered within timely and accurate manner. Review all proposals, whether by writing new content, editing technical content, and coaching other team members while ensuring that the proposal was compliant, compelling and aligned to client requirements and business drivers. EHR Application Specialist April 2014 to March 2016 Company Name City , State Reviewed and analyzed pre-existing artifacts and associated applications to understand as-is process. Troubleshoot EHR/EMR case for Hosted clients by locating, reproducing issue, and using SQL Server Management Studio, SQL Statements, SQL Profiler, SQL Tracing. Communicate with development team regarding the application Defects and Enhancement Request while working with the support team to ensure the team meets goals at all times. Analyze and independently identify complex problems within the content-based software and/or a stakeholder's data to create requirements. Exercise independent judgment to determine the appropriate course of action to be taken based on the analysis performed and all possible solutions in order to determine the most appropriate way to define requirements. Xaxis, (24/7 Media. Business Data Analyst December 2013 to January 2014 Company Name City ,",0.89,Positive Match,Strong Match
PAIR-00041,Senior Systems / DevOps Engineer,ENGINEERING,"Looking for a Senior Systems & DevOps Engineer to automate build infrastructure, manage Linux server fleets, and ensure high availability across multi-region environments. Responsibilities include writing Terraform infrastructure as code, configuring CI/CD pipelines, monitoring system metrics with Prometheus and Grafana, and diagnosing system bottlenecks. Requirements: Linux administration, Docker, Kubernetes, Terraform, Bash/Python scripting, and networking fundamentals.",86209934,"SENIOR MANUFACTURING ENGINEERING Qualifications Web Handling, Printing, Extrusion, MS Office, Die Design, IPRIME, Coatings, Microstructures, CNC, Polymer Processing, Servo Controls, Calibrations, 6 Sigma, ASQ stats, Advance Regressions, AutoCad Inventor, DSC and Melt Indexing, Instron testing methods, Corona Treating, Pumps sizing plus many suppliers training sessions. Bedford Ind. Technical training seminars Relevant Experience National Society of Collegiate Scholars, Phi Theta Kappa (International Honor Society), National Honor Society, President or Deans list every semester. Magna Cum Lauda Management Skill managing lab staff and QA process and documentation, SPC and process capability studies and the required systems/equipment/process to improve quality and reduce costs. Incoming material qualification and defect root cause analyses. Review other engineer's data with advance statistical methods to support their projects. Provide training and work as the contact point to all departments on joint projects. Communication skill working closely with contractors, suppliers, floor supervisors, and the necessary staff from all departments. Experience Senior Manufacturing Engineering Oct 2016 to Current Company Name Started as a Mechanical engineer in the design department, moved to a Manufacturing and Quality Engineer, then process improvement engineer and now quality engineer supervisor. Duties included the design of new equipment from concepts to drafting to implementation. Handling maintenance requests for repairs and/or improvements, new equipment purchases and qualification, systems integration, machine shop support on tight tolerances machining techniques, printing support, lean implementation, managing lab staff and QA process and documentation, SPC and process capability studies and the required systems/equipment/process to improve quality and reduce costs. Incoming material qualification and defect root cause analyses. Review other engineer's data with advance statistical methods to support their projects. Insure and review drawings for completeness and tolerances. Provide reports and presentations (writing and verbal) to management. Provide training and work as the contact point to all departments on joint projects. Wrote the current SPC program and QC data collection and management program. Write reports for suppliers and customers on a number of specific product specification, qualifications, and defects. Currently acting as the chemist designing n",0.98,Positive Match,Strong Match
PAIR-00224,Senior UI/UX & Product Designer,DESIGNER,"We are hiring a Senior UI/UX Designer to craft intuitive user experiences, responsive layouts, and interactive design systems for web and mobile platforms. Responsibilities: user journey mapping, high-fidelity wireframing in Figma, design system maintenance, usability testing, and cross-functional handoff to frontend engineers. Requirements: Figma mastery, design thinking, prototyping, and typography.",51018476,"NX (UNIGRAPHICS) DESIGNER Summary Highlights Virus and spyware removal Highly motivated Resourceful Organized Excellent communication techniques Attention to detail Fast learner Education Associate of Applied Science , Computer Networking Technology - Microsoft Option 2012 Baker College of Owosso City , State GPA: GPA: 3.55 Graduated Cum Laude, Dean's List Recipient GPA: 3.55 Graduated Cum Laude, Dean's List Recipient Associate of Applied Science , Drafting & Design Technology 1997 Baker College of Owosso City , State GPA: GPA: 3.56 Graduated Cum Laude, Dean's List Recipient GPA: 3.56 Graduated Cum Laude, Dean's List Recipient Experience NX (Unigraphics) Designer Mar 2013 to Aug 2014 Company Name City , State Design and modify Chrysler and GM shipping racks for prototype or production. Used NX 7.5, NX 8.0 or NX 8.5. Cashier Aug 2012 to Mar 2013 Company Name City , State Operate cash register, authorize gas pumps, sell lotto tickets, stock shelves and other areas and clean store. Cashier/Bakery Aug 2010 to Aug 2012 Company Name City , State Operated cash register, cleaned cashier lanes, bagged groceries as needed Stocked shelves with baked goods, prepped frozen bread and roll dough for the bakers, cleaned doughnut case. Unigraphics Designer, CAD Jun 2004 to Jan 2009 Company Name City , State Designed and detailed parts for intermediate shafts and steering columns for GM steering columns using UG NX and UG NX2. Produced and maintained accurate design documentation.Supplied production data to engineers and supervisors. Cashier Feb 2004 to Jun 2004 Company Name City , State Operated cash register, authorized gas pumps, sold lotto tickets, stocked shelves and other areas and cleaned store. Designer, Unigraphics Operator Aug 1999 to Feb 2003 Company Name City , State Maintained design changes on Front End Sheet Metal parts, Rear End Closure parts and their assembly files using Iman and Unigraphics. Produced and maintained math part files, drawing files and assembly files. Used Unigraphics versions 15, 16 and 18. Detailer Oct 1997 to Aug 1999 Company Name City , State In SurfSeg: checked surfaces of parts, interference and gap checks between parts from UG and CGS part files. Created photo quality pictures for presentations. As a file checker, checked files to make sure they followed specific file guidelines using a file check sheet, EdsNet, CGS and file checker in CGS. Updated details in mlref (math reference) files for some body panels that reside in UG for CGS.",0.93,Positive Match,Strong Match
PAIR-00075,Enterprise Business Development Manager,BUSINESS-DEVELOPMENT,"Seeking an experienced Business Development Manager to identify new market opportunities, negotiate high-value corporate partnerships, and drive revenue growth. Responsibilities: B2B pipeline development, enterprise client pitching, contract negotiation, competitive analysis, and strategic relationship management. Requirements: 4+ years B2B sales/development experience, CRM proficiency, and executive communication skills.",15233524,"DIRECTOR OF BUSINESS DEVELOPMENT Highlights Microsoft Word, Excel, Power Point and Access. Solid skills on the internet and retrieving information and research. Experience Director of Business Development Jan 2009 to Current Company Name City , State Establish sales, marketing and outreach within the workers' compensation, law, health care and vocational rehabilitation industries. Created entire business-to-business sales strategy and marketing function for the business. Interact with providers, third party administrators, insurance companies, attorneys and other referral sources. Make personal on-site visits and educate and train clients on all services. Promote the business throughout the Central Pennsylvania and Philadelphia region. Develop and maintain business relationships with current and prospective clients. Create presentations, e-mail and online marketing campaigns, web site development and print marketing materials. Director Jan 1997 to Jan 2008 Company Name City , State Business Retention and Expansion Program Directed the Business Retention and Expansion Program in this newly created position. Visited senior management of 175 businesses each year to market the EDC and assess business needs in the local economy and the workforce. Visited businesses including health care, manufacturing, insurance and real estate. Provided and presented analysis of key information and resources. Key responsibilities included representing the EDC in the regional community through education and training sessions, marketing the program, developing prospect lists, securing visits, and managing and analyzing and interpreting the data. Assisted in fundraising and growing the membership of EDC. Coordinated volunteers and researched leading companies in Lancaster County to target for membership, assisted in making visits and calling on prospective member businesses and securing support. Established key contacts and teams in all areas of the business community. Owner Jan 1995 to Jan 1998 Company Name City , State Established a gift basket business specializing in corporate design. Responsible for marketing, selling, and creating customized gift baskets. Member of networking group that met monthly to generate sales leads. Vice President Jan 1993 to Jan 1997 Company Name City , State Managed the government affairs activities of a 3000+ volunteer membership organization. Fast paced and highly visible position accountable to the President. Supervised 4 employees and three mai",0.88,Positive Match,Strong Match
PAIR-00104,Senior Enterprise Sales Representative,SALES,"We are hiring a Senior Enterprise Sales Representative to manage full sales cycles, conduct product demonstrations, and exceed quarterly quotas. Responsibilities include prospect qualification, objection handling, commercial contract closing, and pipeline tracking in Salesforce. Requirements: Proven enterprise quota attainment, CRM mastery, presentation skills, and strong customer relationship building.",33578873,"SALES Summary I am looking for a career position with a company that I can be rewarded by my desire to succeed. I am a self starter and motivated to do my best. I am comfortable doing what it takes to create new business and have an excellent history of retaining current business. Skills Self Starter Motivated Client Relations Success Driven Experience Sales 12/2015 to Current Company Name City , State Sales of phones, plans, home security and satellite in a retail environment Meet quotos monthly for add-on orders and upselling Cross selling customers to switch to our company for other services that they did not come in store for Assist customers with determining the best products and plan for their needs in fast paced work environment Maintain customer satisfaction by providing great customer service Insurance Sales 03/2015 to 12/2015 Company Name City , State Insurance sales Contacted customers to set up in home appointment to offer mortgage, life and final expense protection Interviewed customers to see determine which Company, plan and amount best fit their needs Cold call customers that responded to ads Sales 01/2011 to 03/2015 Company Name City , State Provided sales support to retail customers Increased sales with knowledge of merchandise and sales techniques Created additional revenue with add on sales of other merchandise Advanced to management with opening and closing duties and training of new employees Sales 04/2013 to 06/2015 Company Name City , State Roofing sales position Obtained customers who needed new roofs by cold calling Created additional sales by asking for referrals Education and Training High School Diploma 2010 Edmond North High School City , State Business/Marketing 2012 Oklahoma Christian University City , State Business/Marketing 2011 Harding University City , State",0.97,Positive Match,Strong Match
PAIR-00313,Clinical Healthcare Specialist & Administrator,HEALTHCARE,"Looking for a Healthcare Specialist to manage patient intake protocols, electronic health record (EHR) compliance, clinical assessments, and patient care workflows. Responsibilities include clinical documentation, HIPAA compliance, multidisciplinary coordination, and care planning. Requirements: Healthcare certification or nursing degree, EHR software, and clinical standards.",11378657,"HEALTHCARE RECRUITER Professional Summary A highly ambitious, customer service oriented business professional, with experience in human resources, customer service and administrative support. Expertise in client development and needs assessments. My goal is to obtain a challenging and rewarding career opportunity, where my administrative, human resources, and customer service skills will be fully utilized. I am team oriented, professional, and focused - I look forward to having an opportunity to discuss what I can contribute to your team! Skills Excellent interpersonal, HR and administrative skills Intermediate experience with MicroSoft Office programs Motivated team member, who understands the value of providing accurate, professional, admin support Team leadership experience Data management skills Strong verbal communication skills Adept at client needs assessment and analysis Work History April 2000 - Current Healthcare Recruiter Company Name | A contingency, clinical staffing firm, assisting medical professionals such as RNs, Radiology Techs, Physical Therapists, Radiation Therapist, and Pharmacists with obtaining permanent employment opportunities nationwide. Consult with client HR professionals, within all areas of the healthcare field, regarding clinical staffing needs. Created staffing partnerships with some of the largest healthcare facilities in the U.S., including Stanford University Hospital, Lucile Packard Children's Hospital, Florida Hospital, Inova Health Systems, Adventist Healthcare, and Brigham Women's Hospital. Implemented marketing strategies which resulted in continued growth of customer base. April 1998 - December 1999 Healthcare Recruiter | Company Name | City , State Provided recruitment services to Virginia Beach General Hospital business groups for RN Management, Staff RN, and Allied Health staffing. Managed all phases of recruitment, including defining hiring management needs and posting available positions. Communicated the duties, compensation, benefits and working conditions to all potential candidates. Analyzed employment-related data and prepared required reports. Managed all aspects of the employee life cycle process, including on and off boarding. Maintained an accurate candidate tracking system. Guided candidates through in-house computer testing. Supported management in developing and implementing personnel policies and procedures. Conducted exit interviews and verified that employment termination paperwork was completed",0.86,Positive Match,Good Match
PAIR-00239,Senior Talent Acquisition & People Operations Manager,HR,"Seeking a Human Resources Manager to lead end-to-end recruitment, employee onboarding, compensation benchmarking, and organizational culture initiatives. Responsibilities include sourcing candidate pipelines, managing ATS workflows, facilitating performance reviews, and ensuring labor law compliance. Requirements: Full-lifecycle recruiting, ATS proficiency, employee relations, and HR strategy.",18827609,"HR ASSOCIATE Professional Summary Enthusiastic and goal-oriented HR Professional with 3+ years experience driving innovation and strategy for a global technology organization. Excellent reputation for proactively resolving problems, communicating effectively, and driving overall operational improvements. Relocating to the San Francisco Bay Area and seeking a fulltime role in Human Resources or Talent Acquisition where I can leverage my experience and provide value to the company. Skills Recruiting Onboarding Project Management Event Planning Employee Relations Teamwork/Collaboration Training and Development Public Speaking Social Media Marketing ADP Workday Microsoft Office Suite ADP Benefits Branding Budget Oral communication Competitive Email Employee Relations Event Planning Focus Hiring HRIS HR Leadership Marketing MS Excel Microsoft Office Suite Product manager Project Management Public Speaking Recruiting Recruitment Researching Strategy Teamwork Workshops Written Work History HR Associate , 07/2018 to 12/2019 Company Name City , State Conducted full lifecycle university recruitment (sourcing, screening, selecting, hiring, and onboarding) Learned multiple HRIS systems and recruiting platforms including Workday, Taleo and Handshake Led company internship program and facilitated training for interns across different functions and locations Served as student liaison for company hackathon and grew participation from 20 to 100+ attendees Proactively communicated with business partners, hiring managers, and external candidates to quickly resolve issues and ensure overall positive recruitment experience Gained proficiency in variety of other HR tasks to include strong understanding of compensation and benefits, training and development, employee relations, and regulatory compliance. HR Intern , 09/2016 to 12/2017 Company Name City , State Co-developed university recruitment strategy for Raleigh-based hires by researching universities and local events, attending career fairs, executing social media strategy to support branding, serving as the campus liaison for the annual company hackathon and actively tracking a funnel of 500+ intern applicants to assist in candidate selection process Learning & Development: Partnered with VP Talent Development to create and present leadership sustainment webinar for Zenger Folkman 360 feedback participants Workforce Planning: Used MS Excel to create enhanced data structure during the product manager career framework deploy",0.86,Positive Match,Good Match
PAIR-00051,Senior Systems / DevOps Engineer,ENGINEERING,"Looking for a Senior Systems & DevOps Engineer to automate build infrastructure, manage Linux server fleets, and ensure high availability across multi-region environments. Responsibilities include writing Terraform infrastructure as code, configuring CI/CD pipelines, monitoring system metrics with Prometheus and Grafana, and diagnosing system bottlenecks. Requirements: Linux administration, Docker, Kubernetes, Terraform, Bash/Python scripting, and networking fundamentals.",12748557,"REGIONAL ENGINEERING MANAGER Engineering Director Innovative, solution-driven engineering director with over 25 years' experience delivering high-profile ITS/SCADA projects for the Transportation and Water/Waste Water industries. Expertise includes; technical solution architecting and cost estimating, mission critical ITS/SCADA system design and delivery, disaster recovery planning, technical program management, and cross-team leadership. Execution and results oriented individual with a passion for solving business problems with innovative, cutting edge technology solutions that enable clients to achieve and exceed desired business outcomes. Accomplishments Technical manager with 90%+ success rate delivering projects on time and under budget. Proposed innovative solution that would allow client to consolidate mutliple operations centers and provide for seamless migration without service interruption, which resulted in the company being designation as the highly preferred supplier'. Maximized efficiency and ability to scale by industrializing sales and engineering delivery methodology and deliverables. Originated and spear-headed product innovation ideas, enabling the company to differentiate itself in the ITS/SCADA market. Expertise Architecting best practice technical solutions Technical program management QA/QM Client management Vendor management Testing and commissioning planning and execution Team leadership / c ross-team collaboration Engineering cost estimating Engineering resource management and forecasting Process improvement Professional Experience Regional Engineering Manager 01/2014 to Current Company Name City , State Currently directing ITS solution deliveries in Texas, Australia, New Zealand, and Chile. Lead systems solution architect responsible for technical proposal write-ups, presentations, and engineering cost estimates, which have resulted in winning bids on projects ranging from $1M to $25M in the Western NA, SA, and Oceania regions. Improved engineering resource coordination between project managers and the engineering department, resulting in more proactive resource planning and increased visibility. Implemented targeted, JIT training sessions, which drastically improved work efficiency by minimizing the technical learning curve for new staff deployed on Projects. Recent Projects: Santiago Chile ITS - Value: $1M Currently directing the in-house development of an advanced traffic incident detection algorithm, which will tie-in with a ",0.92,Positive Match,Strong Match
PAIR-00023,Senior Software / IT Systems Engineer,INFORMATION-TECHNOLOGY,"We are seeking a Senior Software & IT Systems Engineer to design, deploy, and scale high-performance software applications and cloud infrastructure. Responsibilities include building RESTful APIs, optimizing relational and NoSQL databases, containerizing microservices with Docker and Kubernetes, and troubleshooting distributed networks. Required skills: Python, Java, JavaScript/TypeScript, SQL, Linux, Cloud (AWS or Azure), Git, and CI/CD automation.",10265057,"WORKING RF SYSTEMS ENGINEER Qualifications Microsoft office/Office for Mac, pages, numbers, keynote RF/Microwave software: Ansoft Designer, AWR Microwave Office. RF test instruments: Spectrum analyzer, Vector Network/Signal Analyzer, Logic Analyzer, etc. Programming language: C/C++, Python, Java, Matlab, and LabView Circuit design software: SPICE, NI Multisim PCB design software: Eagle, PCB Artiest Experience Working RF Systems Engineer May 2014 to Current Company Name Qualification Multidisciplinary background: RF hardware designs, manufacturing operations and data analyst. Summary Experienced in developing hardware's DFM procedures, checklists and requirements to subcontractors Perform EVT, DVT, PVT verifications and utilize FA process to drive root cause from system to unit level Team leader on multiple end-to-end technical project design, development, testing and validation Manage Test/Production readiness reviews and drives quality requirement for post-ramp qualification Ability to manage multiple projects simultaneously, self-starter with innovation and sharp attention to details Experiences - New RF systems introduction on satellite communication architecture designs and proposals - Define RF hardware unit DFM procedures and requirements for Antenna, receivers, filters, and amplifiers - Lead suppliers by providing technical design specifications and testing requirements to meet SSL standards - Utilize FA process to monitor overall project field performance. Audits and DFM reviews on-site with suppliers - Investigated the algorithm to optimize the overall RF system performance for design, manufacturing and testing - Perform EVT, DVT and PVT validations and quality measurements for satellite assembly at system and unit levels - Drive and track closure on any RF components and modules NCs and issues impact to production readiness - Work with cross-functional teams to execute completion of satellite system design to fulfill contract requirement - Generate cascade RF performance prediction analyses (i.e. NF, Gain, IP3, 1dB-Comp, spurious, etc) - Exercises independent judgment in developing methods, techniques, and evaluation criterion for obtaining results - Monitor and measure manufacturing processes to reduce losses, decrease time span and improve quality. System Data Analyst August 2011 to December 2013 Company Name Prioritize and extract big data from Purdue University's SQL database and maintain its accuracy and completeness - Develop and implement ",0.86,Positive Match,Good Match
PAIR-00002,Senior Software / IT Systems Engineer,INFORMATION-TECHNOLOGY,"We are seeking a Senior Software & IT Systems Engineer to design, deploy, and scale high-performance software applications and cloud infrastructure. Responsibilities include building RESTful APIs, optimizing relational and NoSQL databases, containerizing microservices with Docker and Kubernetes, and troubleshooting distributed networks. Required skills: Python, Java, JavaScript/TypeScript, SQL, Linux, Cloud (AWS or Azure), Git, and CI/CD automation.",20879311,"DIRECTOR OF INFORMATION TECHNOLOGY AND ANALYTICS Summary Accomplished senior manager with over 15 years of experience leading complex projects and managing resources to optimize enterprise technology and support business objectives. Committed to quality and service excellence with aptitude for launching new technology platforms. Subject matter expert in Information Security Risk Management. Excellent communicator adept at identifying business needs and bridging the gap between functional groups and technology to foster targeted and innovative solutions. Highlights OS/Platforms: Microsoft Windows Server 2008/2012, Exchange 2010, IIS, Active Directory, DNS Networking: Cisco LAN/WAN (ASA/switching), TCP/IP, VPN, VoIP, SIP, MPLS, VNC, VLAN Segregation Hardware: SAN/FIBER technology, Enterprise Servers, Switches, Routers, Workstations, Laptops, Mobile Devices (iPad/iPhone/Blackberry), Telephony Systems: Cisco CUCM Tools: JIRA, Veritas Netbackup, Backup Exec, PCAnywhere, Symantec Antivirus, Ghost, SharePoint, Visio, Microsoft Office Suite Experience Director of Information Technology and Analytics January 2005 to Current Company Name City , State Market-leading global credit asset management firm with $4 Billion AUM and over 120 employees worldwide. Directed the firm's word-wide Information Technology strategy. Established and instituted policies, procedures and technology to mitigate corporate security risk and position ZAIS for Sarbanes-Oxley act compliance. Identified process improvement opportunities and recommended solutions and budget requirements to management committee. Managed team of 6 resources responsible for technology management and support operations encompassing all aspects of IT infrastructure including workstations, server platforms, IP telephony, L3 network infrastructure, network security, disaster recovery, Storage Area Networks and videoconferencing. Directed project teams through all lifecycle phases handling technical escalation events. Evaluated and deployed DLP solution. Chairman of the firm's cybersecurity committee responsible for advancing the firm's security posture. Selected Accomplishments Developed and led a technology strategy for the firm that supports strong business alignments, increases profitability and provides a sound, flexible and reliable foundation for the future. Enabled revenue growth by leading the timely deployment of high-performance virtual computing environment to support new models created by internal developme",0.86,Positive Match,Good Match
PAIR-00183,Senior Corporate Accountant & Auditor,ACCOUNTANT,"Looking for a Senior Accountant to oversee general ledger reconciliations, tax compliance, payroll auditing, and financial reporting. Responsibilities include month-end closing, balance sheet reconciliation, internal audit preparation, and regulatory filing. Qualifications: CPA or accounting degree, ERP experience (NetSuite, SAP), GAAP standards, and internal control compliance.",62809577,"PROJECT ACCOUNTANT Summary Quality-focused accounting professional with over 15 years processing invoices, managing vendors and auditing expense reports. A strong desire and ability to maximize profits and control costs with respect to maintaining effective internal controls related to Accounts Payable. Knowledge and experienced in AIA billings, Nevada prelien law, Nevada Contract Law, Union payroll and laws. Highlights SkillsTimberline Accounting software, Foundation Accounting software, Spectrum, JD Edwards, Ebuilder, Microsoft Office applications, General ledger accounting aptitude Strong communication skills Effective time management Accounts receivable professional 10 key by touch Knowledge of Sage Expert in customer relations Complex problem solving Experience Project Accountant Mar 2015 to Current Company Name - City , State Verified details of transactions, including tenant allowance requests and lease verification. Coded the general ledger and processed vendor invoice payments.Coordinated approval processes of all accounts payable invoices including tenant allowance requests and commission payments.Conducted month-end balance sheet reviews and reconciled any variances. Office Administrator Jul 2013 to Dec 2014 Company Name - City , State Responsible for office management including new hires/rehires. Responsible for processing invoices and creating purchase orders for approval. Assisting with union payroll processing. Responsible for running financial reports for management review. Staff Accountant Dec 2011 to Jan 2013 Company Name - City , State Responsible for all Accounts Payable using Foundation software Responsible for all Accounts Receivable including AIA billings, lien waivers, and payment postings. Responsible for Payroll including union reporting. General Ledger journal entries as needed. Office Administrator Sep 2008 to Jun 2010 Company Name - City , State Calculated figures such as discounts, percentage allocations and credits.Verified details of transactions, including funds received and total account balances.Coded the general ledger and processed vendor invoice payments.Coordinated approval processes of all accounts payable invoices.Balanced batch summary reports for verification and approval.Researched and resolved billing and invoice problems. Project Accountant Nov 2005 to Jul 2008 Company Name - City , State Comprehensive management of the Accounts Payable function for a $40 million General Contractor Responsible for compilation o",0.86,Positive Match,Good Match
PAIR-00017,Senior Software / IT Systems Engineer,INFORMATION-TECHNOLOGY,"We are seeking a Senior Software & IT Systems Engineer to design, deploy, and scale high-performance software applications and cloud infrastructure. Responsibilities include building RESTful APIs, optimizing relational and NoSQL databases, containerizing microservices with Docker and Kubernetes, and troubleshooting distributed networks. Required skills: Python, Java, JavaScript/TypeScript, SQL, Linux, Cloud (AWS or Azure), Git, and CI/CD automation.",33381211,"VICE PRESIDENT INFORMATION TECHNOLOGY - SOFTWARE ENGINEERING Professional Summary A results-driven and business minded technology leader with 20+ years of experience in technology and software development. A professional who is passionate about developing people and teams to reach their greatest potential. A thought leader that partners with business to drive strategy from conception to execution. A team player that places a priority on networking, relationship building and diversity to achieve the greatest possible outcome. A progressive technology leader with an innovative and growth mindset. Skills People Centered Leadership Strategic & Tactical Planning Software Engineering Designing & Architecting Systems Coaching and Talent Development Building a Culture of Innovation and Engagement Transformation and Change Advocate Work History Vice President Information Technology - Software Engineering , 03/2018 to Current Company Name City , State Leading all aspects of IT Application Development and Corporate Systems teams encompassing 100+ IT associates plus consultants, $20 m budget, key capital trans-formative projects for the full life-cycle of delivering world class business solutions. Supporting company-wide Fit for Growth initiative which focuses on improving customer and associate experience by transforming business processes and leveraging modern technology solutions replacing antiquated systems. Leading technology transformation focused on re-platforming legacy core systems to a cloud and microservices/containers-based architecture running on the AWS platform. This allows Safelite IT to deliver business value faster (improved speed to market by ~20%). Leading implementation of robotic process automation (RPA) by automating manual/repetitive business processes. Anticipated savings of $2-$3 M per year. Assistant Vice President - Solutions Delivery , 07/2015 to 03/2018 Company Name City , State Defined and executed product vision for Safelite's overall core systems architecture that drives business growth from 5 national contact centers, 600+ retail locations, 6000 mobile technicians, 90 warehouses, 2 distribution centers, multiple customer driven responsive web applications and customer app engagement tools. Drove adoption of agile methodologies across technology teams and business units. Built high-performance and autonomous agile product teams that are highly engaged with Safelite's business teams to deliver product value for our customers. Extended S",0.86,Positive Match,Good Match
PAIR-00048,Senior Systems / DevOps Engineer,ENGINEERING,"Looking for a Senior Systems & DevOps Engineer to automate build infrastructure, manage Linux server fleets, and ensure high availability across multi-region environments. Responsibilities include writing Terraform infrastructure as code, configuring CI/CD pipelines, monitoring system metrics with Prometheus and Grafana, and diagnosing system bottlenecks. Requirements: Linux administration, Docker, Kubernetes, Terraform, Bash/Python scripting, and networking fundamentals.",15858254,"ELECTRICAL ENGINEERING LAB TECHNICIAN Summary Over 10 years experience in technical support in high speed networking semiconductor, lab network administration, problem resolution, documentation and lab management. Self-driven team player with strengths in communication and developing interpersonal ralationships. Possess excellent planning, organization, time management and decision-making skills. Strategically coordinate and collaborate with cross-functional departments and individual to maximize performance in facilitating goals and attaining operational excellence. Highlights Ability to test, collect data, diagnose and trouble shooting skills: system, test boards, eval boards and lab networking. Knowledge of 1G/10G Ethernet, Framers, Routers, Switches, ATM, PON, PHY, SONET, Digital Home. Lab management: in charge of systems in lab and procurement of tools needed in lab, including maintain and organize lab networking and test bench setup. Fimiliar with Windows and Linux OS, MS Office, LabView and others. Proficient in multimeters, programmable DC power supplies, frequency counters, oscilloscopes, function and signal generators, logic analyzers, digital serial analyzer, network traffic generator/performance analyzer and other specialized test equipment: USTC and Thermonic. Proficient in schematic capture and PCB layout tools such as PADS, Cadence, ORCAD, Mentor Graphic, View Logic Experience Company Name August 2007 to October 2014 Electrical Engineering Lab Technician City , State Developed and implemented test and troubleshooting procedures for HSIO, Digital Home, Access and Transport products. Supported products design verification, characterization, and validation. Successfully managed lab: lab network, PCs and test stations installation. Evaluation boards testing, troubleshooting, reworking, components purchasing, and assembly vendors interfacing. ISO 9000 equipment calibration, laboratory procedures and ESD control administration. Created schematic symbols, captured schematics. Reviewed schematic, and gave recommendations. Understood schematic and assembly drawings, Successfully built, assembled, tested, and debugged test fixtures, evaluation and reference boards. Provided on-going support for modification and de-bugging of design hardware and software products. Performed PCB rework down to 0402 and 0201 components. Company Name January 2002 to June 2007 Electrical Engineering Lab Technician City , State Developed and implemented and troubleshooting ",0.92,Positive Match,Strong Match
PAIR-00203,Senior Corporate Accountant & Auditor,ACCOUNTANT,"Looking for a Senior Accountant to oversee general ledger reconciliations, tax compliance, payroll auditing, and financial reporting. Responsibilities include month-end closing, balance sheet reconciliation, internal audit preparation, and regulatory filing. Qualifications: CPA or accounting degree, ERP experience (NetSuite, SAP), GAAP standards, and internal control compliance.",24533931,"APPAREL ASSOCIATE Summary An organized, detail-oriented, and conscientious self starter, able to learn and adapt quickly to new skills, also able to strategized and prioritize effectively to accomplish multiple tasks and stay calm under pressure, Skills Adaptability Strong work ethic Time management Self-confidence Handling pressure Creativity Communication Team work Motivation Cash register Typing Basic computer skills Customer Assistance Skills Cashier, Customer Assistance, Sales, Stock Experience Apparel Associate Aug 2017 to Current Company Name City , State Stocking and Zoning apparel and housewares merchandise Recruiting Assistant Oct 2016 to May 2016 Company Name City , State Sealing/Mailing off letters to football recruits, Making prints or copies of Letters and/or paperwork, Signing recruits and families in for game day Cashier/Stocker Dec 2015 to Sep 2017 Company Name City , State Assisting customers in finding what they need, recovering sales floor and keeping the store clean and organize so the shoppers can have a better and easier shopping experience. Make customer purchases and/or returns Cashier/Sales Associate May 2014 to Aug 2015 Company Name City , State Assisting customers in finding what they need, recovering sales floor and keeping the store clean and organize so the shoppers can have a better and easier shopping experience. Make customer purchases and/or returns Education and Training Business Adminstration 2018 South Louisiana Community College City , State Business Administration University of Louisiana-Lafayette City , State 2014 Salmen High School City , State Activities and Honors 21st Century Summer Camp years 2012-2014",0.22,Hard Negative,Low Match
PAIR-00006,Senior Software / IT Systems Engineer,INFORMATION-TECHNOLOGY,"We are seeking a Senior Software & IT Systems Engineer to design, deploy, and scale high-performance software applications and cloud infrastructure. Responsibilities include building RESTful APIs, optimizing relational and NoSQL databases, containerizing microservices with Docker and Kubernetes, and troubleshooting distributed networks. Required skills: Python, Java, JavaScript/TypeScript, SQL, Linux, Cloud (AWS or Azure), Git, and CI/CD automation.",11580408,"INFORMATION TECHNOLOGY COORDINATOR Career Overview AVP / Director of Information Technology I Network Engineer with extensive experience. Strengths - excellent communication skills, strong problem solving skills. Sound work ethic, capable of working independently or in a team environment. Highly professional with the ability to set and maintain priorities. Qualifications Certifications and Certificates: Microsoft Certified Professional Comp-TA A+ Certified Microsoft SOL 2000 Design and Administration Microsoft Access I. II. III Navision Report Writer I & II Web design Software I Hardware Knowledge: Operating Systems: Installation & support of Microsoft Windows up to and including Windows 8.1 Sever Systems: Installation & support of Microsoft Server, up to and including Server 2012, SCO UNIX Microsoft Active Directory Database Software: Installation & support of Microsoft SQL up to and including SQL 2012. Highly proficient with Microsoft Access and Sybase databases ERP Software: OMD and Installation & support of Microsoft Navision up to and including NAV2013 R2 Office Suites: Microsoft Office 97 - 2013 Email Programs: Microsoft Exchange, Ipswicth Imail Content management platform: WebGui and Magento Familiarity with a wide variety of Cisco and Fortinet Firewalls. 3Comm, Netgear, Hp and Cisco routers and switches Expert knowledge of a variety of Smartphone operating systems including Windows Mobile, Blackberry, Android and IOS Sprint Coral, Nortel and Free PBX VoIP phone and voice mail systems Work Experience May 2000 to Current Company Name City , State Information Technology Coordinator 2003 & 2008 Administrate employee of the year / President Club Winner Repeated employee of the month winner Continually evaluating and implanting new technology to save cost, maintain and improve business process Sole point of contact for 150 people including remote staff Led $300,000 implantation of Navision ERP System Continual in-house refinements and improvements to Navision Upgraded from Navision's proprietary C/side database to SQL 2000 database Continual in-house refinements and improvements to Navision Created and implemented custom databases for leading National and Regional financial institutions that increase revenue Initiated use of remote control programs to train and help trouble shoot customer issues in a more timely manner Final point of resolution for customer software and hardware issues Responsible for onsite installation of industry specific hardware and",0.86,Positive Match,Good Match
PAIR-00316,Clinical Healthcare Specialist & Administrator,HEALTHCARE,"Looking for a Healthcare Specialist to manage patient intake protocols, electronic health record (EHR) compliance, clinical assessments, and patient care workflows. Responsibilities include clinical documentation, HIPAA compliance, multidisciplinary coordination, and care planning. Requirements: Healthcare certification or nursing degree, EHR software, and clinical standards.",12613221,"SLEEP TECHNOLOGIST, RPSGT Summary Healthcare professional with more than ten years' experience seeking an opportunity where I can utilize my skills and knowledge in multiple healthcare settings to have a positive impact impact on patient outcomes. Looking for a work setting in health information management and technology where my previous training in HIPPA Privacy and Security, performance improvement and quality assurance will help position me for career advancement. Highlights Member of AHIMA Member of ILHIMA Member of HIMSS Member of HFMA More than ten years healthcare experience CPR Certified Need minimal supervision Analytical Critical EHR experience Skills Works proficiently with minimal supervision, fluent communication skills demonstrated daily through interactions with various patient and family demographics, CPR certified, critical thinking while working independently in a patient diagnostic sleep lab, disease management, inventory control by managing waste and reducing duplicate testing, medical terminology, Windows OS, patient evaluation, patient preparation, problem solving, strategic planning, oxygen education and therapy, equipment troubleshooting. Accomplishments Interscore Relability Testing 92% average (expected 85%). Obtained my Registered Polysomnographic Technologist license in 01/2015. Graduated Valedictorian Hannibal La-Grange University in 2000. Experience Sleep Technologist, RPSGT 12/2015 to Current Company Name City , State Polysomnogram preparation and set up, diagnostic testing,. PAP and oxygen titration studies, monitoring and scoring complete patient. studies using AASM standards, Interscore Reliability Testing 92% average (expected 85%), CPR. certified, data transfers, Windows OS, work diligently with minimal supervision in a 1:2 technologist to patient ratio. Neurophysiology Technician, RPSGT 01/2009 to 11/2015 Company Name City , State Performing EEG and LTM. Measuring in 10-20, patient preparation and education, monitor and note abnormalities. Sleep study preparation & set up, prepare & calibrate equipment prior to testing, following AASM protocol for MSLT, MWT, PAP and oxygen studies, assist with scoring sleep studies, fluent communication skills, sharp critical thinking skills, diligently work with minimal supervision. Billing patients in outpatient sleep center. Healthcare Specialist, CRT 09/2005 to 12/2008 Company Name City , State Clinical patient evaluation in home setting, implement disease management programs, resp",0.94,Positive Match,Strong Match
PAIR-00184,Senior Corporate Accountant & Auditor,ACCOUNTANT,"Looking for a Senior Accountant to oversee general ledger reconciliations, tax compliance, payroll auditing, and financial reporting. Responsibilities include month-end closing, balance sheet reconciliation, internal audit preparation, and regulatory filing. Qualifications: CPA or accounting degree, ERP experience (NetSuite, SAP), GAAP standards, and internal control compliance.",36425270,"ACCOUNTANT II Professional Summary Highly analytical, results-driven tax accounting specialist who works quickly and accurately under tight deadlines. Extensive knowledge of [Software program] . Skills Account reconciliation specialist Advanced bookkeeping skills Self-motivated professional Budget analysis Strong communication skills Superior attention to detail MS Office Suite Work History Accountant II , 09/2013 to Current Company Name City , State Individually responsible for creating Standard Operating Procedure manual for Accounting department which is currently being used by the employees, new hires, executives and internal as well as external auditors. Solely responsible for creating and maintaining a monthly Statistical report that is generated through various banking transaction types, such as deposits, withdrawals, payments, different types of loans booked, transfers and the factors affecting membership at the Credit Union. I also analyze the report, looking for possible errors, researching the solution to the errors, correcting the errors and preparing the final report which is reviewed and utilized by the Board Members, the CEO and other senior staff members to make executive decisions. Responsible for reconciling and monitoring complex General Ledger transactions affecting assigned accounts, researching the differences and communicating outstanding items to appropriate personnel. Responsible for ensuring expenses are coded to appropriate General Ledger accounts and that payments are submitted to vendors in a timely manner. Responsible for developing and establishing procedures to ensure adequate controls for accounting functions are met. Responsible for maintaining Troubled Debt Restructured (TDRs) files for auto loan, credit card loan and mortgage loan accounts and for making necessary journal entries to record the recoveries in the books. Responsible for recurring journal entries. Responsible for maintaining accounting records and reports to ensure compliance using current GAAP principals and company policies. Human Resources and Compliance Assistant , 09/2011 to 08/2013 Company Name City , State Assisted HR Generalist in structuring and implementing new procedures and policies for benefits, incentives and new hires. Maintained HR files and personnel files for 110 employees. Assisted HR Generalist in new hire orientation. Processed payroll for 110 employees in bi-weekly basis and prepared monthly, quarterly and yearly payroll report. Updated",0.91,Positive Match,Strong Match
PAIR-00092,Enterprise Business Development Manager,BUSINESS-DEVELOPMENT,"Seeking an experienced Business Development Manager to identify new market opportunities, negotiate high-value corporate partnerships, and drive revenue growth. Responsibilities: B2B pipeline development, enterprise client pitching, contract negotiation, competitive analysis, and strategic relationship management. Requirements: 4+ years B2B sales/development experience, CRM proficiency, and executive communication skills.",82118447,"BUSINESS DEVELOPMENT MANAGER/PROGRAM DIRECTOR Executive Profile Marketing and sales executive who thrives in energetic, high-pressure, competitive environments. Creative,results-orientated dynamic professional with extensive educational and professional expertise with long trackrecord of success in direct sales and brand management. Exceptional problem solver, natural leader and skilled mediator who excels at bringing out the best in allemployees. Disciplined and versatile in resource management while facilitating growth in sales, marketing andbusiness enterprises to support corporate objectives. Skill Highlights Top-ranked sales executive leading largeNational account management organizations.Organizational psychology and managementExcellence in strategic business policy.sciences.Direct sales trainer and staff developmentPlanning and control.manager.Public and client relations.Marketing and economic policy.Revenue and market expansion. Resource optimization.Excellent communicator.Compelling leadership skills.Complex project negotiator.International business and marketing.Advanced problem solving abilities . Professional Experience Business Development Manager/Program Director February 2014 to Current Company Name - City , State Designed and implemented a strategic marketing initiative for First Interstate Bank entitled, ""Bank of theFuture."" Market share and revenue grew by over 300% and the program, which included the training ofbank employees in direct sales, was rolled out Nationally.Developed sales training protocols for ADP's new ""P.C. Payroll"" product line which eventually dominated themarketplace.Recruited, trained and managed an agent sales force for AT&T's GBS Division which grew to in excess of250 million dollars in revenue per year.Built successful telecommunications company that quickly grew to 30-plus employees and 5 million dollarsin annual revenue. Responsible for all aspects of the organization including direct sales. Program Director September 2011 to January 2015 Company Name - City , State Senior Counselor November 2008 to August 2011 Company Name - City , State Substance Abuse Counselor August 2006 to November 2008 Company Name - City , State Substance Abuse Counselor September 1993 to August 2006 Company Name - City , State President/CEO January 1990 to May 1993 Company Name - City , State Chief Executive Officer of medium-size Telecommunications Corporation. Managed the day-to-day tactical and long-term strategic activities within the",0.9,Positive Match,Strong Match
PAIR-00340,Clinical Healthcare Specialist & Administrator,HEALTHCARE,"Looking for a Healthcare Specialist to manage patient intake protocols, electronic health record (EHR) compliance, clinical assessments, and patient care workflows. Responsibilities include clinical documentation, HIPAA compliance, multidisciplinary coordination, and care planning. Requirements: Healthcare certification or nursing degree, EHR software, and clinical standards.",13264154,"CHEF INSTRUCTOR Professional Summary Pastry chef/baker/cake decorator with 5 year history creating beautiful specialty cakes for events. Wide range of skills includes custom breads, cookies, pies and tarts. Highly organized and supportive team player. Abundant knowledge in seasonality of ingredients as well as a passion for local, sustainable and organic ingredients. Plans and executes menu development, budget analysis, equipment, food preparation and execution, and ordering. Hardworking, on time, self-motivated individual with a proven record of responsibility and ability to problem solve. Equally effective working independently as well as in a team effort. Works well with a wide range of people at all levels; comfortable leading, collaborating or training. Organized and detail-oriented with ability to view situations and challenges in a positive way and propose solutions to streamline operations. Passionate about creating unique, delicious pastries using extensive knowledge of baking sciences and flavor combinations. Experience 04/2016 to Current Chef Instructor Company Name City , State Teaching classes to small and large groups. Honing current culinary skills and sharing knowledge, methods and technique with students. Creating lesson plans and menus 02/2016 to Current Sales Representative Company Name City , State Traveling the New Jersey, Pennsylvania and Delaware areas selling cake and pastries for a wholesale bakery. Learning the art of sales Honing communication and sales skills as well as conversational ability and product knowledge 03/2015 to 01/2016 Assistant Pastry Chef Company Name City , State Helped lead a small team of bakers Decorated cakes, cupcakes and a variety of other pastries for daily display case. Created different flavor combinations and seasonal goods to make an ever changing menu Created menu items for highly popular and Napa renown Boon Fly Cafe Helped carry out banquets by creating attractive dessert and bread displays for up to 500 people Managed daily production of breads including Brioche, burger buns, focaccia, sourdough baguettes, rye bread, carraway seed, multigrain, parker house rolls, pizza dough and biscuits. Placed produce/dry good orders, requisitioned and other admin duties. 08/2014 to 03/2015 Event/Pastry Chef Company Name City , State Communicates effectively with management as well as co workers. Leads the team to successful parties and banquets. Works production for the line when necessary. Team player systemat",0.22,Hard Negative,Low Match
PAIR-00256,Senior Talent Acquisition & People Operations Manager,HR,"Seeking a Human Resources Manager to lead end-to-end recruitment, employee onboarding, compensation benchmarking, and organizational culture initiatives. Responsibilities include sourcing candidate pipelines, managing ATS workflows, facilitating performance reviews, and ensuring labor law compliance. Requirements: Full-lifecycle recruiting, ATS proficiency, employee relations, and HR strategy.",19336728,"HR ASSISTANT INTERN Summary New graduate seeking work as a Counselor able to facilitate both individual and group therapy sessions to help participants overcome obstacles. Detail-oriented with superior interpersonal skills. Skills High energy Sound judgment Compassionate Conflict resolution training Exceptional problem solver Excellent communication skills Excellent writing skills Customer service skills Proficiency in Microsoft Excel, Word, PowerPoint and the Internet Experience HR Assistant Intern , Company Name , February 2016 - March 2016 City , State Provide administrative support to the Human Resources Director. Verify I-9 documentation for new hires. Submit the online investigation requests and assists with new employee background checks. Update HR spreadsheet with employee change requests and process paperwork. Owner, Operator , Company Name , August 2012 - Current City , State Managed fashion retail store independently. Provided professional support to staff. Assisted retail store in exhibiting innovative products. Preservation Technician I , Company Name , October 2004 - May 2013 City , State Responsible for the assembly of fabricated phase boxes, portfolios and custom enclosures for protecting historic and fragile library materials. Performed archival sound repairs for books and pamphlets which included: rebinding books in the original covers (recasing). Prepared and submitted books for additional processing at the bindery. Designed complex enclosures for special projects. Education and Training Bachelors of Art Organizational Leadership , , Cleveland State University , April 2018 Organizational Leadership Associate Degree Bryant & Stratton College , , City State April, 2016 EMT Certification Cuyahoga Community College , , City State 2003 Skills administrative support, repairs, spreadsheet",0.96,Positive Match,Strong Match
PAIR-00192,Senior Corporate Accountant & Auditor,ACCOUNTANT,"Looking for a Senior Accountant to oversee general ledger reconciliations, tax compliance, payroll auditing, and financial reporting. Responsibilities include month-end closing, balance sheet reconciliation, internal audit preparation, and regulatory filing. Qualifications: CPA or accounting degree, ERP experience (NetSuite, SAP), GAAP standards, and internal control compliance.",42487883,"ACCOUNTANT Summary A detail oriented, efficient accountant that excels in managing multiple tasks in fast paced environments. A proven track record in meeting deadlines, streamlining processes and promoting a positive work environment. Articulate communicator known for delivering excellent customer service both internally and externally. Self-motivated team player who demonstrates a high level of quality work and professionalism Education Bachelor of Science : Accounting and Information Management University of Texas at Dallas Bachelor of Arts : Psychology University of Texas at Dallas Highlights Account reconciliation expert Financial modeling Variance Analysis Corporate G&A and COGS Accounting Cash Forecasting Capitalization and Fixed Assets Analytical reasoning Effective time management Superior research skills Intermediate Excel Skills including Pivot Tables and V-Lookups Inventory Accounting Computer Skills Netsuite; Quickbooks; Cognos Impromptu; JDEdwards; AS400; Sage FAS Fixed Assets; BNA Fixed Assets; BusinessObjects Crystal Reports(currently SAP Crystal Reports); Hyperion Essbase Experience Company Name City , State Accountant 12/2012 to Current Compile and analyze financial information to prepare financial statements to be distributed internally and externally Reconcile bank accounts to general ledger on a monthly basis Manage fixed assets ensuring all assets that meet our threshold are input accurately and depreciated properly Analyze inventory expense and assets accounts; Research and resolve discrepancies in coordination with Fulfillment team Monitor and record bank activity on a daily basis; Analyze past costs and revenue to provide cash forecast weekly Record cash receipts and revenue for associated company; Reconcile sub-ledger to general ledger by verifying monthly activity Forecast balance sheet and cash flow forecast based on yearly budgeted income statement Reduced closing time for monthly and quarterly close by 25 % by implementing more accurate and efficient procedures Company Name State Staff Accountant 09/2008 to 12/2012 Tracked capital improvement projects in AS400 system by checking status and confirming expenditures; provided accounting support as needed Managed fixed assets; Generated year end depreciation reports and recorded to the general ledger; Coordinated and conducted city-wide asset audit Investigated and resolved discrepancies in monthly bank accounts while under tight deadlines. Verified department software interfaced ",0.9,Positive Match,Strong Match
PAIR-00337,Clinical Healthcare Specialist & Administrator,HEALTHCARE,"Looking for a Healthcare Specialist to manage patient intake protocols, electronic health record (EHR) compliance, clinical assessments, and patient care workflows. Responsibilities include clinical documentation, HIPAA compliance, multidisciplinary coordination, and care planning. Requirements: Healthcare certification or nursing degree, EHR software, and clinical standards.",13115648,"ADMISSIONS EXECUTIVE Professional Summary Highly motivated, creative professional with strong leadership and relationship-building skills. Experienced in applying principles of sociology to personnel handling, administration, education, management and marketing problems. Core Qualifications Microsoft Office Training and development Marketing and sales specialist Group behavior and dynamics Charismatic public speaker Community resources specialist Motivated team player Natural leader Organized and efficient Experience Admissions Executive August 2015 to Current Company Name - City , State Evaluated program performance against expectations. Maintained compliance with company and legal requirements. Reviewed program needs and recruited qualified staff. Inspired students to translate their academic interests into the real world by taking positive actions. Counseled undergraduates in regard to educational and professional goals. Communicated with the registrar's office to review and process requests for requirements waivers. Organized recruitment and admission events for prospective students. Served as an Academic Adviser for undergraduate students each year. Worked with upper management to ensure appropriate changes were made to improve customer satisfaction. Trained staff on how to improve customer interactions. Customer Service Specialist December 2004 to August 2015 Company Name - City , State Developed, implemented and monitored programs to maximize customer satisfaction. Resolved customer questions, issues and complaints.. Conducted weekly, monthly, and quarterly team meetings discussing company goals, productivity, and team building. Developed rapport with the customer base by handling difficult issues with professionalism. Addressed committee meetings and brought procedural ideas to steering committees promoting nutrition, physical and mental assessment programs Provided Behavioral Based Safety and Education by promoting training and certification for all employees. Generated and distributed daily reports and order acknowledgments to appropriate personnel. Organized placement tests for applicants. Entered data into Excel spreadsheets tracking individual health assessments for any discrepancies. Community Outreach Coordinator Intern January 2015 to April 2015 Company Name - City , State Responsible for the coordination of community events to individuals and families promoting healthy environments and lifestyle changes to enhance emotional, physical, and ",0.12,Hard Negative,Low Match
PAIR-00255,Senior Talent Acquisition & People Operations Manager,HR,"Seeking a Human Resources Manager to lead end-to-end recruitment, employee onboarding, compensation benchmarking, and organizational culture initiatives. Responsibilities include sourcing candidate pipelines, managing ATS workflows, facilitating performance reviews, and ensuring labor law compliance. Requirements: Full-lifecycle recruiting, ATS proficiency, employee relations, and HR strategy.",19616406,"HR DIRECTOR Professional Summary Experienced HR Manager over 3 facilities with 10 years of proven HR experience in all areas of Employee Relations, Benefits, 401k Management, Payroll, EEOC, AAP, FAA/DOT, Workers Compensation & Safety. Core Qualifications Employee relations Benefits administrator Employment law knowledge Interviewing expertise Payroll expertise Manager coaching and training Staffing and recruiting professional Experience HR Director May 2005 to Current Company Name City , State Onboarding, Hiring & Recruiting Advertising, Staffing Agencies, On-line Applicant administration, Interviews, Employment Verification, Pre-Employment Testing, Drug Screenings, Presented Job offers, I-9 & E-Verify Administration, New Hire Reporting, HR & Safety Orientation Benefit Administration Manages all aspects of benefits Including new enrollment, changes & termination for: Health, Dental, Vision, Life Insurance, Short Term Disability & Long Term Disability coverage, Employee Assistance Program, Section 125 Accounts, Employee Loan Agreements & Deductions, Uniforms, Audits, COBRA notification & 5500 preparation for filing. 401k Administrator Tracked New Employee Eligibility, Established Quarterly Enrollment Meetings, Administered Employee & Employer Deferral Calculations & Submissions, Loans, Distributions, Plan Force-Outs, QDRO's, Mandatory Compliance Mailings & Plan Document Administration. Payroll Administered payroll law, reviewed & submitted weekly payroll, Managed all Garnishments, Levies & Child Support Orders. Managed updates & changes to time keeping system. Maintained Employee Absence database for all personal, vacation & sick time. Company Communication - Employee recognition awards, Employee notices via publications, Intranet postings & e-mail. FMLA Administration of: Initial Qualification Requirements, Employee notification via required compliance forms, documentation follow up with both employees and their physicians, days away tracking & return to work notices. Temporary Help Management Coordinated temporary workers with staffing company including: Placement of workers, pre-placement documentation requirements, drug testing, background screen, safety training, Time system set-up for both new and terminated temps & training sign-off as necessary Training System Management - Entered new employees, established job roles & groups, set-up training courses, set-up training sessions & managed training reporting for complete & incomplete training. Input tra",0.85,Positive Match,Good Match
PAIR-00206,Senior Corporate Accountant & Auditor,ACCOUNTANT,"Looking for a Senior Accountant to oversee general ledger reconciliations, tax compliance, payroll auditing, and financial reporting. Responsibilities include month-end closing, balance sheet reconciliation, internal audit preparation, and regulatory filing. Qualifications: CPA or accounting degree, ERP experience (NetSuite, SAP), GAAP standards, and internal control compliance.",29595906,"LABORER Career Focus Looking for an entry level job with challenges. Nolan has excellent communications skills, works well with others, while skillfully making independent decisions. Looking for a long term job to better myself. Accomplishments Captain of high school Football and Baseball 2014-2015 Lettered Varsity Football 4 years Lettered Varsity Baseball 3 years Lettered Varsity Track 1 year Voted Most Athletic by classmates 2015 First Team All Region Football 2014 Second Team All Conference Football 2014 Skills Dependable Fast Learner Trustworthy Hard working Experience 08/2016 to 12/2016 Company Name City , State Aided in Aircraft mechanics, aircraft clean up, and restoration. 02/2016 to 05/2016 Laborer Company Name City , State Categorized livestock to be sold at auction. Worked with live animals in livestock pens and with auctioneers. In charge of loading and unloading livestock. 06/2014 to 08/2014 Laborer Company Name City , State Part time summer worker in charge of general labor and maintenance of parts and inventory. Education HVAC New River Community College City , State , USA 2015 Advance Diploma Rural Retreat High School City , State , USA Certifications CDL Class A Learners Pesticide Applicator Certificate Boating Safety Course Certificate Hunter Safety Course Certificate",0.24,Hard Negative,Low Match
PAIR-00111,Senior Enterprise Sales Representative,SALES,"We are hiring a Senior Enterprise Sales Representative to manage full sales cycles, conduct product demonstrations, and exceed quarterly quotas. Responsibilities include prospect qualification, objection handling, commercial contract closing, and pipeline tracking in Salesforce. Requirements: Proven enterprise quota attainment, CRM mastery, presentation skills, and strong customer relationship building.",17704246,"SALES ASSOCIATE Summary Experienced Manager at HyVee Grocery Store with excellent client and project management skills. Action-oriented with strong ability to communicate effectively with technology, executive, and business audiences. Self-motivated and dependable while achieving high performance with minimal supervision. Demonstrated the ability to complete tasks accurately despite interruptions and competing demands. Detail-oriented and organized Transportation Logistics Coordinator offers comprehensive background in transportation management. Expert in transportation operations, waste prevention and safety compliance. HyVee with broad background, including management, customer service and general warehouse operations. Vast experience in all aspects of loading and transporting materials. Resourceful Hyvee and Retech with 2 years Hyvee and ReTech 1year in warehouse and inventory management. Specializes in increasing efficiency and accuracy in shipping and receiving operations. Hyvee and ReTech trained in supply chain management with extensive knowledge of enterprise deployment systems. Hardworking [ specializing in efficient loading of merchandise and on-time deliveries. Versed in all operational and financial aspects of fleet management, quality control, inventory control and customer service. Successful 16+ year career in shipping and supply chain management. Dynamic and results-oriented delivery professional specializing in business operations and transportation management. Excels in organized recordkeeping and client relations. Demonstrated the ability to complete tasks accurately despite interruptions and competing demands. Experienced with excellent client and project management skills. Action-oriented with strong ability to communicate effectively with technology, executive, and business audiences. Self-motivated and dependable while achieving high performance with minimal supervision. Creative professional with extensive project experience from concept to development. Skills Quick learner Training and development Change management Reports generation and analysis Time management skills Operations management Excellent communication Excellent communication Client-focused Excel in management, maintenance Experience 03/2007 to 03/2008 Sales Associate Company Name City , State Engage with the store team and customers to provide excellent customer service Display a positive attitude and promote teamwork Exhibit professionalism in appearance and conduct F",0.89,Positive Match,Strong Match
PAIR-00120,Senior Enterprise Sales Representative,SALES,"We are hiring a Senior Enterprise Sales Representative to manage full sales cycles, conduct product demonstrations, and exceed quarterly quotas. Responsibilities include prospect qualification, objection handling, commercial contract closing, and pipeline tracking in Salesforce. Requirements: Proven enterprise quota attainment, CRM mastery, presentation skills, and strong customer relationship building.",27233183,"SALES ASSOCIATE Summary Punctual, customer-focused professional focused on exceeding expectations and building customer loyalty. Flexible schedule and strong communicator who consistently meets and exceeds customer service goals. Reliable team player with an enthusiastic, outgoing attitude. Highlights Interpersonal communication High customer service standards Adapt to diverse groups Excellent people skills Skilled problem solver Consistently meets sales goals Personable Motivated team player Conflict resolution proficiency Strong problem solving ability Active listener Exceptional organizational skills Experience Sales Associate 10/2013 to 01/2014 Company Name City , State Priced merchandise, stocked shelves and took inventory of supplies. Alerted customers to upcoming sales events and promotions. Identified potential shoplifters and alerted management. Determined customer needs by asking relevant questions and listening actively to the responses. Answered customer telephone calls promptly and in an appropriate manner. Followed merchandising guidelines to present visually appealing displays. Followed merchandising guidelines to present visually appealing displays. Resolved all customer complaints in a professional manner while prioritizing customer satisfaction. Childcare Professional 03/2013 to 01/2016 City , State Carefully monitored children's play activities. Prepared meals per employers instruction or om my own if instruction was not provided Disciplined children and recommended other measures to correct behavior. Incorporated music and art activities to encourage creativity and expression. Routinely picked children up from school and activities. Escorted children on outings and trips to local parks and zoos. Upheld all CPR and First Aid certifications. Cashier 10/2011 to 05/2012 Company Name City , State Operated a cash register for cash, check and credit card transactions with 100% accuracy. Cleaned and organized the store, including the checkout desk and displays. Alerted customers to upcoming sales events and promotions. Identified potential shoplifters and alerted management. Completed all point of sale opening and closing procedures, including counting the contents of the cash register. Handled all customer relations issues in a gracious manner and in accordance with company policies. Welcomed customers into the store and helped them locate items. Used time efficiently when not serving customers, including folding clothes and cleaning out fitti",0.92,Positive Match,Strong Match
PAIR-00152,Corporate Financial Analyst & Portfolio Specialist,FINANCE,"Seeking a Financial Analyst to perform financial modeling, variance forecasting, corporate valuation, and investment analysis. Key responsibilities: preparing quarterly financial statements, conducting discounted cash flow (DCF) modeling, budget reconciliations, and executive risk briefings. Requirements: Advanced Excel, financial modeling, GAAP compliance, SQL, and analytical problem solving.",24670867,"GLOBAL FINANCE ACCOUNTANT Summary Honest, reliable, dependable, hardworking, quick learner, enthusiastic, motivated individual with strong work ethics, who is results driven, detail oriented, and well organized with a fervent desire to learn and be part of a professional team which offers continued opportunities for professional and personal growth. Skills Excellent people and self-management techniques, Excellent Client or Business partner relations, Excellent Written and Oral communication abilities, Excellent problem-solving skills, File maintenance, Experience using Windows 98, 2000, 2007, 2010, 2013, Power Point, MS Outlook, MS Word, Bolt, MAC, Millennium, Internet, SAP 7.5, Sabre, Great Plains, Lawson HRIS, CSG, ProAlpha, Quick Books, Centricity, AS400, Oracle R11, Oracle R12, MAS 90, Kofax, Excel. Knowledge of Financial Management and human resource, SOX compliant procedures and ISO900. Experience Global Finance Accountant Oct 2016 to Current Company Name City , State Process and Analyze invoices and expense reports to ensure appropriate approvals in accordance with CGE Expenditure Authorization Guidelines. Ensures accuracy of tax calculations for all invoice payments and accrues additional tax expense and payable during the posting process. Communicate with business partners and external vendors on invoice inquiries and other expense related activities. Apply company, cost center, general ledger (GL), and other required coding for financial information system entries to ensure accuracy of posting entries and accrual reporting. Compile and prepare standard reports for review by other associates and managers in accordance with accounting standards and company policies. Create, prepare and distribute weekly proposals to the team. Researched discrepancies and updated accounts with accurate information. Resolved reconciliation discrepancies in a timely manner. Ensure that company financial systems are robust, compliant and support current activities and future growth. Reconciled all Balance Sheet accounts monthly. Review the Financial Statements monthly to ensure accuracy. Managed company policies regarding capital requirements, debt, taxation, equity, disposals and acquisitions, as appropriate. Established a high level of credibility and manage strong working relationships with external parties including vendors and advisors prepare for financial audit and coordinate the audit process. collect and analyze financial information to recommend or develop e",0.91,Positive Match,Strong Match
PAIR-00101,Enterprise Business Development Manager,BUSINESS-DEVELOPMENT,"Seeking an experienced Business Development Manager to identify new market opportunities, negotiate high-value corporate partnerships, and drive revenue growth. Responsibilities: B2B pipeline development, enterprise client pitching, contract negotiation, competitive analysis, and strategic relationship management. Requirements: 4+ years B2B sales/development experience, CRM proficiency, and executive communication skills.",13330982,"TEACHER Summary Education professional driven to create an environment that promotes hands-on learning for children at all stages of the learning process. Highlights Microsoft Office Smart Board Geographic Information System Engrade Skedula Working knowledge of Internet First Aid and CPR Certified Excellent classroom management Accomplishments Counseling Developed and implemented the Fairness Committee, which is a restitution process run by students to help resolve peer issues in a positive, non-judgmental environment Served as student mentor and counselor for students when academic problems and personal adjustments arose, meeting with guardians to reach solutions. Plan Development Monitored and facilitated weekly meeting of Student Council Instructed and advised on leadership skills, incorporated a trip to Ramapo for Children to help instill those leadership qualities. Developed a student-based constitution, and ensured its implementation. Oversaw all student government issues. Coordinated with the COSA teacher to plan and implement school-wide events. Organized and planned a Holiday Gift Giving event in conjunction With the Coney Island Generation Gap at the NY Aquarium. In-cooperation with Diploma Plus High School and Coney Island Generation Gap organized and supervised a Teen Summit about success after High School and Greening the Community. Organized and supervised Student Talent Showcase. Organized and supervised senior trip, prom, and graduation. Ran fund-raising events including a fund-raising benefit concert for a young child who has San Fillipo Syndrome. Coordinated a Pay it Forward Campaign in our school. Community Service Served as Environmental action team leader Won two National Events and came in second in another event. Instilled importance of conservation and protection of the environment, by beach clean ups, environmental awareness events, paperless Friday to celebrate Earth Day, and established a recycling program in our school. Monitored the cleaning of Keiser Park Beach in Coney Island where we pulled off over 1,000 pounds of garbag Sponsered a graffiti clean up in Coney Island. Affiliations include Alliance for Climate Education, Partnership for Parks/Coney Island division, Friends of Kaiser Park, Community board 13, Coney Island Generation Gap, and Urban Neighborhood Services. Experience Teacher , 09/2009 to Current Company Name City , State Taught Regents level Earth Science , developed curriculum, projects, and exams, facilitated a",0.17,Hard Negative,Low Match
PAIR-00289,Digital Marketing & Content Strategy Lead,DIGITAL-MEDIA,"Seeking a Digital Marketing Lead to oversee omnichannel growth campaigns, SEO/SEM performance, brand content creation, and analytics tracking. Responsibilities: managing Google Ads / Meta ad spend, conversion rate optimization (CRO), social media strategy, and ROI performance reporting. Requirements: Google Analytics, SEO tools, paid advertising, and copywriting.",24953921,"MEDIA SERVICES COORDINATOR Summary Life-long San Antonio resident, dedicated and technically skilled professional with a diverse background, strong people skills, team player, highly organized, excellent collaboration and communication skills, ability to multi-task and adapt well to change. Excellent in resolving employer challenges with innovative solutions, systems and process improvements proven to increase efficiency, customer satisfaction and the bottom line. Highlights Proficient in Microsoft Office applications, Quick Books Pro, Google Tools/Apps for Education, Type 70 WPM, 10-Key by touch with accuracy, HTML5, CSS, Basic PHP, Adobe Creative Cloud, Techsmith Relay, Camtasia, Snag-it, Web Research skills, Web 2.0 tools, Video-Web conference skills, Mass deployment and configuration of iOS device skills, Clear understanding of Project cost, Excellent Customer Service skills, Strong Analytical, Collaboration, Communication, Written, Organizational, and Multi-tasking skills. Accomplishments Led the development of inventory control metric system. Decreased the number of issues in an electronic classroom by developing metric system of technology issues. Experience Media Services Coordinator 01/2009 to Current Company Name City , State Responsible for all accounting and financial functions, AP, AR, PR, GL/bank reconciliations and month-end closing, prepare financial reports, track travel, purchase departmental supplies, upkeep of office equipment * Assists Director in budget planning based on asset tracking and depreciation of capital equipment * Responsible for the tracking of a number of expense accounts for construction projects, supply and expenses, grants and one time initiative budgets * Responsible for reviewing and processing contractor draws in a timely manner ensuring all services and supplies have been rendered * Purchaser for all AV classroom technology equipment * Monitor and troubleshoot AV technology classroom issues at a tier II level, dispatch technicians as needed * Responsible for the upkeep of helpdesk ticketing systems * Assist the Director and Audio Visual Classroom Technology Design/Project Manager in various special projects as well as provide technical support for video conferences, webinars and various other multi-media services * Assist in the management of technology in newly designed and commissioned classrooms; deploying tablet touch controls and similar multi-media equipment * Serve as the Lynda.com Campus Administrator, prep",0.85,Positive Match,Good Match
PAIR-00247,Senior Talent Acquisition & People Operations Manager,HR,"Seeking a Human Resources Manager to lead end-to-end recruitment, employee onboarding, compensation benchmarking, and organizational culture initiatives. Responsibilities include sourcing candidate pipelines, managing ATS workflows, facilitating performance reviews, and ensuring labor law compliance. Requirements: Full-lifecycle recruiting, ATS proficiency, employee relations, and HR strategy.",19179079,"RECRUITING AND HR MANAGER Summary Experienced Corporate Recruiter who is self-motivated, results driven, highly responsive and able to prioritize effectively to accomplish multiple tasks and stay calm under pressure. Offering over 6 years of recruiting, human resources and staffing experience with a Bachelor's Degree in Human Resources Management. Experience with full life-cycle recruiting of qualified IT professionals including college graduates, experienced software developers, business/technical consultants, sales executives, project managers, and executive level staff. Highlights Excellent interpersonal, communications and negotiation skills Pro-active and creative sourcing strategies Full life-cycle recruiting Infor Talent Management Thrive in a fast paced environment Knowledge of EEO/AA regulations Experience with online recruiting sources College recruiting Extremely adept working with multiple hiring managers Comfortable handling high requisition load On-boarding New hire orientation HR management ADP Workforce Now Benefits Administration Strong MS Office skills including Word, Excel, PowerPoint and Outlook Experience Recruiting and HR Manager 06/2015 to Current Company Name City , State ENAVATE provides business consulting and industry-focused enterprise software solutions based on the Microsoft Dynamics AX and CRM platforms, with a full range of services including professional services, maintenance and support. Through its wholly owned subsidiary, Celenia Global Services, the company also provides consulting and software development services to Microsoft Dynamics enterprise clients, ISVs and VARs worldwide. Recruitment & Onboarding Responsible for managing and leading the recruitment process to meet the various staffing goals across all levels of the ENAVATE and Celenia North America organization (Development, Delivery/Consulting, Sales/Marketing, Operations, Program Management, Managed Services, and Shared Services departments) Develop recruitment strategies to achieve required staffing levels Manage all recruiting activities for open positions to include sourcing, screening, interviewing, selecting and hiring candidates Create, streamline, improve and update recruiting process, procedures, forms and tools Maintain partnerships with hiring managers to determine characteristics, criteria, and needs of open/new positions Ensures there is an understanding of the job presented in reference to its requirements and the type of candidate sought Work wi",0.96,Positive Match,Strong Match
PAIR-00046,Senior Systems / DevOps Engineer,ENGINEERING,"Looking for a Senior Systems & DevOps Engineer to automate build infrastructure, manage Linux server fleets, and ensure high availability across multi-region environments. Responsibilities include writing Terraform infrastructure as code, configuring CI/CD pipelines, monitoring system metrics with Prometheus and Grafana, and diagnosing system bottlenecks. Requirements: Linux administration, Docker, Kubernetes, Terraform, Bash/Python scripting, and networking fundamentals.",10985403,"MECHANICAL ENGINEERING INTERN Summary CAD | CAM | Finite Element Analysis | Mechanical Design | Product Design and Development Skills 5 years of experience with CAD packages (SolidWorks, Autodesk Inventor, AutoCAD, CATIA, PTC CREO) 2.5 years of experience with CAE Softwares (HyperMesh, Abaqus, ANSYS, Optistruct) 2.5 years of experience with Analysis (Linear & Non-linear Static, Dynamic, GD & T, Tolerance Analysis, Design Optimization) Experience with Sheet metal, Design for manufacturing, generating Bill of Materials, DFMEA, Sculpting. Experience with advanced material selection for rapid prototyping, advanced manufacturing, welding and 3D printing. Experience 09/2013 to 05/2014 Company Name Finite Element Analysis of Industrial Robotic Assembly, Illinois Institute of Technology, Chicago Jan - May 2016. Conceptualized, brainstormed and designed a 6-axis SCARA Robot for pick and place operation in automotive industry. Performed static analysis with stainless steel 304 to evaluate the maximum load an assembly can lift before yielding. Also, analyzed Gripper and joints to eradicate future failures. Optimized design using OptiStruct by varying mesh sizes and element order. Simulated assembly with dynamic analysis to find distorted elements and to verify optimized structure. Reliability Engineering Analysis on Automotive Oil Pump, Illinois Institute of Technology, Chicago Sept - Dec 2015. Used industrial reliability specifications to select the power consumption and flow rate at three distinct levels of rpm to study its variability. Improved system using Taguchi analysis by optimizing signal to noise ratio. Conducted Failure Mode Effect Analysis (FMEA) to analyze potential causes of failures to deliver clean oil upon demand Abstracted and designed Near Dry Machine with two inlet nozzles. Performed fluid analysis and actual results on lathe machine. Provided vegetable oil as a coolant with pressurized air on flank face of the tool, which resulted in unburnt and recyclable chips. Gearbox Design, Narsee Monjee Institute of Management Studies, Mumbai Jan - May 2013. Designed a gear box with different gears such as spur, helical worm by considering seals, lubricating oil and bearings. Assigned materials and performed dynamic simulation to define contact surfaces. 06/2013 to 08/2013 Mechanical Engineering Intern Company Name Initiated a project to perform a failure investigation in mufflers due to the low clearance of roads and provided feedback. Established and coor",0.98,Positive Match,Strong Match
PAIR-00123,Senior Enterprise Sales Representative,SALES,"We are hiring a Senior Enterprise Sales Representative to manage full sales cycles, conduct product demonstrations, and exceed quarterly quotas. Responsibilities include prospect qualification, objection handling, commercial contract closing, and pipeline tracking in Salesforce. Requirements: Proven enterprise quota attainment, CRM mastery, presentation skills, and strong customer relationship building.",29184740,"SALES Career Focus Sales and Marketing expertise includes over 15 years in the Atlanta Real Estate Industry with professional awards and multi million dollars in sales volume yearly. As an Independent Contractor, I managed all aspects of sales,marketing, human resources, advertising and tax accountability with one assistant. I have also been the business manager part time for a local bicycle store a well as working full time building clientele for a major retailer and iconic internationally recognized cosmetics firm. Skills Sales, strong problem solving and team building skills computer proficient affinity for concise but thorough record keeping internet and social media saavy, goal oriented with counter business model ready for creative staffing and event idea execution good interpersonal awareness/ open to persuasive communication and coaching awareness of client needs/interests as well as upper ideas for development and management goals Professional Experience Sales 01/2007 08/2015 Company Name City , State Savoir Faire and Chanel Atelier Academy Graduate Macys My Client Award Develop for clientele and marketing strategy to increase staff productivity and volume. Maintained client log of over 500 contacted through email,text and voice on a weekly basis and by appointment. Host dynamic social media networking page/website for clients up to the minute information. Maintain explicit Chanel guidelines for hygiene/ beauty treament and makeup application.Function as Fragrance Ambassador for the line. Create, schedule and advertise special events and promotions for Chanel product line. Interface with clients in store regarding their treatment and beauty application. Our clients include Atanta celebrity and fashion industry names as well as local Vinings , West Cobb and some Buckhead Chanelophites. Real Estate Sales 01/1997 Current Company Name City , State Atlanta Board of Realtors Million Dollar Club Life Member Coveted Phoenix Award denoting 10 consecutive years of over one Million per year in sales Former Jenny Pruitt/Harry Norman Realtor Top sales producer in office many years for homes in price range of $150,000 - $950,000. Specialize in single family homes and condominium - new and resale purchases. Relocation credentials for assisting transfered employees in the sale of their home or purchase of a home if buyer coming into Atlanta. Chief/Volunteer 01/1990 01/1992 Company Name City , State Managed and trained a volunteer force of 30 firefighters within P",0.88,Positive Match,Strong Match
PAIR-00122,Senior Enterprise Sales Representative,SALES,"We are hiring a Senior Enterprise Sales Representative to manage full sales cycles, conduct product demonstrations, and exceed quarterly quotas. Responsibilities include prospect qualification, objection handling, commercial contract closing, and pipeline tracking in Salesforce. Requirements: Proven enterprise quota attainment, CRM mastery, presentation skills, and strong customer relationship building.",37735467,"SALES ASSOCIATE Summary Dedicated Sales Associate offering [Number] years of success in fostering quality shopping experiences through expert needs assessment and extensive product knowledge. Proven history of exceeding sales targets and meeting customer needs with effective product solutions. Skilled in training and mentoring new associates on customer service and sales best practices. Talented [Job Title] with strong background in [Area of expertise] . Passionate about [Type] sales, customer relationship management and merchandising. Strategically increase profitability with enhanced displays and appealing ensembles. Focused [Job Title] driven to develop and implement fresh sales and marketing strategies with financial and operational discipline. Skilled at building strategic partnerships and managing existing relationships. Proven leader with history meeting and exceeding sales objectives. Skills Inventory control procedures Cash handling accuracy Dispute mediation Relationship selling Merchandising knowledge Sales expertise Cash register operation Client account management Excellent communication skills Market research and analysis Product Sales Retail merchandising expertise Experience 06/2018 - 10/2019 Sales Associate , Company Name , City , State Answered incoming telephone calls to provide information about products, services, store hours, policies and promotions. Retained product, service and company policy knowledge to serve as resource for both coworkers and customers. Surpassed daily sales goals [Number] % by cross-selling [Product or Service] and promoting additional products. Sold various products by explaining unique features and educating customers on proper application. Collaborated with fellow sales team members to achieve group targets, frequently exceeding quotas [Number] % or more. Built and maintained effective relationships with peers and upper management to drive team success toward common sales, service and operational goals. Offered product and service consultations and employed upselling techniques. Assisted customers by finding needed [Type] items and checking inventory for items at other locations. Won store sales competition for [Task] , resulting in [Result] . Listened to customer needs to identify and recommend optimal [Product or Service] selections. Conferred with management to offer feedback on operations and promotions based on customer preferences and purchasing habits. Recruited, hired and trained new hires to optimize",0.97,Positive Match,Strong Match
PAIR-00110,Senior Enterprise Sales Representative,SALES,"We are hiring a Senior Enterprise Sales Representative to manage full sales cycles, conduct product demonstrations, and exceed quarterly quotas. Responsibilities include prospect qualification, objection handling, commercial contract closing, and pipeline tracking in Salesforce. Requirements: Proven enterprise quota attainment, CRM mastery, presentation skills, and strong customer relationship building.",16223371,"SALES Summary To obtain a position where I can utilize my skills and work in an environment that will enhance my knowledge and career. Great organization and communication skills that will aid in excellent customer service and satisfaction. Highlights Bi-lingual Multi-line system expert Superior communication skills Data entry Claims expert Install coordinator Proficient in ordering materials Payroll Cheerful and energetic Effective team player Superior organization skills Dependable and reliable Goal oriented Self motivated Experience Sales 03/2016 to Current Company Name City , State Managing job after sale to completion of install Handling claims Invoices Ordering material Exchanges and returns Track down custom orders to make sure they arrive on time Up-selling customers on special materialsManaged wide variety of customer services and administrative tasks to resolve customer issues quickly and efficiently Install Sales Coordinator 03/2014 to 03/2016 Company Name City , State Managing job after sale to completion of install Handling claims Invoices Installer payroll Ordering material Exchanges and returns Track down custom orders to make sure they arrive on time Up-selling customers on special materials Managed wide variety of customer services and administrative tasks to resolve customer issues quickly and efficiently Keyholder/Sales Associate/Copy Center Supervisor 03/2008 to 12/2013 Company Name City , State Open/close the store in place of manager. Handle customer ""issues"" in a professional manner. Match customers with the absolute best solution to meet their needs. Complete customer orders in a timely manner. Manage & help all departments of the store reach an exceed sales budgets & goals. Train all new associates in correct policy and procedure. Prepare deposit for previous day of business. Cashier/ Customer Services 01/2006 to 03/2014 Company Name City , State Responsibilities Customer service. Meet & exceed sales goals. Help customer find solutions for his/her business or home. Re-stock and clean front end at the end of shift. Skills Bi-lingual Excellent communication skills Outstanding people skills Creative, insightful, innovative, assertive Leadership- result oriented and goals achiever Efficient under pressure Proficient phone skills Education Business, Freshman Truckee Meadows Community College City , State Business, Freshman High School Diploma 2007 West High School City , State",0.9,Positive Match,Strong Match
PAIR-00332,Clinical Healthcare Specialist & Administrator,HEALTHCARE,"Looking for a Healthcare Specialist to manage patient intake protocols, electronic health record (EHR) compliance, clinical assessments, and patient care workflows. Responsibilities include clinical documentation, HIPAA compliance, multidisciplinary coordination, and care planning. Requirements: Healthcare certification or nursing degree, EHR software, and clinical standards.",26125407,"HEALTHCARE ADMINISTRATION INTERN Professional Summary To find a position that will utilize my knowledge while working in tandem with in a highly-regarded setting. Skilled at communicating, organizing and solving problems to raise the stature and rankings of health care facilities. Skills Strong p resentation skills Effective staff coach Strategic planning capability Planning and development Supervisory training Analytical thinker Supervisory training Quality improvement competency Independent judgment and decision making Work History Healthcare Administration Intern , 01/2014 to 04/2014 Company Name City , State Conducted a feasibility study on 12, 10 and eight hour shifts by compiling statistics. Handled detail work including make and maintaining a work schedule for 16 employees. Proposed new ideas for the holiday and schedule guidelines. Worked with a LEAN coach, Budget Director, Human Recourse, Pay Roll Reprehensive to get an over view of how things are ran in the department. Worked with tight deadlines. Skillfully developed departmental goals, objectives, standards of performance, policies and procedures. Organized the department in accordance with administrative guidelines in order to provide specified nursing services to meet the legal, organizational and medical staff guidelines. Interpreted and communicated new or revised policies to staff. Led the planning and achievement of goals and objectives consistent with the agency mission and philosophy. Pulmonary Lab Technician , 04/2011 to Current Company Name City , State Performed 12-lead EKGs on patients throughout the health system using the GE MAC 5000 EKG Machine. Assumed responsibility for reading EKGs for normal and abnormal results and reporting these to the Doctor, Charge Nurse or Nurse. Extracted arterial blood for blood gas tests for patients using ABL800 Flex Radiometer and ran samples, reported and verified results. Identified abnormal results and report the results to the appropriate personnel; maintained the ABL800 Flex with changing out membranes, waste, calibration solutions and gas tanks. Maintained and ensured timely replenishment of supplies for the laboratory, especially those used to conduct EKGs and blood gas tests. Conducted monthly correlations and reruns of samples; organized EKG logs, credit logs and sample rejection logs. Compose the schedule for 24 lab employees. Skillfully developed departmental goals, objectives, standards of performance, policies and procedures. Led the p",0.89,Positive Match,Strong Match
PAIR-00019,Senior Software / IT Systems Engineer,INFORMATION-TECHNOLOGY,"We are seeking a Senior Software & IT Systems Engineer to design, deploy, and scale high-performance software applications and cloud infrastructure. Responsibilities include building RESTful APIs, optimizing relational and NoSQL databases, containerizing microservices with Docker and Kubernetes, and troubleshooting distributed networks. Required skills: Python, Java, JavaScript/TypeScript, SQL, Linux, Cloud (AWS or Azure), Git, and CI/CD automation.",28697203,"AS INFORMATION TECHNOLOGY PROJECT MANAGER Summary SUMMARY Skilled IT professional with 7 years of proven success in developing and leading cross-functional technical teams to execute and deliver major technology initiatives using the Agile methodology and Scaled Agile Framework (SAFe). Well-versed in managing projects with co-located and off-site teams. Expertise in gathering and translating requirements, leading scrum teams, and release management, including owning the release management lifecycle for multiple applications across different environments. Skills Agile methodology Project management SAFe Program Increment (PI) Planning Scrum / Kanban / Scrumban Aptitude for resolving challenging problems Client relations Team building Release management Scrum master / Business analyst Atlassian suite (JIRA, Confluence, Trello) Public Trust Clearance Level 4 Agile Approach Budget Business analyst Concept Client Client relations Features Functional Team building Managing Meetings Procurement Project Management Project plans Real-time Risk-assessment SCADA Supervisory Control and Data Acquisition Fluent in Spanish Upgrade Experience Company Name | City , State INFORMATION TECHNOLOGY PROJECT MANAGER 03/2019 - Current Support Design-Build Supervisory Control and Data Acquisition (SCADA) Upgrade Project using project management expertise. Identify and implement technology tools to facilitate resource planning for multiple projects, identify interdivisional dependencies, encourage real-time team collaboration, and develop streamlined workflows to expedite project submittal reviews. Introduced the concept of SAFe to lead planning event to prioritize fiscal year acquisition and procurement needs based on project criticality and available internal resources. Developed annual planning process to support capital improvement planning activities such as project identification and prioritization. Company Name | City , State AGILE PROJECT MANAGER 10/2014 - 03/2019 Led transition of risk-assessment tools from downloadable software to web-based platform, including EPA's Vulnerability Self Assessment Tool, Climate Resilience Evaluation and Awareness Tool (CREAT), and the Workshop Planner for Climate Change and Extreme Events Adaptation tool. Developed project plans and cost estimates with well-defined milestones in collaboration with project team and subcontractors for each contract period of performance. Tracked project level-of-effort and budget expenditures to enable the te",0.95,Positive Match,Strong Match
PAIR-00279,Digital Marketing & Content Strategy Lead,DIGITAL-MEDIA,"Seeking a Digital Marketing Lead to oversee omnichannel growth campaigns, SEO/SEM performance, brand content creation, and analytics tracking. Responsibilities: managing Google Ads / Meta ad spend, conversion rate optimization (CRO), social media strategy, and ROI performance reporting. Requirements: Google Analytics, SEO tools, paid advertising, and copywriting.",33893326,"JR PUBLISHER MANAGER Summary Media Buying and Optimization Since September 2011 I've started to work at advertising companies. At the beginning of my experience, I did telemarketing activities that allowed me to promote and sell business' projects to potential and faithful customers. I began the major work experience at a multinational corporation (in Milan). This gave me several concepts and procedures to plan client's digital advertising campaigns. Customers I worked with were: Calvin Klein, 20th Century Fox, Luxottica, Paypal, Indesit, Panasonic, Pernod Ricard, Burberry, Fastweb, Allianz. I worked as Digital Manager's assistant. In January 2014 I started to work at an Affiliation Marketing Agency. I scheduled email marketing campaigns relating to several industries: finance, insurance, telco, travel, date, general products and services. I was in charge of the following campaigns: Edenred, Poinx, Utet, Compara Meglio, Photobox, etc. I'm cheerful and determined person. Also I'm inquiring person and I like knowing the news. I'm able to manage my work in orderly and precise way; I'm able to work in stressed situations and I respect fixed deadlines. Career Objectives Highlights Driving license: B Key skills: Telemarketing Web Marketing (Display advertising, DEM) Knowledge of Microsoft and Office applications Good knowledge about these advertising software: NetBox, AdRelevance, Nielsen Audiweb, Amnet platform Good familiarity with devices (mobile, tablet) Competitive analysis Strategies and performance analysis Experience JR Publisher Manager Jan 2014 to Mar 2014 Company Name Company Website: Clickpoint is a Digital Marketing Company that supports clients in getting the most from their online campaigns in terms of Return on Investment. Key responsibilities: Planning Direct Email Marketing campaigns Managing relationships with publishers in order to: define online campaigns pipelines; give suggestions about the best campaigns suitable for the reference database; define remuneration models Managing DEM campaigns on targeted databases (on behalf on advertisers) Monitoring and controlling DEM's previews: sending the kit with details campaign; reception previews; customer approvals Marketing analysis about clients' performances Campaigns' optimization. JR Digital Media Planner Nov 2011 to Nov 2013 Company Name Company Website: Aegis Media is a multinational media agency that helps clients build consumer relationships by communicating their products and brands effe",0.87,Positive Match,Good Match
PAIR-00222,Senior UI/UX & Product Designer,DESIGNER,"We are hiring a Senior UI/UX Designer to craft intuitive user experiences, responsive layouts, and interactive design systems for web and mobile platforms. Responsibilities: user journey mapping, high-fidelity wireframing in Figma, design system maintenance, usability testing, and cross-functional handoff to frontend engineers. Requirements: Figma mastery, design thinking, prototyping, and typography.",39776400,"SR.TOOLING DESIGNER Professional Profile Experienced Mechanical Designer creating high quality CAD models and engineering drawings in a variety of technical manufacturing industries with experience working in manufacturing and advanced technology industries, designing, detailing, assembling, debugging, and utilizing a strong machine shop background. Design & drafting experience includes: equipment for tooling, fixtures, automated machines, structural steel detailing, sheet metal design, Engineering Change Order as well as Red Line drawing changes, weldment fixtures and hands on fabrication Autodesk Inventor experience release 10 through 2015 and SolidWorks experience release 97 Plus Certified, Trained in 2008-2009 & Current work experience with 2010. Drawing standards include compliant with ANSI/ASME, ANSI/AWS, as well as ITAR, good understanding of both English & Metric Geometric Dimensioning and Tolerancing Techniques Qualifications Inventor modeling Drafting techniques Creating bills of materials Detail-oriented Interpersonal skills Negotiation skills Experience Sr.Tooling Designer 01/2010 to Current Company Name City , State Using Autodesk Inventor 2012,2015 and AutoCAD 2015 to produce original tooling designs and working drawings. Support of domestic and foreign manufacturing facilities in trouble-shooting tooling design issues. Processed Engineering change requests to prepare and update drawings to current standards. GD&T taskforce member working with a cross functional group to make drafting changes and standard for the Metal Packaging Division. Mechanical Design Engineer 01/2010 to 01/2010 Company Name City , State Processed drawing changes for the Ion Beam coating chambers on both standard and custom configuration chambers. Original design work to simplify and reduce the interior shielding to a establish a standard for future configurations. Design and drawing software was SolidWorks. Mechanical Design Engineer 01/2010 to 01/2010 Company Name City , State Retrofitted existing tooling and designed additional features for the LeyBold coating chamber for production work Created original part designs, solid models, detailing, Iges or Step files for solid model geometry and, PDF files for in-house data file management Revised and updated electronic drawing files providing hard copies of the latest revisions to production teams Used standard methods to insure work was checked back into the projects correct file location. Design and drawing software incl",0.9,Positive Match,Strong Match
PAIR-00066,Senior Systems / DevOps Engineer,ENGINEERING,"Looking for a Senior Systems & DevOps Engineer to automate build infrastructure, manage Linux server fleets, and ensure high availability across multi-region environments. Responsibilities include writing Terraform infrastructure as code, configuring CI/CD pipelines, monitoring system metrics with Prometheus and Grafana, and diagnosing system bottlenecks. Requirements: Linux administration, Docker, Kubernetes, Terraform, Bash/Python scripting, and networking fundamentals.",29746235,"SECURITY AIDE I Professional Summary A Compassionate Security Aide that has strong experience working with developmentally disabled adults and creating individualized recreational plans to assist them with community integration. Skills Strong verbal communication Data management Extremely organized Project management Client assessment and analysis Powerful negotiator Self-motivated Staff development Conflict resolution Team leadership Risk management processes and analysis Process implementation Huge experience with therapeutic recreational services, activities and programs Outstanding knowledge of psychiatric patient care techniques Thorough knowledge of working in acute care, assisted living and other healthcare setting Good understanding of abuse reporting protocols Familiarity with recreational therapy and therapeutic recreation programs. Amazing ability to develop recreational therapy plans Ability to design, implement, and coordinate therapeutic programming Immense ability to build positive working relations with patients and colleagues Remarkable ability to provide therapies independently or in groups Work History Security Aide I , 2017 to Current Company Name City , State Obtained documents, clearances, certificates and approvals from local, state and federal agencies. Performed initial client assessment and analysis to begin research process. Analyzed departmental documents for appropriate distribution and filing. Worked directly with department, clients, management to achieve result.. Developed new process for employee evaluation which resulted in marked performance improvements. Responsible for creative design for prominent project. Supported Chief Operating Officer with daily operational functions. Student Worker , 01/2016 to 01/2017 Company Name City , State Complete clerical and data entry tasks, interoffice mail and file important documents. Support and provide coverage of the administrative desk; Adhere to the code of confidentiality in certain cases where discretion is required;. Record odometer reading and maintenance support provided to University's vehicles and driver assistance during event functions when additional support as needed. Resident Advisor , 08/2015 to 01/2017 Provide guidance, social support and security within Residential Life community, and foster an environment that allows 40 students to meet their academic goals. Increase students' knowledge of policies and procedures of Residential Life and increase students involveme",0.26,Hard Negative,Low Match
PAIR-00081,Enterprise Business Development Manager,BUSINESS-DEVELOPMENT,"Seeking an experienced Business Development Manager to identify new market opportunities, negotiate high-value corporate partnerships, and drive revenue growth. Responsibilities: B2B pipeline development, enterprise client pitching, contract negotiation, competitive analysis, and strategic relationship management. Requirements: 4+ years B2B sales/development experience, CRM proficiency, and executive communication skills.",22765255,"ASSOCIATE DIRECTOR BUSINESS DEVELOPMENT Summary Persuasive business development professional, successful at establishing and maintaining key partnerships with corporate decision makers. Offering more than 12 years of successful corporate business development and operations experience. A top-performer with the entrepreneurial vision and leadership skills to drive business expansion. Proven skills in driving results, product development, project management, account management and problem solving. Successful at leading large scale commercialization of new platform and innovation initiatives for highly visible capital projects. Recognized for leading teams to exceed results in fast paced, high growth business environments. Committed to healthy eating, healthy living and a healthy planet. Bilingual. Highlights Business Development Cross Functional leadership New Product Commercialization Effective Negotiator Manufacturing Processes Change Management Operations Management Build Dynamic teams Marketing Strategy and Innovation Diversity and Mentoring Accomplishments Recognized for leading teams to exceed results in fast paced, high growth business environments Granted ""Values in Action Award"" for an outstanding leadership role Granted, ""Values in actions award"" for leading a flawless execution Kraft Foods, Coffee Bean Brilliance Award, 2015 Kraft Foods, President Choice Award, 2013 Experience Associate Director Business Development 12/2012 to Current Company Name City , State Lincoln Led commercialization effort for the largest platform innovation program and the largest strategic partnership in the history of Kraft Foods with over $25MM capital investment in multi countries. Y1 combined GR +$300MM Avatar Responsible for leading team engagement which includes establishing strategic team meetings, review project time lines and cost regularly with the project team, facilitate creation of mitigation/contingency plans and manage communication to senior leadership and manufacturing facilities. Operations Supervisor 01/2012 to 12/2012 Company Name City , State Co-led the largest new product initiative in the history of Kraft Foods. Delivered $140MM GR in Y1. Spear headed first moment of truth and shopper relevancy by creating in store merchandising program and by designing and delivering sales materials and shelf set recommendations for top 5 customers. Developed IMC by creating the consumer response plan for social media, direct consumer and CRM. Developed full recomme",0.96,Positive Match,Strong Match
PAIR-00179,Senior Corporate Accountant & Auditor,ACCOUNTANT,"Looking for a Senior Accountant to oversee general ledger reconciliations, tax compliance, payroll auditing, and financial reporting. Responsibilities include month-end closing, balance sheet reconciliation, internal audit preparation, and regulatory filing. Qualifications: CPA or accounting degree, ERP experience (NetSuite, SAP), GAAP standards, and internal control compliance.",29050809,"ACCOUNTANT II Summary A Professional Accountant with more than 10 years of full-range, progressive accounting experience in general accounting and financial reporting. I have a solid understanding of GAAP and experience in Regulatory (Statutory) STAT Accounting Principles. Also with proven ability to manage multiple assignments while meeting tight deadline schedules. Possess reputation as a self-directed professional with excellent problem solving and analytical and communication skills. I also have a proven track record of performing work in an ethical manner while consistently maintaining the integrity of all financial data. Specialized expertise in data review and analysis, finding resolutions to identified issues and creating accounting reports and recommendations to my findings. Skills Month-end close activities - Reconciliations/Analysis Accounts Payable & Accounts Receivable General Ledger Entries & Audits Research, Investigation & Resolution Financial Analysis & Reporting Business Accounting Process Improvements Microsoft Office Proficient Fixed Asset Accounting Cash and Bank Reconciliations Intercompany Accounting Business Property, Income, Sales & Use Tax Return Preparation Complex Expense Reporting & Reconciliation Financial Statements & Preparations Grants & Contracts Accounting Hospitality/Golf Course Accounting Regulatory/Statutory Accounting Principles Property Management & Lease Accounting Experience Accountant II 10/2016 to Current Company Name City , State Responsible for CL500 - Events Clearing. Revenue 506000, 570496/670496. LB49R no Other Revenues. Month End Deficit Funds and Account Analysis. Run allocation and reconciliation Admi. Fees on Revenues (FDN 6%, 49R 5%). Journal generate CRG, CPG, CTL, CFM, CPP and CPS. Responsible to review 90-days & over (Grants) and 30 days (Others) Accounts Receivable. Account reconciliations. Clean the M0380 Fund Balance. Daily AR Payment Application. Responsible FDN-GL Inbox. Grant Accountant 09/2014 to 11/2016 Company Name City , State Responsible for independently performing a full range of work in general accounting and financial reporting using knowledge of generally accepted accounting principles and practices and a working knowledge of governmental accounting methods. Monthly account reconciliations (AR & Revenue Collected in Advance for Grants). Monthly recon for drawdown grants. All federal drawdowns. Journal entry preparation & review JEs from GCAs. Invoice/billing for Grants. Send out billi",0.95,Positive Match,Strong Match
PAIR-00069,Enterprise Business Development Manager,BUSINESS-DEVELOPMENT,"Seeking an experienced Business Development Manager to identify new market opportunities, negotiate high-value corporate partnerships, and drive revenue growth. Responsibilities: B2B pipeline development, enterprise client pitching, contract negotiation, competitive analysis, and strategic relationship management. Requirements: 4+ years B2B sales/development experience, CRM proficiency, and executive communication skills.",36574147,"BUSINESS DEVELOPMENT SPECIALIST Summary Dynamic and reliable Banking Professional with 15 years of retail banking, customer service and consulting experience. Many years as a Trainer has instilled an ""adapt and connect"" way of thinking, always ready for the ever-changing industry of banking. Highlights Management Customer Service Sales Analytical Presentation Training Coaching Creative Solutions Accomplishments -Selected as a member of various corporate projects at IBC Bank, First National Bank, PlainsCapital Bank. -Elected Board President for a community involvement organization. -Selected as a member in Edinburg Leadership Class XX. -Served as project chair for numerous community outreach events. Experience Business Development Specialist 11/2014 Current Company Name City , State Served as liaison between credit union and major local vehicle dealership. Serve as key component in their solution to the lack of indirect lending. Initiate lending processes for the purchase of used and new vehicles for prospective members and follow through to the close of loan. Cross-sold other convenient bank products meant to gain prospect's entire financial relationship. Owner/Partner 07/2011 Current Company Name City , State Mr. Mister is a privately created and privately owned by my Brother, Father, and I to meet the cooling needs of the residents of South Texas. Mr. Mister designs, installs and maintains customized high-pressure mist cooling systems. Mr. Mister also will provide mist cooling solutions for rental clients for outdoor events. Vice President- Regional Training Manager 09/2013 03/2014 Company Name City , State Coordinated training schedules for new/ existing employees (400+). Managed a team of 3 trainers. Responsible for executing corporate training goals. Managed day-to-day department needs. Participated in coordination and execution of FI conversion and training. Vice President- Training Manager 01/2013 09/2013 Company Name City , State Developed and Implemented new training strategy. Created various training paths for various departments. Authored training courses with training materials. Coordinated training schedules for new/ existing employees (400+). Managed a team of 3 trainers. Managed day-to-day department needs. Commercial Sales & Services Consultant 05/2012 01/2013 Company Name City , State Sold convenient commercial products to businesses such as ACH generation, Remote Deposit Capture, Positive Pay, etc. Analyzed internal reporting to identify ",0.89,Positive Match,Strong Match
PAIR-00267,Senior Talent Acquisition & People Operations Manager,HR,"Seeking a Human Resources Manager to lead end-to-end recruitment, employee onboarding, compensation benchmarking, and organizational culture initiatives. Responsibilities include sourcing candidate pipelines, managing ATS workflows, facilitating performance reviews, and ensuring labor law compliance. Requirements: Full-lifecycle recruiting, ATS proficiency, employee relations, and HR strategy.",24001783,"NATIONAL MARINE FISHERIES SERVICE NMFS SPECIES OBSERVER Objective Looking for employment in an Environmental Engineering position that will help further my career while bringing my experience and education to the company as well. Summary A result driven, diligent and highly accomplished professional with curiosity and creativity about the environment possessing over 12 years experiences in Environmental Science, develop solutions to resolve environmental problems; taken part in water pollution control, water recycling, biological waste disposal, and public health issues; participated in the design of aquaculture wastewater treatment systems; experienced in laboratory operations and safety procedures. Education Ph.D : Soil, Water and Environmental Science 2014 University of Arizona City , State , USA Soil, Water and Environmental Science MSc : Soil, Water and Environmental Science 2014 University of Arizona City , State , USA. Soil, Water and Environmental Science Diploma : Management 2006 University of London City , State , UK Management BSc. : Agriculture 2002 University of Guyana City , State , Guyana Select One City , State GPA: Graduate Student Travel Award Institute of the Environment, 2013 Professional Experience National Marine Fisheries Service NMFS Species Observer 07/2015 to Current Company Name City , State Monitor for sturgeons (Atlantic and Shortnose) and other endangered species found within the dredging area of the $3.1 Billion New NY Bridge Project; Monitor dredging, decanting and offloading operations of dredge materials for sturgeons and other endangered species; Collect and record biological data (length, weight, DNA samples); Collect and process fish specimens for necropsy; Communicate observations and finding to New York State Thruway Authority (NYSTA), New York State Department of Environmental Conservation (NYSDEC) and others when on site. Environmental Research Assistant 01/2011 to 06/2014 Company Name City , State Performed laboratory analysis of water for physical and chemical parameters such as algae, temperature, conductivity, pH, salinity, dissolved oxygen, nitrite, nitrates and turbidity; Directed the Western Regional Aquaculture Center commercial farm tilapia feed trials, prepared reports and present research findings; Collected biological samples and conducted proximate analysis (protein, lipid, moisture and energy) on fish tissue and feed samples; Acted as a liaison between the UA Food Products and Safety laboratories, Mont",0.2,Hard Negative,Low Match
PAIR-00064,Senior Systems / DevOps Engineer,ENGINEERING,"Looking for a Senior Systems & DevOps Engineer to automate build infrastructure, manage Linux server fleets, and ensure high availability across multi-region environments. Responsibilities include writing Terraform infrastructure as code, configuring CI/CD pipelines, monitoring system metrics with Prometheus and Grafana, and diagnosing system bottlenecks. Requirements: Linux administration, Docker, Kubernetes, Terraform, Bash/Python scripting, and networking fundamentals.",15261348,"CHEF AND RESTAURANT MANAGER Summary Chef with 15 years of highly recognized work in catering and restaurant management in 4 star hotels and leading restaurants. Specializes in creating menus that attract and retain customers for events and parties. Looking for a challenging role in culinary management. Highlights Focus on portion and cost control High volume production capability Orchestrated a successful profit and loss statement Inventory management control ServSafe certified Utilized systems to successful cost Cross training ability Successfully implemented front and back of the house training and guideline program Food cost control specialist Skillful kitchen staff trainer Accomplishments Successfully managed a kitchen staff of 15 employees during high volume dinner services for more than125 covers each night. Also have extensive knowledge of catering both on and off-site productions. Managed front and back of the house with team members Grossed over 20k per week in food and Beverage sales Experience Company Name City , State Chef and Restaurant Manager 12/2007 to 01/2017 Up-sold additional menu items, beverages and desserts to increase restaurant profits. Up-sold additional menu items, beverages and desserts to increase restaurant profits. Provided nutritious, safe, visually appealing, innovative and properly prepared and flavored food. Consistently tasted, smelled and observed all dishes to ensure they were visually appealing and prepared correctly. Consistently emphasized food quality and specialized baking techniques. Identified opportunities to increase revenue, decrease kitchen expenses and maximize departmental productivity without compromising guest satisfaction. Highly Skilled in final plate preparation with authentic presentation. Consistently emphasized food quality and specialized cooking techniques. Company Name City , State Chef and Restaurant Manager 12/2007 to 01/2018 Up-sold additional menu items, beverages and desserts to increase restaurant profits. Up-sold additional menu items, beverages and desserts to increase restaurant profits. Provided nutritious, safe, visually appealing, innovative and properly prepared and flavored food. Consistently tasted, smelled and observed all dishes to ensure they were visually appealing and prepared correctly. Consistently emphasized food quality and specialized baking techniques. Identified opportunities to increase revenue, decrease kitchen expenses and maximize departmental productivity without c",0.22,Hard Negative,Low Match
PAIR-00242,Senior Talent Acquisition & People Operations Manager,HR,"Seeking a Human Resources Manager to lead end-to-end recruitment, employee onboarding, compensation benchmarking, and organizational culture initiatives. Responsibilities include sourcing candidate pipelines, managing ATS workflows, facilitating performance reviews, and ensuring labor law compliance. Requirements: Full-lifecycle recruiting, ATS proficiency, employee relations, and HR strategy.",25676643,"HR SPECIALIST Summary An Human Resources Specialist with over 9 years in recruitment and federal employment processes. An energetic, innovative, out the box thinker who is a self-starter with excellent analytical, organizational and project management skills. As an HR Recruiter who communicates and collaborates effectively with all levels of personnel I rely on excellent interpersonal skills, outstanding customer service and a solid expertise in human resources management. I possess an e xtensive background in HR recruitment and staffing affairs, including experience in position management, HR Internship Program development and management, Pathways, Presidential Management Fellows, employee onboarding, orientation, HR policies, regulations and legal compliance. *Demonstrated success in managing HR programs, developing teambuilding programs, and writing standard operating procedures, hiring authorities and policies, job descriptions and management reports. Skills HR Advisory Services Strategic Recruitment Planning HR Policies & Procedures Staff Recruitment & Retention HR Program/Project Management Orientation & Onboarding Performance Management Delegated Examining Classification and Position Management Special Emphasis Programs MS Office (Word, Excel, PowerPoint, Access, Outlook) Excellent interpersonal and coaching skills Recruiting and selection techniques Proficient communicator Talent assessments Leadership Development Delegated Examining Social Media management and recruitment Experience HR Specialist 12/2016 to Current Company Name City , State Provide HR advisory services within the Office of Inspector General to mid-level and senior level managers. Serve as subject matter expert within the Talent and Acquisitions team regarding hiring authorities and flexibilities within Merit Staffing Procedures and Delegated Examining. Consult with HR managers and hiring officials regarding the use of Pathways Programs such as 1nternships, Recent Graduates and Presidential Management Fellows. Provide knowledgeable and effective advisory services to managers and senior leaders related to topics of Staffing and Recruitment, Classifications, Position Management, Schedule A, Special Emphasis Programs and Selective Placement Programs. Participate in preparation and review of case files for 2016 Delegated Examining Audit. Review and determine if case files are prepared correctly based upon the policies and regulations that govern Delegated Examining announcements. Revie",0.96,Positive Match,Strong Match
PAIR-00009,Senior Software / IT Systems Engineer,INFORMATION-TECHNOLOGY,"We are seeking a Senior Software & IT Systems Engineer to design, deploy, and scale high-performance software applications and cloud infrastructure. Responsibilities include building RESTful APIs, optimizing relational and NoSQL databases, containerizing microservices with Docker and Kubernetes, and troubleshooting distributed networks. Required skills: Python, Java, JavaScript/TypeScript, SQL, Linux, Cloud (AWS or Azure), Git, and CI/CD automation.",12334140,"PRODUCTION ASSOCIATE Summary Conclude your application letter by thanking the employer for considering you for the position. Include information on how you will follow-up. Complimentary Close Sincerely, Signature The following application letter template lists the information you need to include in the letter you submit with your resume when applying for a job. Use the application template as a guideline to create customized letters to send to employers with your resume. Then review letter samples to get ideas on writing your own application letters. The first paragraph of your job application letter should include information on why you are writing. Mention the job you are applying for and where you found the position. If you have a contact at the company, include it. Middle Paragraphs: The next section of your cover letter should describe what you have to offer the company. Make strong connections between your abilities and the requirements listed in the job posting. Mention specifically how your skills and experience match the job. Expand on the information in your resume, don't just repeat it. Try to support each statement you make with a piece of evidence. Use several shorter paragraphs or bullets rather than one large block of text. Conclude your application letter by thanking the employer for considering you for the position. Include information on how you will follow-up. State that you will do so and indicate when (one week's time is typical). You may want to reduce the time between sending out your resume and follow up if you fax or email it. View More Free Email Newsletter Top of Form Let About.com send you the latest from our Job Searching Expert. You can opt-out at any time. Please refer to our privacy policy for contact information. Bottom of Form Copyright Alison Doyle This cover letter takes the position requirements and matches the applicant's skills to those requirements. This way, the resume reviewer can see the candidate's relevant qualifications at a glance. Sample Targeted Cover Letter Your Name Your Address Your City, State, Zip Code Your Phone Number Your Email Date Name Title Organization Address City, State, Zip Code Dear Mr./Ms. Last Name: I am interested in the Coordinator position advertised on XYZ. My resume is enclosed for your review. Given my related experience and excellent capabilities I would appreciate your consideration for this job opening. My skills are an ideal match for this position. Your Requirements: Responsible ",0.92,Positive Match,Strong Match
PAIR-00059,Senior Systems / DevOps Engineer,ENGINEERING,"Looking for a Senior Systems & DevOps Engineer to automate build infrastructure, manage Linux server fleets, and ensure high availability across multi-region environments. Responsibilities include writing Terraform infrastructure as code, configuring CI/CD pipelines, monitoring system metrics with Prometheus and Grafana, and diagnosing system bottlenecks. Requirements: Linux administration, Docker, Kubernetes, Terraform, Bash/Python scripting, and networking fundamentals.",28078163,"SOFTWARE ENGINEERING MANAGER Summary Experienced software engineer, and hands-on engineering manager with 20+ years of product development experience in broadcast media, and 10+ years of experience in leading development teams (20+ engineers), hiring (10+ offers, 40+ interviews), HR personnel procedures, performance reviews, and project transitions. Professional Experience September 2009 to Current Company Name City , State Software Engineering Manager Visual C++, Windows, STL, OOP, MFC, threads, file maps, ATL, IPC, FTP, TCP, HTTP, XML, JSON, services, web services, REST API, SOA, media formats and standards, codec SDK and integration, MPEG-DASH, API design and documentation. BCD spinoff as Imagine in 2013) Nexio video servers and applications facilitate collaborative workflow in Nexio LAN with video servers, services and applications running in various nodes. Media comes from proprietary SAN or generic storage off NAS. Development and team management, Nexio servers' applications, Playout business unit: Relocated from IL to CA, took on larger role, and video server applications as well. Led team of 6 from Burbank, team of 8 from Naperville, and team of 8 (indirect report) from Beijing. Introduced peer reviews, repurposed components, and all 3 teams collaborated as one large team. Adopted Scrum since 2014 (ScrumMaster), team of 3 to 6 from Burbank; Naperville office closed in 2013. Team migrated source revision control to Mercurial / Jenkins, 30+ products. Recipient of ""Reuse Innovation Award"" for IP reuse, major factor to Server business unit turnaround. Released deliverables for Nexio Software Suite 6.0, 7.0, 8.0, Global Proxy Suite 2.5, 3.0, 3.5 Initiated, architected and executed SOA from concept to completion to facilitate decoupled UI clients, 2 web services and 10 services, and selected hands-on projects include: Hercules web service for web player solution based off MPEG-DASH Created C++ engine to process URI, handle sessions, and deliver segmented MP4 atoms (H.264, AAC) Provides dynamic HTML5 player page; JavaScript source based off dash JS. Supports multiple raster sizes and bit rates; ""ready to go"" and ""just in time"" sessions. Team helped with providing C# web service framework, CLI bridge layer, and device testing. Published functional, REST API, and URI specification document. JSON services on TCP stack using C++ as part of SOA Created API framework classes; multi-threaded server side socket classes. Created header only JSON parser on top of o",0.93,Positive Match,Strong Match
PAIR-00186,Senior Corporate Accountant & Auditor,ACCOUNTANT,"Looking for a Senior Accountant to oversee general ledger reconciliations, tax compliance, payroll auditing, and financial reporting. Responsibilities include month-end closing, balance sheet reconciliation, internal audit preparation, and regulatory filing. Qualifications: CPA or accounting degree, ERP experience (NetSuite, SAP), GAAP standards, and internal control compliance.",22465498,"ASSISTANT ACCOUNTANT Summary Accountant/Business Consultant Objectives; Dynamic, creative and proactive Accountant seeking a long-term opportunity within the business community, where my professional, experience, education, and abilities would be advantageous to the growth of my employer and my self. Profile Summary *ACCA Finalist *Qualified Diploma in Accountancy with 10 years Financial Accounting, Public Finance and Financial Management experience Skills Financial Management Financial Performance assessment Financial Planning Accounting Compliance/Auditing/Assurance Cash Management Budgeting Financial Reporting Cash Flow Statements Business consultant/Advisor Business Management Accomplishments High Integrity. Good sense of customer care. Good judgment and decision-making skills ACHIVEMENTS. Best Cashier in Barclays Bank Zambia Limited in 2002. Best Back Office Clerk in Barclays Bank Zambia Limited in 2003 REFEREES 1. Anna Mwinga Corporate Affairs and Human Resources Manager National Milling Company P.O Box 31980 Lusaka Tel: 211 221149 Cell: 0977 757437 2. Moses Simpokolwe Human Resources and Administrative Officer National Science and Technology Council. Experience 09/2005 to Current Assistant Accountant Company Name Government of the Republic of Zambia. Reporting to the Accountant. Functions include:. Closing of monthly accounts and preparing financial statements for submission to the council (Board of Directors). Scrutinizing source documents for completeness, accuracy and validity. Extracting details of expenditure, assets and liability from accounting system in order to analyze and verify accuracy and validity. Preparing worksheets and assisting with the preparations of financial statements. Monitoring of expenditure and ensure they remain within authorized levels. Examining the validity of requests for increase in imprest levels. Preparing disbursement vouchers to replenish imprest. Auditing various accounting transactions, e.g payroll, education grants payments, travel claim, to ensure correctness of disbursements and adherence to relevant staff rules, financial regulations, administrative instructions and practices. Process payments to vendors for goods and services, including calculating, imputing and checking payments for correctness and communicating any discrepancies to supervisors. Computing staff entitlements and processing payments to staff members regarding their entitlements, including salaries, claims, allowances and monthly subsistence",0.88,Positive Match,Strong Match
PAIR-00175,Senior Corporate Accountant & Auditor,ACCOUNTANT,"Looking for a Senior Accountant to oversee general ledger reconciliations, tax compliance, payroll auditing, and financial reporting. Responsibilities include month-end closing, balance sheet reconciliation, internal audit preparation, and regulatory filing. Qualifications: CPA or accounting degree, ERP experience (NetSuite, SAP), GAAP standards, and internal control compliance.",13701259,"SENIOR ACCOUNTANT Summary Senior Accounting Professional with extensive experience in various areas of accounting and finance. Visionary with strategic analytical skills. Practical, articulate and creative with proven ability to positively impact an organization's financial health. Proven ability to resolve conflict, improve processes, and is Lean Six Sigma certified. An expert negotiator with a continuous focus on ROI. Able to consistently meet challenges in a demanding work environment to achieve and exceed organizational goals.Results-orientated in a deadline-driven environment. Performance improvement and excellent vendor relations and customer service skills. Conceptual and exceptional multitasking abilities. Expertise includes: Highlights Cost control Month-end reconciliation and analysis Budgeting and forecasting Financial statements reporting Analytical and critical thinker Self-starter Superior research and investigation aptitude Internal and external auditing Experience 11/2009 - 01/2016 Company Name - City , State Senior Accountant One of the largest national providers of emergency and hospital medicine contract management services with an annual revenue of $350 million. HPP serves and supports hospital clients in more than 20 states and physicians across the country. Managed Subsidy Revenue and A/R process associated with over 70 contracts totaling $53 million in revenue. The process involved monthly closings, preparation of journal entries, accounts reconciliations and analysis. Preparation of monthly invoices, audit lead- schedules, budgeting and forecasting revenue, collections and expense control activities. Accruals, contract reviews. Quality measure benchmarks. Awarded employee of the quarter for reducing Company's outstanding A/R by 70% in 30 days. Increased Revenue by 20% by implementing an in-depth auditing process which maximized revenue recognition. Prevented negative impact on the bottom line by negotiating payment plans and settlements with clients who were experiencing financial difficulties minimizing risk exposure. Analyzed, identified and resolved issues affecting revenue. Coordinated and communicated with internal departments to ensure their understanding of revenue streams keeping revenue on target. Increased revenue significantly by recognizing established performance metrics that exceeded organizations expectations, improving the overall bottom line. Conducted monthly meetings with Executives and Legal to ensure accurate re",0.93,Positive Match,Strong Match
PAIR-00054,Senior Systems / DevOps Engineer,ENGINEERING,"Looking for a Senior Systems & DevOps Engineer to automate build infrastructure, manage Linux server fleets, and ensure high availability across multi-region environments. Responsibilities include writing Terraform infrastructure as code, configuring CI/CD pipelines, monitoring system metrics with Prometheus and Grafana, and diagnosing system bottlenecks. Requirements: Linux administration, Docker, Kubernetes, Terraform, Bash/Python scripting, and networking fundamentals.",10219099,"EQUIPMENT ENGINEERING TECHNICIAN Professional Summary Skilled Maintenance Mechanic Technician with superb problem solving and multi-tasking skills. Self-directed and motivated worker. To obtain a position where Teamwork, Integrity and Proffesionalism are a high standard in the Company's Mission Statement. All while engaing in new challenges and learning experiences. Skills 20 years of Material Management experience with State and Federal Government 13 years of Law Enforcement experience with the United States Marine Corps and Army National Guard. Knowledge of mechanical test equipment. Work from written/verbal instructions, schematics, rough sketches, troubleshooting diagrams, layouts and plans, interpretation and application of technical knowledge and understanding of mechanical theory and principles. Proficient in the use of PC's, MS office, 10key by touch and Customer Service skills. Forklift and Crane Certified Self motivated to Lead and Achieve Company goals with excellence, integrity and efficiency. NDT Level II Knowledge on mechanical, pneumatic and hydraulic theory and principles Work History Equipment Engineering Technician 05/2014 to Current Company Name City , State Responsibility for designing/selecting robotic systems, run simulation, implementation, commission and programming. Support and assist maintenance team in troubleshooting difficult breakdowns and chronic equipment failures. Conduct the installation of factory automation and electrical control systems for manufacturing equipment Provide Troubleshooting of electrical systems in plant manufacturing equipment Provide effective direction, coaching, and OJT to fellow employees on shift to boost their skill sets, and help Production achieve their goals. Plan and organize between shift and weekend work, including verification, for smooth operations. Assist the Supervisor in developing PMs and procedures for maintaining all of the equipment in the shop. Provide shift- to-shift communication in order to keep all associates up to speed and working toward the same goals. Set an example, and ensure that all associates comply with safety regulations and the plant's safety program. Work with engineers and fellow technicians to resolve technical problems. Assist in candidate selection as requested. Maintain departmental records Maintain spare parts inventory. Identify and order needed parts, maintain tracking system. Perform other duties as assigned by the Supervisor and Manager. Mechanical Technici",0.86,Positive Match,Good Match
PAIR-00204,Senior Corporate Accountant & Auditor,ACCOUNTANT,"Looking for a Senior Accountant to oversee general ledger reconciliations, tax compliance, payroll auditing, and financial reporting. Responsibilities include month-end closing, balance sheet reconciliation, internal audit preparation, and regulatory filing. Qualifications: CPA or accounting degree, ERP experience (NetSuite, SAP), GAAP standards, and internal control compliance.",94047639,"LINE CHEF Summary cook with 16 years of experience cooking in various environments. Prior work as prep cook, line chef, and sous chef. Motivated offering over years experience in the food industry. Focused on high standards for taste and quality, while maintaining profitable margins. Superior communication and leadership skills. I am very personable. I love working hands on with people and have worked in various field with customers and ensuring their satisfaction of their product. Line Cook with years of experience in high-pressure culinary environments. Skilled in preparing large volumes of food quickly and efficiently. Seeking to use culinary skills and expertise to prepare a special variety of dishes in a professional, rewarding environment. Highlights Strong attention to safe food handling procedures attention to detail Hospitality and service industry background ability to receive critique fast learner fast paced environment is ideal ability to delegate strong people person strong communication skills open minded .Focused and disciplined.High volume production capability Focus on portion and cost control High volume production capability Well-tuned palette Focus on portion and cost control Inventory management familiarity Experience line chef April 2013 to December 2013 Company Name City , State Prepared food items consistently and in compliance with recipes, portioning, cooking and waste control guidelines. Verified proper portion sizes and consistently attained high food quality standards. Maintained updated knowledge of local competition and restaurant industry trends. Led shifts while personally preparing food items and executing requests based on required specifications. Maintained smooth and timely operations in preparation and delivery of meals and kitchen sanitation. Properly labeled and stored all raw food ingredients including produce, meat, fish, poultry, dairy and dry goods in the appropriate storage room, walk-in refrigerator, freezer or cooler. Changed and sanitized all cutting boards, benches and surfaces when beginning a new task to avoid cross-contamination. Cooked and served food and meals in accordance with planned menus, diet plans, recipes, portions, temperature control procedures and facility policies. Positively engaged with customers, offering menu information, providing suggestions and showing genuine appreciation for their business. Practiced safe food handling procedures at all times. Promptly reported any maintenance and r",0.14,Hard Negative,Low Match
PAIR-00148,Corporate Financial Analyst & Portfolio Specialist,FINANCE,"Seeking a Financial Analyst to perform financial modeling, variance forecasting, corporate valuation, and investment analysis. Key responsibilities: preparing quarterly financial statements, conducting discounted cash flow (DCF) modeling, budget reconciliations, and executive risk briefings. Requirements: Advanced Excel, financial modeling, GAAP compliance, SQL, and analytical problem solving.",77638654,"FINANCE MANAGER Executive Profile Administrative professional offering excellent communication and computer skills. Meets deadlines and works with a high level of multicultural awareness and adaptability. Skill Highlights Extensive knowledlge of Real Estate programs Management Experience, Multitasking Extensive Customer Service and Problem Solving Experience Proficient in Quick Books, Act, and Microsoft Outlook. Microsoft Office Project management. Professional Experience Finance Manager June 2015 to Current Company Name - City , State Manage all finances through Quick Books , Budget planning, reconciliation of all accounts, accounts receivables and payables. National Sales Director and National Rehab Supervisor September 2013 to July 2015 Company Name - City , State Supervised and coordinate evictions with eviction attorneys to faciltated cash for keys negotiations and/or sheriff lock outs and supervise and coordinated Rehab of investment properties nationally by gathering, reviewing all bids for work orders and construction bids. Coordinated with agents nationally on purchases and sales of investment holdings. Review and negotiate all listing and purchase contracts as outlined by investors Advise investors on current property activity and prob!ems that occurred and their resolution. Maintain national pool of real estate agent through interviewing, hiring and discharge process. Review and process all accounts payable from vendors before sending to accounting with appropriate paperwork. Acted as office manage of the Lake Arrowhead branch, processing payroll, keeping up office supplies and maintaining office machines and maintaining service accounts. Executive Vice President September 2000 to July 2013 Company Name - City , State Oversaw daily office operations for staff of 3 employees. Prepared and distributed payroll for staff of 3 direct reports. Composed and drafted all outgoing correspondence and reports for directors Maintained website and weekly newsletter. Oversaw inventory and office supply purchases. Complied annual recommendations for next fiscal year budgets. Processed accounts receivable and accounts payable. Negotiated with vendors to order and maintain inventory of office supplies. Managed hundreds of accounts receivable accounts for local, State and National dues. Coordinated all travel arrangements, flights, hotels, transportation meeting registrations and course registrations for Directors attending State and National meetings Created expe",0.87,Positive Match,Good Match
PAIR-00016,Senior Software / IT Systems Engineer,INFORMATION-TECHNOLOGY,"We are seeking a Senior Software & IT Systems Engineer to design, deploy, and scale high-performance software applications and cloud infrastructure. Responsibilities include building RESTful APIs, optimizing relational and NoSQL databases, containerizing microservices with Docker and Kubernetes, and troubleshooting distributed networks. Required skills: Python, Java, JavaScript/TypeScript, SQL, Linux, Cloud (AWS or Azure), Git, and CI/CD automation.",13477922,"INFORMATION TECHNOLOGY SPECIALIST Professional Profile To continue work in the Information Technology field while developing my skills in Information Systems and Networking. Experience Information Technology Specialist April 2015 to Current Company Name Set up and maintained the network infrastructure both wired and wireless configuration. Setup and maintained all user's computers including hardware and software. Set up and assisted users with their e-mail accounts. I maintained security on our networks in which only company users could access the network. Setup and configured users android phones so they could access the company's resources. I maintained security on all companies' machines. Computer Technical Specialist September 2007 to January 2014 Company Name City Set up and maintain all software on Faculty and Staff computers in a Windows and McIntosh environment. Troubleshoot all software and hardware problems on user's machines. Check network connectivity issues on the client side. Set up and maintain all printers' scanners and fax machines for staff and faculty and students. Configure and setup all PDA s for all faculty and staff. Help maintain lab computers on the windows and McIntosh environment including hardware software and printing issues. Assist network Administrators with setting up and maintaining the network and assisting with network issues including routers switches and servers. This included DHCP server and Domain Controllers using active directory and a layer 3 thru 5 switches. Captured and pushed images to and from workstations with a ghost server. Pushed software packages to user's machines using a KBOX server. Maintaining all classroom projectors which were connected to a smart board including the attached devices. Installing and troubleshooting all software and hardware issues for the school of Engineering and applied science. Serve as the primary contact with vendors to maintain licenses. Maintain a license server to keep software operational. Set up and maintain intermapper which monitored all switches servers and lab workstations in real time to see if machines were up and running. Set up virtual machines and installed all software on client machines. Set up and configured Polycom qdx 6000 video and Tandberg conferencing machines. Set up and brought down conference calls. Senior Computer Network Support Technician November 2001 to September 2007 City , State Provide statewide data telecommunications and on the-site problem ana",0.94,Positive Match,Strong Match
PAIR-00039,Senior Systems / DevOps Engineer,ENGINEERING,"Looking for a Senior Systems & DevOps Engineer to automate build infrastructure, manage Linux server fleets, and ensure high availability across multi-region environments. Responsibilities include writing Terraform infrastructure as code, configuring CI/CD pipelines, monitoring system metrics with Prometheus and Grafana, and diagnosing system bottlenecks. Requirements: Linux administration, Docker, Kubernetes, Terraform, Bash/Python scripting, and networking fundamentals.",13264796,"DIRECTOR OF ENGINEERING Experience Director of Engineering , 04/2018 to 05/2018 Company Name City , State Calero is a leading provider of Communications Lifecycle Management (CLM) solutions designed to turn communication data into actionable insight by simplifying the management of voice, mobile, and other communications services and assets In control of two new product development teams and one legacy team working driving future growth Started the Atlanta Engineering office hiring 12 junior engineers and enabling them to be productive and working on roadmap items in less than 9 months Built new a new platform enabling the existing marquee software product to be multi-tenant and cloud-enabled Powering one-click upgrades / migrations, seamless movement across nodes, and unified performance monitoring 60% of all implementations are now deployed on this platform Created a new product segment for mobility including new mobile-first UI design, e-bonding, self-service responsive portal, unbilled usage tracking, and workflow-enabled device ordering Sr. Director Software Development , 04/2016 to 04/2018 Company Name City , State CLA is an alternative consumer lending providing consumer loans and various financial products Lead three different development teams focused on different areas of business: consumer lending, merchants, and medical insurance Responsible for business analysts, quality assurance, database administration, product management, and software development Moved team to agile scum process: stories, cards, standups, timebox releases, developer estimation, unit testing, release automation Increased quality and decreased time between releases Implemented a new single ticketing system across the company Created a new application with responsive UI for mobile and tablets for healthcare VP of Engineering and Operations , 08/2013 to 04/2016 Company Name City , State Www.pictureu.com PictureU is an innovator in the use of imaging and data capture technologies for experiential marketing and photo concessions Was responsible for all technology and operations in the organization Drove team in delivering innovative, quality applications and solutions that meet client requirements, industry standards, and company goals Built 4 new products from scratch including a 16-camera computer-controlled array and car detecting computer vision Product manager for new products gathering requirements, defining scope, schedule, wireframing, and story distillation Hired staff ",0.9,Positive Match,Strong Match
PAIR-00031,Senior Software / IT Systems Engineer,INFORMATION-TECHNOLOGY,"We are seeking a Senior Software & IT Systems Engineer to design, deploy, and scale high-performance software applications and cloud infrastructure. Responsibilities include building RESTful APIs, optimizing relational and NoSQL databases, containerizing microservices with Docker and Kubernetes, and troubleshooting distributed networks. Required skills: Python, Java, JavaScript/TypeScript, SQL, Linux, Cloud (AWS or Azure), Git, and CI/CD automation.",35421497,"TEACHER Summary Kind, compassionate and highly motivated Teacher dedicated to creating an atmosphere that is stimulating and encouraging to all students while learning. Desire to inspire and motivate children to achieve their absolute best. Expertise in individualizing instruction based on students needs and interests. Education Bachelor of Arts : Childhood Education 1-6 2007 Brooklyn College City , State Minor in Psychology. Associate of Arts : Liberal Arts 2003 Nassau Community College City , State Liberal Arts Experience Teacher Current Company Name City , State Create a classroom environment conducive to learning and growing. Adapt and modify lessons to meet student's academic needs. Conduct a variety of activities for individual lessons, group projects, and movement time to further enhance learning. Collaborate with other staff members to plan and schedule lessons promoting learning and student interests. Organize activities that develop children's physical, emotional and social growth. Redirect children to encourage safe and positive behaviors in the classroom. Encourage curiosity, exploration and problem-solving with age-appropriate playtime activities. Student Teacher 09/2006 to 02/2007 Company Name City , State Completed four months of teaching experience in a 1st grade classroom, collaborating with a cooperating teacher and other staff members to plan and schedule lessons that encourage learning. Differentiated instruction according to student interest, ability and skill level. Observed and assessed student performance and kept thorough records of progress using running records, rubrics, student portfolios, and teacher-made exams. Created a student-based, constructivist environment where exploration, questioning, problem solving, accountable talk, and a love for learning were promoted. Prepared lesson plans for each component of Balanced Literacy according to a new thematic unit every month. Established positive relationships with students, parents, fellow teachers and school administrators. Dentist Office Manager 07/2002 to 09/2012 Company Name City , State Led a team of 10 employees and was responsible for administering staff training and delegating duties for the practice. Promoted twice in my tenure. Managed difficult or emotional patient situations and responded promptly to patient needs in pain and emergencies. Educated patients about proper oral hygiene and prevention of dental diseases. Accurately collected and recorded patient medical an",0.31,Hard Negative,Low Match
PAIR-00037,Senior Systems / DevOps Engineer,ENGINEERING,"Looking for a Senior Systems & DevOps Engineer to automate build infrastructure, manage Linux server fleets, and ensure high availability across multi-region environments. Responsibilities include writing Terraform infrastructure as code, configuring CI/CD pipelines, monitoring system metrics with Prometheus and Grafana, and diagnosing system bottlenecks. Requirements: Linux administration, Docker, Kubernetes, Terraform, Bash/Python scripting, and networking fundamentals.",28628090,"ENGINEERING MANAGER Professional Summary Electrical Engineer with 20+ years of experience in semiconductors microlithography and strong project management background. Scope of work required extensive background in equipment engineering maintenance and process sustaining. Utilized experience in cross-function activities with other engineering, production and support organization for the completion of start-up semiconductor factory construction and equipment's. Outstanding communication skills in task-milestone reports provided senior level management with clear forecast of project completion. With additional experience in application marketing engineering, led team of business development managers and R&D engineer to grow DUV business for DOW chemical's globally from $ 300k to > $ 20 million in 3 years. Management skills Excellent leadership skills in cross-functional, team-based environment, multi cultural, with the ability to effectively communicate, influence and motivate at all levels of the organization. Strong understanding of financial measurements and goals that can be directly correlated to implementation of plans. Proven ability to analyze statistics and trend data with measured outcomes Dedicated Operations Manager demonstrating effective leadership in all aspects of the job. Excels at cutting costs and streamlining operations. Tech-savvy Project Manager versed in all aspects of project management from inception to completion. Excels in recruiting and talent acquisition, as well as process reengineering and improvement. Skilled Operation Manager with solid experience managing all levels of multiple projects including budgeting and administration. Skills Exceptional interpersonal communication Effective leader Budget development Budget development Staff training/development Consistently meet goals Efficient multi-tasker Deadline-oriented Work History Engineering Manager , 01/2000 to Current Company Name City , State Manage the performance and facilitating the development of direct report Encourage team member engagement by setting challenging goals and communicating line of sight Partnering with global counterparts on process. Transfer and technology issues and industry direction Managing Projects to ensure deliverable are completed within the required constraints (schedule, cost, resources,etc) Partnering with equipment and process counterparts, purchasing, facilities , contractors and vendors to buy, install and release of equipment) Maintain fl",0.95,Positive Match,Strong Match
PAIR-00100,Enterprise Business Development Manager,BUSINESS-DEVELOPMENT,"Seeking an experienced Business Development Manager to identify new market opportunities, negotiate high-value corporate partnerships, and drive revenue growth. Responsibilities: B2B pipeline development, enterprise client pitching, contract negotiation, competitive analysis, and strategic relationship management. Requirements: 4+ years B2B sales/development experience, CRM proficiency, and executive communication skills.",24001783,"NATIONAL MARINE FISHERIES SERVICE NMFS SPECIES OBSERVER Objective Looking for employment in an Environmental Engineering position that will help further my career while bringing my experience and education to the company as well. Summary A result driven, diligent and highly accomplished professional with curiosity and creativity about the environment possessing over 12 years experiences in Environmental Science, develop solutions to resolve environmental problems; taken part in water pollution control, water recycling, biological waste disposal, and public health issues; participated in the design of aquaculture wastewater treatment systems; experienced in laboratory operations and safety procedures. Education Ph.D : Soil, Water and Environmental Science 2014 University of Arizona City , State , USA Soil, Water and Environmental Science MSc : Soil, Water and Environmental Science 2014 University of Arizona City , State , USA. Soil, Water and Environmental Science Diploma : Management 2006 University of London City , State , UK Management BSc. : Agriculture 2002 University of Guyana City , State , Guyana Select One City , State GPA: Graduate Student Travel Award Institute of the Environment, 2013 Professional Experience National Marine Fisheries Service NMFS Species Observer 07/2015 to Current Company Name City , State Monitor for sturgeons (Atlantic and Shortnose) and other endangered species found within the dredging area of the $3.1 Billion New NY Bridge Project; Monitor dredging, decanting and offloading operations of dredge materials for sturgeons and other endangered species; Collect and record biological data (length, weight, DNA samples); Collect and process fish specimens for necropsy; Communicate observations and finding to New York State Thruway Authority (NYSTA), New York State Department of Environmental Conservation (NYSDEC) and others when on site. Environmental Research Assistant 01/2011 to 06/2014 Company Name City , State Performed laboratory analysis of water for physical and chemical parameters such as algae, temperature, conductivity, pH, salinity, dissolved oxygen, nitrite, nitrates and turbidity; Directed the Western Regional Aquaculture Center commercial farm tilapia feed trials, prepared reports and present research findings; Collected biological samples and conducted proximate analysis (protein, lipid, moisture and energy) on fish tissue and feed samples; Acted as a liaison between the UA Food Products and Safety laboratories, Mont",0.31,Hard Negative,Low Match
PAIR-00015,Senior Software / IT Systems Engineer,INFORMATION-TECHNOLOGY,"We are seeking a Senior Software & IT Systems Engineer to design, deploy, and scale high-performance software applications and cloud infrastructure. Responsibilities include building RESTful APIs, optimizing relational and NoSQL databases, containerizing microservices with Docker and Kubernetes, and troubleshooting distributed networks. Required skills: Python, Java, JavaScript/TypeScript, SQL, Linux, Cloud (AWS or Azure), Git, and CI/CD automation.",26801767,"DIRECTOR, INFORMATION TECHNOLOGY Professional Summary Results-driven IT director with over 30 years of experience in diverse industries, including Port and Higher Education. Expertise includes team leadership, technical architecture, training and development, disaster recovery planning, and information protection analysis. Dynamic, resourceful, and extremely driven individual with a deep passion for creating and delivering programs and solutions that empower a team, company, and customer to meet and exceed desired expectations. Core Qualifications IT management Results-oriented Operations management Budget administration Change management Problem resolution Team leadership Decisive leader Cost reduction Experience Director, Information Technology August 2008 to Current Company Name City , State Manages information technology computer center for the Board of Commissioners of the Port of New Orleans (Board). Develops, initiates, implements and monitors procedures necessary to determine the need for improvement of the system and operational activities. Makes recommendations on the acquisition, lease or rental of equipment and computer services, the development and implementation of new data processing programs and the expansion of existing equipment and programs. Provide information and recommendations to the Port's management relevant to the establishment of priorities for prospective system applications. Develops and/or revises data and practices concerning plan and procedures consistent with agency goals and objectives in the information communications fields. Formulates requests for bid and requests for proposals for major and minor I.T. professional services and hardware contracts. Directly involved in vendor selection and final contract negotiations and approvals. Supervises information technology and telecommunication staff and provides guidance and direction of daily activities. Develops and supervises the work of system project consultants. Provides consulting services to all Port departments and divisions concerning information systems, new programs and data processing. Develops form management procedures and reviews and justifies current practices. Evaluates existing manual and automated information-related activities including physical work environment, administrative procedures and work flows. Represents the Board of Commissioners on national and international committees and conferences as necessary. Prepares hardware, software and personnel budg",0.97,Positive Match,Strong Match
PAIR-00235,Senior UI/UX & Product Designer,DESIGNER,"We are hiring a Senior UI/UX Designer to craft intuitive user experiences, responsive layouts, and interactive design systems for web and mobile platforms. Responsibilities: user journey mapping, high-fidelity wireframing in Figma, design system maintenance, usability testing, and cross-functional handoff to frontend engineers. Requirements: Figma mastery, design thinking, prototyping, and typography.",12544735,"PATIENT ADVOCATE Summary Highly driven, organized and motivated Patient Advocate with over 7 years of experience in the healthcare field and customer relations. Skilled in providing compassionate, efficient patient care with a background in clinical settings. Experience in leading a team, new hire training, billing, claims, and records management. Experience 01/2016 to Current Patient Advocate Company Name City , State Served as liaison between the patient and hospital to coordinate patient care. Provided patient and staff support to better facilitate communication. Referred clients to social service agencies such as home health and hospice. Worked on call for any emergent patient needs. Provided off-site visits at local hospitals to offer emotional support. Established patient and provider boundaries to ensure appropriate behavior. 05/2015 to 12/2015 Claims, Eligibility and Benefits Specialist III Company Name City , State Identified and resolved discrepancies with patient eligibility/insurance coverage. Assisted in maintaining and developing procedure manuals. Trained new hires in eligibility and benefit and claims processes. Aided in development of strategies for revenue cycle initiatives. Managed, updated, and executed claims processing, as well as assisted team members in adjudicating claims. Developed streamlined methods of standard operating procedures. Worked with patients to obtain summary plan descriptions and ensure proper and timely claim adjudication. 05/2013 to 05/2015 Certified Data Entry Pharmacy Technician Company Name City , State Work from Home Carefully reviewed patient medical histories and diagnoses. Properly interpreted prescriptions, input written date, patient information, physician and ids, medication name and strength, correct and appropriate directions, quantities and dosage, additional patient allergies and diagnoses. Entered prescriptions into the EPost system efficiently and without errors. Researched CPT and ICD-9 coding discrepancies for compliance and reimbursement accuracy. Maintained knowledge of proper procedures, medical updates, changes in State and Federal laws. 09/2009 to 05/2013 Lead Certified Pharmacy Technician Company Name City , State Interviewed and trained new technicians, greeted patients, obtained personal information and medical history, interpreted and typed prescriptions accurately, dispensed drugs, released to patients. Retained knowledge of drug names and their generics, as well as knowing proper doses",0.23,Hard Negative,Low Match
PAIR-00068,Senior Systems / DevOps Engineer,ENGINEERING,"Looking for a Senior Systems & DevOps Engineer to automate build infrastructure, manage Linux server fleets, and ensure high availability across multi-region environments. Responsibilities include writing Terraform infrastructure as code, configuring CI/CD pipelines, monitoring system metrics with Prometheus and Grafana, and diagnosing system bottlenecks. Requirements: Linux administration, Docker, Kubernetes, Terraform, Bash/Python scripting, and networking fundamentals.",23009962,"ORGANIZATION DEVELOPMENT CONSULTANT Executive Profile Proven business leader with extensive consulting experience. Award winning Executive Coach with over 15 years of experience as an internal and external Organization Development Consultant. Pragmatic, critical and creative thinker who works with leaders to meet business challenges while increasing individual and organizational development. Exceptional ability to identify obstacles and implement processes that achieve targeted results. Professional Experience January 2006 to Current Company Name City , State ORGANIZATION DEVELOPMENT CONSULTANT Consulted with the CA Public Utility Commission (PUC) Executive Director and Senior Team to design and deliver an initiative to engage 800 employees in organization wide culture change. Work included interviewing executive staff, designing and facilitating meetings, coaching executive staff. The cultural shift from hierarchical to participative enabled the PUC to compete in the de-regulated environment. Designed and delivered, with a team of four consultants, an initiative to provide Appreciative Inquiry as an innovative method to improve all aspects of service delivery to county residents. The initiative culminated in a one-day conference for 400 Sacramento County employees in order to practice new skills. Project teams established to lead the implementation of Appreciative Inquiry throughout the organization. Co-authored County of Sacramento, Book of Success. Facilitated, with a team of 40 colleagues, controversial group discussions for NYC Citizen's Budget Commission planning session attended by 600 participants. Issues successfully prioritized which set the stage for Commissioner's use in decision making for upcoming budget. Designed and implemented an innovative 8-week job search training program which increased placement by 20% for training organization. January 2004 to January 2006 Company Name City , State STAFF LIAISON Established the County's first youth center by forging alliances between internal and external stakeholders. Improved performance of literacy program staff to manage more caseloads and increase client participation by providing leadership and coaching. Transformed governance committee, in jeopardy of losing funding, into a successful operational team that met deadline and was awarded funding. January 2000 to January 2001 Company Name City , State ORGANIZATION DEVELOPMENT CONSULTANT Developed and led the organization's first Corporate Educatio",0.25,Hard Negative,Low Match
PAIR-00296,Digital Marketing & Content Strategy Lead,DIGITAL-MEDIA,"Seeking a Digital Marketing Lead to oversee omnichannel growth campaigns, SEO/SEM performance, brand content creation, and analytics tracking. Responsibilities: managing Google Ads / Meta ad spend, conversion rate optimization (CRO), social media strategy, and ROI performance reporting. Requirements: Google Analytics, SEO tools, paid advertising, and copywriting.",56952849,"IT & MEDIA ADMINISTRATOR Summary Experienced IT Administrator with a keen eye for innovative solutions and 15 years of experience in troubleshooting, managing and ensuring that networks and systems run at optimum capacity. Highlights Windows, Apple, Linux and Cisco IOS Network upgrades; CISCO router management Technical specifications creation Website creation and maintenance Excellent problem-solving abilities Outstanding communication skills Exceptional diagnostic skills Graphic design Accomplishments I functioned as a member of the problem resolution and enterprise service desk teams handling over 22,000 employees regarding software, hardware and networking usage and configuration via telephone, email and ticket tracking software (Level 1, Level 2 and Level 3 support), representing over 50,000 computers and devices (desktops, laptops, printers) and a diverse group of end users, chiefly executive personnel. I drafted a proposal for a new training department to save the company $3.4 million. I maintained a total shrink (cycle counts, misc. adjustments, and year end inventory) of less than 1.10% of merchandise revenue by ensuring company's policies were strictly adhered to, information was accurate, and reports were properly worked. Experience IT & Media Administrator Jan 2006 to Current Company Name City , State Boosted website traffic by creating an integrated social media strategy, including a successful SEO and link-building campaign to increase the website's credibility and drive traffic Created effective messaging using language, graphics and marketing collateral Installed software, modified and repaired hardware and resolved technical issues Provided base level IT support to non-technical personnel within the business Identified and solved technical issues with a variety of diagnostic tools Remained up-to-date on the latest technologies and solutions applicable to company products. Reviewed technical documentation and procedures. Local Technology Coordinator Jan 2012 to Jan 2014 Company Name City , State Set up, configured and supported internal and/or external networks (including wireless), Windows environment, HP switches Maintained systems (Windows XP, Windows 7, Server 2003, Server 2008, Active Directory), software (Office, Medisoft V16, Dentrix, Dexis), hardware (printers, cameras), security, and network configurations Troubleshot network performance issues, printer issues, user account issues and more Recommended upgrades, patches and new appl",0.92,Positive Match,Strong Match
PAIR-00251,Senior Talent Acquisition & People Operations Manager,HR,"Seeking a Human Resources Manager to lead end-to-end recruitment, employee onboarding, compensation benchmarking, and organizational culture initiatives. Responsibilities include sourcing candidate pipelines, managing ATS workflows, facilitating performance reviews, and ensuring labor law compliance. Requirements: Full-lifecycle recruiting, ATS proficiency, employee relations, and HR strategy.",16852973,"HR ADMINISTRATOR/MARKETING ASSOCIATE HR ADMINISTRATOR Summary Dedicated Customer Service Manager with 15+ years of experience in Hospitality and Customer Service Management. Respected builder and leader of customer-focused teams; strives to instill a shared, enthusiastic commitment to customer service. Highlights Focused on customer satisfaction Team management Marketing savvy Conflict resolution techniques Training and development Skilled multi-tasker Client relations specialist Accomplishments Missouri DOT Supervisor Training Certification Certified by IHG in Customer Loyalty and Marketing by Segment Hilton Worldwide General Manager Training Certification Accomplished Trainer for cross server hospitality systems such as Hilton OnQ , Micros Opera PMS , Fidelio OPERA Reservation System (ORS) , Holidex Completed courses and seminars in customer service, sales strategies, inventory control, loss prevention, safety, time management, leadership and performance assessment. Experience HR Administrator/Marketing Associate HR Administrator Dec 2013 to Current Company Name City , State Helps to develop policies, directs and coordinates activities such as employment, compensation, labor relations, benefits, training, and employee services. Prepares employee separation notices and related documentation Keeps records of benefits plans participation such as insurance and pension plan, personnel transactions such as hires, promotions, transfers, performance reviews, and terminations, and employee statistics for government reporting. Advises management in appropriate resolution of employee relations issues. Administers benefits programs such as life, health, dental, insurance, pension plans, vacation, sick leave, leave of absence, and employee assistance. Marketing Associate Designed and created marketing collateral for sales meetings, trade shows and company executives. Managed the in-house advertising program consisting of print and media collateral pieces. Assisted in the complete design and launch of the company's website in 2 months. Created an official company page on Facebook to facilitate interaction with customers. Analyzed ratings and programming features of competitors to evaluate the effectiveness of marketing strategies. Advanced Medical Claims Analyst Mar 2012 to Dec 2013 Company Name City , State Reviewed medical bills for the accuracy of the treatments, tests, and hospital stays prior to sanctioning the claims. Trained to interpret the codes (ICD-9, CPT) ",0.86,Positive Match,Good Match
PAIR-00071,Enterprise Business Development Manager,BUSINESS-DEVELOPMENT,"Seeking an experienced Business Development Manager to identify new market opportunities, negotiate high-value corporate partnerships, and drive revenue growth. Responsibilities: B2B pipeline development, enterprise client pitching, contract negotiation, competitive analysis, and strategic relationship management. Requirements: 4+ years B2B sales/development experience, CRM proficiency, and executive communication skills.",28337049,"BUSINESS DEVELOPMENT COORDINATOR Professional Summary Program Coordinator bringing extensive background in Training Coordination, System Administration, and Operations . Organized, resourceful and detail-oriented with exceptional planning and decision-making abilities. Core Qualifications Troubleshooting and problem solving Exceptional telephone etiquette Professional demeanor Self-starter Time management ability Ability to prioritize Deadline-oriented Employee training and development Experience Business Development Coordinator May 2016 to Current Company Name City , State Technology Coordinator October 2014 to May 2016 Company Name City , State Supports Region Director of Technology and five System Engineers by tracking and forecasting opportunities from start to finish. Proposal creation in paperless proposal system. Created contracts upon new or amended technology sales. Manages all aspects of the Learning Management System and serves as the main point of contact for the South Region which consists of 11 states and Puerto Rico. Serves as the SSE/SOA Administrator for the south Region by setting up users, changes related to splits/merges and terminations, and reporting. Works with solutions team and IT by submitting appropriate documentation to get credentials created for Client portal. Creates WebEx conference meetings and maintains weekly Region training schedule for Operations, Sales, and HR content. Region Coordinator February 2014 to October 2014 Company Name City , State Carries out diverse administrative duties and implements organizational policies and practices on behalf of and as directed by the Region President. Aids the Region President by coordinating office services, such as personnel, records control, and conducting special management studies. Manages all aspects of the Learning Management System and serves as the main point of contact for the South Region which consists of 11 states and Puerto Rico. Liaison between the Region Office and shared services functions and proactively resolves day-to-day operational issues. Collects, organizes, compiles, analyzes and presents information pertaining to operations such as financial reports, budgets, customer service reports, and company or supervisor report requests; Compiles data and arranges for final preparation of reports for management decision-making. Plans and schedules meetings and events; maintains calendar of appointments and travel itineraries; Coordinates related arrangements. Executi",0.96,Positive Match,Strong Match
PAIR-00327,Clinical Healthcare Specialist & Administrator,HEALTHCARE,"Looking for a Healthcare Specialist to manage patient intake protocols, electronic health record (EHR) compliance, clinical assessments, and patient care workflows. Responsibilities include clinical documentation, HIPAA compliance, multidisciplinary coordination, and care planning. Requirements: Healthcare certification or nursing degree, EHR software, and clinical standards.",24548333,"SENIOR SPECIALTY SALES REPRESENTATIVE Summary Decisive seasoned Bio-pharmaceutical sales representative who drives territory growth through creative and innovative marketing strategies. Skilled at analyzing market trends and customer needs to develop highly-effective and targeted campaigns to drive revenue. Highlights Account management Customer service-oriented Quantitative analysis Deadline-driven Presentations Cross-functional team leadership Microsoft Office Suite expert Market segmentation Project management Competitive analysis Trade shows Accomplishments Launched aggressive growth plans that helped increase customer base of Flumist from 15 to 94 customers in the geography in 3 years. Presented PowerPoint presentation to Executive Leadership Team on customer segmentation strategy and customer returns strategy. Resulting program increased volume sales by 1Million in 1 year Provided subject matter content to a sales module on successful selling in a hospital environment. Resulting sales training from this module lead to significant increase in Synagis revenue from hospital sales and greater confidence of sales reps to enter hospital systems Created a project to increase sales team's collaboration. Used company's SharePoint Service to create a workspace for field use. Worked with Effectiveness Team to roll out a similar platform using Box.com. Program has been incorporated by Astra Zeneca to share information and increase collaboration of sales and commercial teams Experience SENIOR SPECIALTY SALES REPRESENTATIVE 01/2006 to 01/2010 Company Name City , State Key Responsibilities included: Marketing and promoting CVD products to NYC CV, Endocrinology, and Nephrology specialists and hospitals. Business Planning, Sales Forecasting and strong use of Excel. Meeting and exceeding sales goals. Built strong business relationships with healthcare executives and key opinion leaders. Strong collaboration with internal partners. Selected Accomplishments Awards of Excellence; 2007, 2008, 2009, resulting from collaborating and setting framework to open product contract negotiations, KOL identification, and press for formulary access at NYPH Cornell. Regional Market Events Think Tank Committee appointment - 2009: appointed to team by Regional Sales Director following market decline of Zetia, a direct result of sales performance and district leadership and initiatives Directors Award for ranking in the 20% of national sales team - 2008: strong sales achievement, measure",0.85,Positive Match,Good Match
PAIR-00321,Clinical Healthcare Specialist & Administrator,HEALTHCARE,"Looking for a Healthcare Specialist to manage patient intake protocols, electronic health record (EHR) compliance, clinical assessments, and patient care workflows. Responsibilities include clinical documentation, HIPAA compliance, multidisciplinary coordination, and care planning. Requirements: Healthcare certification or nursing degree, EHR software, and clinical standards.",27090089,"OWNER Summary Results-oriented individual with diverse background in management and customer service. Dedicated to providing excellent customer service and Strong work ethic, professional demeanor and great initiative. Highlights Microsoft Office proficiency Employee training and development Schedule management Results-oriented Dedicated team player Resourceful Bilingual in [Language] Arts and crafts aptitude Meeting planning Scheduling Concierge duties Operations management Marketing and sales specialist Excellent interpersonal and coaching skills Recruiting and selection techniques Interviewing Staff development/training Internet savvy Able to work independently and as a member of a team Comfortable with diverse populations Excellent relationship building skills Excellent writing and critical thinking skills Interpersonal, oral, and written communication skills Clear public speaking skills Strong organizational skills Seasoned in conflict resolution Customer-oriented Social media marketing Event planning Strong planning skills Supervision and training Client relations specialist Exceptional writing skills Event planning Microsoft Office Suite Dedicated team player Certified in Early Childhood Education Classroom management Parent/teacher conferences Behavioral/cognitive skills development Teaching, tutoring and counseling Effectively work with parents Motivating students Interactive teaching/learning Innovative lesson planning Conflict resolution techniques Calm and patient Curriculum development Excellent classroom management Excellent reading comprehension Accomplishments Customer Service Handled customers effectively by identifying needs, quickly gaining trust, approaching complex situations and resolving problems to maximize efficiency. Administration Performed administration tasks such as filing, developing spreadsheets, faxing reports, photocopying collateral and scanning documents for inter-departmental use. Sales and Promotion Planned and executed promotional events to market services. Successfully planned and executed corporate meetings, lunches and special events for medical students, residents and faculty. Program Management Initiated and managed Student Technology Leadership Program (STLP), Customer Service Handled customers effectively by identifying needs, quickly gaining trust, approaching complex situations and resolving problems to maximize efficiency. Experience Owner 04/2014 to Current Company Name City , State Non-medical senior care ",0.9,Positive Match,Strong Match
PAIR-00028,Senior Software / IT Systems Engineer,INFORMATION-TECHNOLOGY,"We are seeking a Senior Software & IT Systems Engineer to design, deploy, and scale high-performance software applications and cloud infrastructure. Responsibilities include building RESTful APIs, optimizing relational and NoSQL databases, containerizing microservices with Docker and Kubernetes, and troubleshooting distributed networks. Required skills: Python, Java, JavaScript/TypeScript, SQL, Linux, Cloud (AWS or Azure), Git, and CI/CD automation.",12488356,"SENIOR ENGINEERING PROGRAM MANAGER Summary Accomplished senior program management professional with a successful broad-based career defining and guiding the implementation of industry best practices, standards, processes, and tools to strengthen organizations and drive competitive growth. Extensive expertise in leading and delivering cross-functional transformational solutions. Demonstrated knowledge of project life cycle methodologies with experience in developing and implementing leading-edge strategies for large-scale enterprise initiatives. Proven ability to navigate complex situations while prudently mitigating risks, identifying value creation opportunities, and building strategic partners. Skills Program Management Portfolio Management Process Analysis Solution Design Enterprise Software Systems Integration Data Management Product Excellence Agile Methodology People Development Leadership Development Coaching/Mentoring Professional Experience Company Name City , State Senior Engineering Program Manager 02/2011 to 04/2017 Accomplishments: Managed mission critical project initiatives to support the Corporate Finance Organization Developed strategy and led effort to evaluate the upgrade of the Oracle EBusiness Suite of Applications to Release 12. Highly complex ecosystem with over 70 countries, 100 boundary systems, and 3000 customizations Built and led project team through the assessment and proof of concept required to build business case and secure funding for project. Defined program governance structure and staffed program Developed several presentations to executive leadership in Finance, Supply Chain, and Engineering to secure buy in and funding Accomplishments: Led various initiatives to improve operational effectiveness/efficiencies for a portfolio of over 60 projects Championed Product Excellence (PE) initiative for the Finance IT organization and drove effort to define, monitor and score PE goals Partnered with the Finance Business, defined, and implemented a governance processes to manage stakeholder alignment. Defined and managed key system risks Defined project portfolio metrics for over 60 key projects, drove effort to optimize investments, and aligned initiatives with business priorities Accomplishments: Managed several mission critical product development efforts to support the People Operations Organization (HR) Managed relationships and collaborated with business owners to develop world class technology solutions in the following pro",0.54,Partial Match,Moderate Match
PAIR-00254,Senior Talent Acquisition & People Operations Manager,HR,"Seeking a Human Resources Manager to lead end-to-end recruitment, employee onboarding, compensation benchmarking, and organizational culture initiatives. Responsibilities include sourcing candidate pipelines, managing ATS workflows, facilitating performance reviews, and ensuring labor law compliance. Requirements: Full-lifecycle recruiting, ATS proficiency, employee relations, and HR strategy.",39650734,"HR ASSISTANT Summary Hard Worker, Dedicated, Detailed Oriented, Experienced, Organized, and Highly Motivated. These are just some of the many attributes in which I possess as an individual. With over 5 years of experience in Human Resource administration and customer service, I have the talent to quickly adapt to new challenges. Within my experience, I focused on benefits administration, payroll, career development and employment law. Highlights Assigned administrative assignments on a daily basis Implemented employee's handbook Processed documentation for employees Conducted employees' performance reviews Managed Employee Scheduling Coordinated with upper level, co-worker and lower level Teamwork oriented Processed new recruits Processed payroll Performed background check Managed inventory supplies Secured new wholesale food purveyor to decrease costs and increase profits Accomplishments Accomplishments at Pho n More Restaurant Managed restaurant financial objectives by developing financing, establishing banking relationships Prepared strategic and annual forecasts and budgets by analyzing variances, initiating corrective actions, and establishing financial controls Developed and implemented strategies to increase average meal checks Created restaurant business plan by surveying restaurant demand, conferring with people in the community, identifying and evaluating competitors, preparing financial, marketing, and sales projections, analyses, and estimates Controlled purchases and inventory by meeting with account manager, negotiating prices and contracts, developing preferred supplier lists, reviewing and evaluating usage reports, analyzing variances, taking corrective actions Contributed team effort and inspired team members motivation and provided high level of customer service and maintain a high profile in the day to day operations Handled any complaints or contentious issues that cannot be settled directly by team members and provides a fast solution Accomplished in campaign Recycle Program, divide the right trash to the right bin Accomplishments at Dr. Norman G. McKoy & associates Demonstrated success in administrative employee handbook, developing team building programs and corporate policies, job descriptions and management reports Organized office documents, patients' charts and organized office woking areas Welcomed new employees to the organization by conducting orientation Organized employees' document pockets and maintained employees's confide",0.91,Positive Match,Strong Match
PAIR-00003,Senior Software / IT Systems Engineer,INFORMATION-TECHNOLOGY,"We are seeking a Senior Software & IT Systems Engineer to design, deploy, and scale high-performance software applications and cloud infrastructure. Responsibilities include building RESTful APIs, optimizing relational and NoSQL databases, containerizing microservices with Docker and Kubernetes, and troubleshooting distributed networks. Required skills: Python, Java, JavaScript/TypeScript, SQL, Linux, Cloud (AWS or Azure), Git, and CI/CD automation.",89413122,"OPERATIONS RESEARCH ANALYST Summary Personable project manager successful at building strong professional relationships. Manages large and complex projects while maintaining high team morale and energy. More than eight years of progressive management experience and repeated success in developing project initiatives, directing project plans and achieving performance targets. Highlights Organized Unsurpassed work ethic Results-oriented Detail-oriented Process improvement Management information systems Work flow planning Software/hardware support experience Accomplishments Initiation and design of equipment testing program leading to Memorandum of Understanding between the Department of Homeland Security National Urban Security Technology Laboratory and the New York Police Department. Recipient of numerous awards for both team and individual performance. Completed government training and certification program for Test and Evaluation Manager Level II. Developed working relationships with many State and local responder agencies. Experience Operations Research Analyst 01/2010 to Current Company Name City , State Initiated and managed program to test incoming radiation detection equipment into New York, New Jersey and Connecticut. Since 2009, the project has tested over 25 million dollars worth of equipment and more than 10,000 units. Activities included process and procedure development, instrumenting and maintaining test facilities and managing and scheduling testing team. Coordination of activities with the New York Police Department (NYPD) Counter Terrorism Bureau, other state and local first responder organizations in the New York City Metropolitan Area and the Brookhaven National Laboratory. Information Technology Specialist 03/2003 to 01/2010 Company Name City , State Data Collection and Test Manager for the Department of Homeland Security and NYPD collaborative acquisition program for a roadway deployed radiation detector prototype. Planned and executed initial data collection effort in support of the acquisition project. Effort involved coordination with NYPD, regional toll authorities, and National Laboratories. Developed the data collection plan, budget and schedule. Managed test team staff, and provided oversight of acquired prototype and final prototype testing program, including test planning, coordination, scheduling and budgeting. Provided technical support to program team on development of the Request for Information and proposal reviews. Trainin",0.91,Positive Match,Strong Match
PAIR-00011,Senior Software / IT Systems Engineer,INFORMATION-TECHNOLOGY,"We are seeking a Senior Software & IT Systems Engineer to design, deploy, and scale high-performance software applications and cloud infrastructure. Responsibilities include building RESTful APIs, optimizing relational and NoSQL databases, containerizing microservices with Docker and Kubernetes, and troubleshooting distributed networks. Required skills: Python, Java, JavaScript/TypeScript, SQL, Linux, Cloud (AWS or Azure), Git, and CI/CD automation.",20237244,"INFORMATION TECHNOLOGY SPECIALIST Summary Information Security Analyst/Systems professional with over 16 years of diverse experience across the analysis, troubleshooting, management and testing of complex IT systems. Experience includes analytical support to computer surveillance activities in Cyber Security, Intrusion detection analysis and System Administration. Also knowledgeable in Military Cyber Operations. Security Clearance Currently hold an active TS/SCI Security Clearance. Last updated in 2013. Technical Skills and Qualifications Windows, Unix, Linux, VMWare, Wireshark, Snort, TCPDump, EnCase, Bash Programming, configuring routers and switches, computer networking, Intrusion analysis and Firewalls. Work Experience Information Technology Specialist , 05/2009 Current Company Name City , State Provide electronic surveillance of information systems, perform digital evidence analysis (DEA), and provide technical analytical support to computer surveillance activities. Provide traffic analysis against adversary's (TTP) tactics, techniques and protocols. Configure and install routers, switches and wireless controllers. Draft training materials and organize training sessions for 6 employees. Network Security Analyst , 08/2008 05/2009 Company Name City , State Analyzed software, hardware and network systems for various transmission systems. Identified, reported and resolved network security violations. Corporate Security , 11/2007 08/2008 Company Name City , State Ensured Rackspace was in compliance with industry standards such as PCI (Payment Card Industry), HIPAA, ISO 27001, and Sarbanes-Oxley. Responded to all client requests for technical support by phone and email. Network Security Analyst , 11/2003 11/2007 Company Name City , State Identified and responded to threats against Air Force worldwide computer networks on an unclassified and classified entity (NIPR and SIPR). Provided immediate analysis and verification of network activity using Automatic Signature Identification Measurement (ASIM) and Cisco Intrusion Detection System (CIDS). Detected network intrusions and applied appropriate methods of counter activity. Analyzed trends of all network activity. Provided daily activity reports to management and headquarters. Education and Training 2018 Park University City , State , United States Bachelor of Science Information and Computer Science Emphasis in Network Security 2015 CompTIA Certified in Security Fundamentals (Security+) 2014 CompTIA Network F",0.92,Positive Match,Strong Match
PAIR-00150,Corporate Financial Analyst & Portfolio Specialist,FINANCE,"Seeking a Financial Analyst to perform financial modeling, variance forecasting, corporate valuation, and investment analysis. Key responsibilities: preparing quarterly financial statements, conducting discounted cash flow (DCF) modeling, budget reconciliations, and executive risk briefings. Requirements: Advanced Excel, financial modeling, GAAP compliance, SQL, and analytical problem solving.",24553863,"VP FINANCE & IS&T Executive Profile Enterprising Finance Executive who creates strategic alliances with Senior Executives to identify and execute key business initiatives. Builds and retains high performance teams by enlisting, developing and motivating skilled professionals. Extensive experience in Financial Management and Controllership areas. Adept in both Business Process and systems to allow for utilizing technology to achieve business goals. Skill Highlights Project management Leadership/communication skills Product development Business operations organization Budgeting expertise Self-motivated Core Accomplishments Developed the CFO Advisory Service's Quality Close Product and presented at KPMG Quality Close Training Sessions. Assisted in the authoring of white papers on the topic of the financial close and the changing economic environment brought on by Sarbanes-Oxley legislation. Proficient in SOX 404 Policies and compliance requirements AFFILIATIONS God's Love We Deliver Argyle Executive Forum Finance Executives International. Professional Experience VP Finance & IS&T January 2012 to Current Company Name City , State Created the business case and system design; currently the Project Manager for a worldwide single instance SAP ERP Implementation project; 13 largest revenue producing countries over 3 years. Eleven countries are live across Europe; USA and Canada going live April 1, 2015. Project will result in $4M per year in savings. Nine additional Latin America countries now planned for Year 4. Developed the governance and support models and processes for the new single instance SAP ERP system Created a Program Management Organization for all key Finance and Management Information Projects resulting in greater communication, strategizing, synchronization and risk management. Created single instance for USA and Canada logistics and supply chain processes in conjunction with SAP ERP Project resulting in cost savings of over $500K per year. Developed the RFP and created the vendor selection process for a European Budget and Procurement system to handle Recording, Marketing and Overhead. Redefined the implementation approach to get the project back on track after 1 year. System is now deployed in 8 countries with additional countries targeted for next 2 years. VP Global Digital and US Sales January 2009 to January 2011 Company Name City , State Built the Business Case and successfully managed the implementation of a new Business Intelligence Platform",0.92,Positive Match,Strong Match
PAIR-00001,Senior Software / IT Systems Engineer,INFORMATION-TECHNOLOGY,"We are seeking a Senior Software & IT Systems Engineer to design, deploy, and scale high-performance software applications and cloud infrastructure. Responsibilities include building RESTful APIs, optimizing relational and NoSQL databases, containerizing microservices with Docker and Kubernetes, and troubleshooting distributed networks. Required skills: Python, Java, JavaScript/TypeScript, SQL, Linux, Cloud (AWS or Azure), Git, and CI/CD automation.",12045067,"INFORMATION TECHNOLOGY (IT) SPECIALIST Experience Information Technology (IT) Specialist January 2012 Company Name IT Specialist Project Engineer December 2009 to Current City , State U.S. Army Information Systems Engineering Command (USAISEC) on projects involving large and complex data networks and telecommunications systems while assigned to the Fort Huachuca Engineering Directorate of USAISEC. I develop, manage and coordinate the implementation of network communications, local area networks (LANs), visual information systems (VIS), and information technology (IT) infrastructure projects. As the Project Manager and Lead Engineer, I directed and managed the efforts of a five person Integrated Product Team (IPT) to implement the $25 million IT infrastructure for the the new Command, Control, Communications and Computers (C4) facility for the Joint Special Operations Command (JSOC) at Ft Bragg, NC. Provided daily project coordination and oversaw the development of the IT technical requirements, system design plan and associated contract documents and design drawings for the 35,000 sf building. Reviewed building construction design drawings, consolidated design change input requests from the customer and team members, and provided justification for the proposed design changes and building modifications to ensure that the IT infrastructure was installed according to technical specifications, applicable security standards, and customer requirements. requests for building design changes to the US Army Corps of Engineers (USACE). and provided technical oversight of the project. Represented JSOC and ISEC in project meetings with the USACE and other project stakeholders for technical requirements, project scheduling updates, and to resolve controversial project issues. Created the project integrated master schedule (IMS) to identify and manage resources so that all project documentation and deliverables were developed accurately, and to ensure system reliability, operability, and maintainability. In support of the Army Base Realignment and Closure (BRAC) process, performed duties as the project coordinator for the $19 million BRAC mandated Army Central Command (ARCENT) Headquarters relocation. As the ARCENT relocation project leader, identified and analyzed requirements, assigned and reviewed work and exercised full control over the planning, development, and implementation of all assigned tasks for the Integrated Product Team (IPT). Obtained contract engineering",0.98,Positive Match,Strong Match
PAIR-00079,Enterprise Business Development Manager,BUSINESS-DEVELOPMENT,"Seeking an experienced Business Development Manager to identify new market opportunities, negotiate high-value corporate partnerships, and drive revenue growth. Responsibilities: B2B pipeline development, enterprise client pitching, contract negotiation, competitive analysis, and strategic relationship management. Requirements: 4+ years B2B sales/development experience, CRM proficiency, and executive communication skills.",22423839,"INTERNATIONAL BUSINESS DEVELOPMENT MANAGER Summary Charismatic business professional with expertise in business development , product strategy, marketing, and sales . Effectively built sales department from 10% to 50% of total company revenue over a 10 year term. Vastly experienced in international distribution development. Highlights Business Development Inventory Management Sales Analysis & Forecasting Marketing Product Strategy Bilingual - English/Spanish Experience 02/2010 to Current International Business Development Manager Company Name City , State Identify global product opportunities, perform market analysis, and create product briefs outlining new collections. Lead cross-departmental team responsible for creating product launch process calendar to ensure timely execution and clear communication. Manage special project requests to identify the value of the project, potential growth in the market, and work with Product Development, Marketing and Sales to execute. Develop pricing strategy and manage pricing model to boost brand profitability. Analyze sales history and market trends to optimize inventory levels at overseas warehouse providing product to global partners in a timely manner, resulting in lower overhead and storage costs. Produce and communicate quarterly key performance indicators (KPI) reports. Liaise with Product Development, Marketing departments and Regional Directors to develop new product for global consumers. Develop, maintain, and support 37 international sales and distribution accounts in 76 countries for Victorinox Swiss Army brands. Analyze sales statistics to determine business growth potential and drove incremental growth of $2M in 2014. Assist global partners with inventory management, product training and retail promotions, resulting in higher product margins for all parties. Offer a proven track record of revenue growth year over year, from $8M to $34M during my 10-year term. Grew Latin Market from ground zero to top region for 3 consecutive years. 01/2004 to 01/2010 International Sales Operations Manager Supported VP and Director to manage international brands and support global network of distributors. Coordinated directly with factories, third-party logistics warehouse operator, and distributors to optimize order flow from factories to warehouse to global markets. Created and updated order templates and price lists for accounts. Managed inventory to maintain optimal levels. Worked with distributors to obtain quarterly",0.91,Positive Match,Strong Match
PAIR-00138,Corporate Financial Analyst & Portfolio Specialist,FINANCE,"Seeking a Financial Analyst to perform financial modeling, variance forecasting, corporate valuation, and investment analysis. Key responsibilities: preparing quarterly financial statements, conducting discounted cash flow (DCF) modeling, budget reconciliations, and executive risk briefings. Requirements: Advanced Excel, financial modeling, GAAP compliance, SQL, and analytical problem solving.",15792052,"STUDENT FINANCE CONSULTANT Summary Customer service oriented individual with relevant work experience and integrity looking to further my career within the accounting industry. Over four years of work experience within student finance. Excellent communication skills including listening, telephone, written, and interpersonal. In-depth knowledge of financial aid/ financial analyst/ account management policies and procedures. Experience working with internal and external auditors in auditing, accounting, and regulatory compliance projects. CORE STRENGTHS * Strong ability to communicate, explain and convince *Careful attention to detail and data entry skills *Math and analytical skills *Knowledge of basic accounting and auditing principles * Billing/ invoicing/ account reconciliation *Intermediate level computer skills Accomplishments Bringing the student default rate down at the OmniTech Institute by confirming and updating contact information for every active student before they become inactive Researched and resolved billing problems that had previously been missed. ********** audits Maintained accurate student account files and spreadsheets without error Experience Student Finance Consultant July 2014 to Current Company Name City , State Provided information, advice and assistance regarding the various types of financial aid available to students. Analyzed student applications and determined eligibility for financial aid. Performs duties in the areas of compliance, reconciliation, professional judgment and satisfactory academic progress Collect documents , manage, and maintain accurate student files without error Performed heavy customer contact regarding past due or delinquent account balances. Prepare billing statements and informed current and former students of their financial obligations and options outside of title IV Audit student files and resolve concerns and discrepancies for matters related to assigned financial accounts. Responsible for managing multiple tasks in a time-sensitive work environment Faxing, filing, data entry, and scanning. Financial Aid Reporting Analyst June 2013 to June 2014 Company Name City , State Conduct research and analysis of student financial data refunding both title IV and non- title IV overpayments and ineligible funds. Accurately forecast and assess financial need(s) of students to ensure financial assistance meets their education goals. Plan, monitor, and review student progress of course completion, evaluating res",0.89,Positive Match,Strong Match
PAIR-00164,Corporate Financial Analyst & Portfolio Specialist,FINANCE,"Seeking a Financial Analyst to perform financial modeling, variance forecasting, corporate valuation, and investment analysis. Key responsibilities: preparing quarterly financial statements, conducting discounted cash flow (DCF) modeling, budget reconciliations, and executive risk briefings. Requirements: Advanced Excel, financial modeling, GAAP compliance, SQL, and analytical problem solving.",13701259,"SENIOR ACCOUNTANT Summary Senior Accounting Professional with extensive experience in various areas of accounting and finance. Visionary with strategic analytical skills. Practical, articulate and creative with proven ability to positively impact an organization's financial health. Proven ability to resolve conflict, improve processes, and is Lean Six Sigma certified. An expert negotiator with a continuous focus on ROI. Able to consistently meet challenges in a demanding work environment to achieve and exceed organizational goals.Results-orientated in a deadline-driven environment. Performance improvement and excellent vendor relations and customer service skills. Conceptual and exceptional multitasking abilities. Expertise includes: Highlights Cost control Month-end reconciliation and analysis Budgeting and forecasting Financial statements reporting Analytical and critical thinker Self-starter Superior research and investigation aptitude Internal and external auditing Experience 11/2009 - 01/2016 Company Name - City , State Senior Accountant One of the largest national providers of emergency and hospital medicine contract management services with an annual revenue of $350 million. HPP serves and supports hospital clients in more than 20 states and physicians across the country. Managed Subsidy Revenue and A/R process associated with over 70 contracts totaling $53 million in revenue. The process involved monthly closings, preparation of journal entries, accounts reconciliations and analysis. Preparation of monthly invoices, audit lead- schedules, budgeting and forecasting revenue, collections and expense control activities. Accruals, contract reviews. Quality measure benchmarks. Awarded employee of the quarter for reducing Company's outstanding A/R by 70% in 30 days. Increased Revenue by 20% by implementing an in-depth auditing process which maximized revenue recognition. Prevented negative impact on the bottom line by negotiating payment plans and settlements with clients who were experiencing financial difficulties minimizing risk exposure. Analyzed, identified and resolved issues affecting revenue. Coordinated and communicated with internal departments to ensure their understanding of revenue streams keeping revenue on target. Increased revenue significantly by recognizing established performance metrics that exceeded organizations expectations, improving the overall bottom line. Conducted monthly meetings with Executives and Legal to ensure accurate re",0.61,Partial Match,Moderate Match
PAIR-00091,Enterprise Business Development Manager,BUSINESS-DEVELOPMENT,"Seeking an experienced Business Development Manager to identify new market opportunities, negotiate high-value corporate partnerships, and drive revenue growth. Responsibilities: B2B pipeline development, enterprise client pitching, contract negotiation, competitive analysis, and strategic relationship management. Requirements: 4+ years B2B sales/development experience, CRM proficiency, and executive communication skills.",80275976,"SE BUSINESS DEVELOPMENT MANAGER Highlights National account management Established track record of exceptional sales results Excellent communication skills Resolution-oriented Cross-cultural sales background Exceptional multi-tasker Accomplishments SIMSOC (Simulated Society) Leadership Workshop-Dr. Larry Pepper. Professional Instrument Society of America. Activities Mastering Business Development Workshop-Bill Scheessele. Global Sourcing Quality Engineer Training-GE Power Systems. Six Sigma Green Belt Certified. Exceptional Management Skills-Baker Communication Inc. Print Graphic Support Collaborated with marketing and business development groups for collateral needs by creating page layout designs for flyers, data sheets, CD covers and other printed materials. Experience SE Business Development Manager Jun 2014 to Mar 2015 Company Name City , State Responsible for Own Brand business development in the southeast U.S. including NC, SC, GA, FL, AL,VA, MS, AL, WV, VA, KY and TN. Supporting Lewis-Goetz, Rawson, and ICD offices and sales reps to pursue opportunities for Own Brand products including ECON, Diamond Gear, C&C, Force, Smith valves. SE Technical Outside Sales Representative May 2013 to Jun 2014 Company Name City , State Technical support for Outside Sales Representative's in Southeast. Engineering presentations & specifications for manual and automated valves to engineering firms: Fluor, Mustang, CH2M Hill, D&Z, Hargrove, CHEMTEX, etc. Business development for turbine OEM's: General Electric, Siemens, Alstom and Mitsubishi. Strategic Automation Manager Aug 2012 to Apr 2013 Company Name City , State Responsible for automation shop design and setup. Wrote SOP (standard operating procedures) for automation quotations, manufacturing and testing. Engineering presentations & specifications for manual and automated valves to engineering firms: Fluor, Mustang, CH2M Hill, D&Z, Hargrove, CHEMTEX, etc. Business development for turbine OEM's: General Electric, Siemens, Alstom and Mitsubishi. Technical Sales Leader Aug 2001 to Aug 2012 Company Name City , State Process Control Equipment Business development for strategic manufacturer alliances. Primary interface with Manufacturers for Gexpro Services. Responsible for the evaluation of manufacturer's capability and capacity for Gexpro Services. Member of the GE Energy Capacity Audit Team. Developed the organizational structure and staffing plan for Production Services. Developed marketing presentation for GE Energ",0.95,Positive Match,Strong Match
PAIR-00177,Senior Corporate Accountant & Auditor,ACCOUNTANT,"Looking for a Senior Accountant to oversee general ledger reconciliations, tax compliance, payroll auditing, and financial reporting. Responsibilities include month-end closing, balance sheet reconciliation, internal audit preparation, and regulatory filing. Qualifications: CPA or accounting degree, ERP experience (NetSuite, SAP), GAAP standards, and internal control compliance.",14126433,"SUPERVISOR ACCOUNTANT Professional Summary Ability to work in a fast paced, deadline driven environment, independently or as a team. Core Qualifications Microsoft Office, advanced Excel, PowerPoint, MS Access, Atlas, Windows 95 - XP, Harvard Graphics, QuickBooks, NGS Systems (Net Global Solutions Systems), People Soft, SAP, Quicken, Nanovision, 2-Tier, Phoenix (E1), and Business Objects. Experience Supervisor Accountant July 2015 to Current Company Name City , State Performed financial reporting activities for the Ichthys Project. Specific responsibilities included the following Financial Reporting including variance analysis of P&L's and Balance Sheet. Project accounting including billing and month end closeout for assigned projects. Sarbanes Oxley compliance/FCPA - Quarterly testing of internal controls. Responsible for preparing budgeting and forecasting. Account reconciliations and analysis of balance sheet accounts. Monitoring of project accounts receivables, unbilled, unearned and financial performance. Responsible for preparing Backlog Roll Forward for Ichthys. Prepare PowerPoint presentations, charts, and graphs. Attend Monthly and Quarter PSR/PFSR meeting. Performance of ad-hoc request and special projects as required. Lead Accountant July 2008 to July 2015 Company Name City , State Performed financial reporting activities within the Government, Infrastructure and Minerals product line. Specific responsibilities included the following Financial Reporting including variance analysis of P&L's and Balance Sheet. Project accounting including billing and month end closeout for assigned projects. Sarbanes Oxley compliance - Quarterly testing of internal controls. Assist with budgeting and forecasting. Account reconciliations and analysis of balance sheet accounts. Monitoring of project accounts receivables, unbilled, unearned and financial performance. Responsible for preparing Backlog Roll Forward for Infrastructure and Minerals. Assist in preparing PowerPoint presentations, charts, and graphs. Performance of ad-hoc request and special projects as required. Senior Accountant December 2007 to June 2008 Company Name City , State Review the SSC general ledger accounts and make correcting entries. Performs account analysis and reconciliation. Create and maintain ad hoc reports and reporting databases such as Access and Excel. Monitor SSC process execution for SOX compliance, and coordinates testing activities with auditors. Generate and analyze process per",0.92,Positive Match,Strong Match
PAIR-00266,Senior Talent Acquisition & People Operations Manager,HR,"Seeking a Human Resources Manager to lead end-to-end recruitment, employee onboarding, compensation benchmarking, and organizational culture initiatives. Responsibilities include sourcing candidate pipelines, managing ATS workflows, facilitating performance reviews, and ensuring labor law compliance. Requirements: Full-lifecycle recruiting, ATS proficiency, employee relations, and HR strategy.",30938994,"PARTNER; BUSINESS DEVELOPMENT Summary A versatile and dynamic manager and marketing professional with more than (20) years of sales, management, marketing and promotional experience. A goal oriented and trusted leader, able to communicate effectively with people of all ages and backgrounds, to work collaboratively to resolve problems and to motivate team members to achieve personal and organizational objectives. Highlights Integrity first Quality leadership Excellent written and verbal communicator Experienced manager Customer service-oriented Training and development Experience 11/2011 to 05/2014 Partner; Business Development Company Name City , State Joined forces with two long-time colleagues to build a full service marketing agency with a specialization in event/ experiential marketing. Built and developed the company's overall objectives and strategies to differentiate from other marketing agencies. Created documents and data used to communicate the company's capabilities via web-site and presentation materials. Built and successfully presented various strategic marketing plans to prospective clients. Interviewed, hired and trained members of our executional field teams. Worked with field/ executional teams to ensure performance expectations were reached. Built and monitored project budgets to maximize ROI. 06/2009 to 10/2011 Regional Manager; Consumer Engagement Company Name City , State Managed the transition of an in-house event marketing structure to an external event marketing agency by recruiting, training and coaching on-site executional teams, governing compliance parameters and instituting consistent brand imagery and messaging. Built and implemented a portfolio of consumer engagement promotions and compliance programs focused on music festivals and concerts to cost effectively maximize our reach among desired and qualified consumers. Effectively managed $1.2 mm operations budget. Standardized the functionality and consumer flow through our promotional execution footprints resulting in greater brand consistency and improved efficiency. Instituted compliance and safety parameters during our consumer engagement promotions at large scale events. Experienced (0) accidents and (0) compliance issues. Developed a system that measured the impact and brand affinity of our promotions resulting in improve effectiveness. Utilized as a compliance and audit resource for the nightlife consumer engagement program. The result, programming was improved via con",0.64,Partial Match,Moderate Match
PAIR-00195,Senior Corporate Accountant & Auditor,ACCOUNTANT,"Looking for a Senior Accountant to oversee general ledger reconciliations, tax compliance, payroll auditing, and financial reporting. Responsibilities include month-end closing, balance sheet reconciliation, internal audit preparation, and regulatory filing. Qualifications: CPA or accounting degree, ERP experience (NetSuite, SAP), GAAP standards, and internal control compliance.",17407184,"ACCOUNTANT Summary Enthusiastic, knowledgeable professional with experience and proven success in program and project management, online and instructor led design, development and facilitation. Outstanding problem-solving skills, as proven through implementation of accounting software packages, significantly improving billing and reporting processes. Excellent management skills, encouraging career growth of subordinates through additional training and opportunities. Keep up-to-date with industry changes through professional affiliation. Core Qualifications Microsoft Office Suite *VideoScribe Software *PeopleSoft Finance Applications Professional Experience Accountant Senior Manager January 1995 to Current Company Name City , State Project Management, Training Facilitation, Instructional Design and Development Managed the projects to design and develop the 1 day instructor led training, Operational Effectiveness Phases I - IV for Select Service Assistant General Managers and Operations Managers, managing project milestones and coordinating resources. Currently developing Phase IV. Lead the design and development of the global Senior Property Executive Assessment training for Executive Recruiters. Developed the curriculum and training materials for the iT organization's professional development initiative. Lead the re-design and development of the global Interviewer Certification program. Managed the project to design and develop all training material for the myHR and PeopleSoft HRMS upgrade. Lead the re-design, development and program re-launch of the global At the Helm Front Office Leadership training program for the Full Service Rooms Operations Department, formulating project plans, performing needs analysis, securing and managing development resources and schedules. Designed, developed and facilitated instructor led and online classes for the organization's finance associates for Project Oceans and Project Eclipse. Delivered instructor led training to domestic and international audiences including the Change Management: The Fundamentals course. Client Relations and Program Management Learning representative to the Finance discipline, performing needs analysis and advising on learning strategies and training design and development for finance personnel. Coordinated the logistics for Headquarters training programs, including managing the instructor cadre, setting annual training schedules and booking and setting up training facilities. Designed and analyz",0.86,Positive Match,Good Match
PAIR-00074,Enterprise Business Development Manager,BUSINESS-DEVELOPMENT,"Seeking an experienced Business Development Manager to identify new market opportunities, negotiate high-value corporate partnerships, and drive revenue growth. Responsibilities: B2B pipeline development, enterprise client pitching, contract negotiation, competitive analysis, and strategic relationship management. Requirements: 4+ years B2B sales/development experience, CRM proficiency, and executive communication skills.",20317319,"BUSINESS DEVELOPMENT ASSOCIATE Summary Hungry and highly driven successful sales professional with over 10 years experience. A strategic thinker and communicator who implements creative sales strategies to achieve and maintain high sales growth. Adept at building excellent working relationships with corporate and/or not for profit executives focused on achieving present as well as long term goals. Experienced in public relations, project development, account management, sales strategies to close and implementing endeavors for clients. Highlights Meeting/exceeding sales goals Highly driven and motivated Excellent communicative skills Successful implementation of sales strategies Negotiations expert Tenacious closer Consistently reliable sales Highly intuitive to clients needs Professional Experience Business development Associate May 2016 to Current Company Name City , State Create a pipeline of prospects by establishing and maintain professional relationships with key decision makers Research, source, make initial contact (email, cold calling, telephone prospecting), and meet potential clients at their locations to accurately qualify the prospect and establish needs; Prepare and present proposals and close new accounts Develop and maintain Sales Plan and ensure achievement of Company sales targets and profitability Network and actively participate in User Groups, Associations, and Trade Shows in targeted vertical Work closely with the Marketing team and the Business Development team to generate new leads Strong understanding of customer and market dynamics and requirements; Manage all activities through the Customer Relationship Management Software (CRM-Zoho), ensuring consistency and accuracy. Ballet and Barre Instructor August 2014 to August 2015 Company Name City , State Instructed middle school and highschool young women in Ballet classes. Instruction focused on the importance of core strength and correct alignment Taught the foundation of Ballet techniques in preparation for upcoming Belle drill team auditions at Highland Park High School Real Estate Professional July 2014 to Current Company Name City , State Sales of over 2 million dollars Closing 70% of generated leads Executed all documents to closings Created and maintained a large client referral base Provided exceptional customer service Networking and marketing to generate successful leads Barre Teacher January 2013 to January 2016 Company Name City , State Guided clients in safe exercise, taki",0.9,Positive Match,Strong Match
PAIR-00216,Senior UI/UX & Product Designer,DESIGNER,"We are hiring a Senior UI/UX Designer to craft intuitive user experiences, responsive layouts, and interactive design systems for web and mobile platforms. Responsibilities: user journey mapping, high-fidelity wireframing in Figma, design system maintenance, usability testing, and cross-functional handoff to frontend engineers. Requirements: Figma mastery, design thinking, prototyping, and typography.",34317538,"LEAD INTERACTION DESIGNER Summary Senior UX/UI Designer Profile: Tim has been involved in user centered design for over 20 years, with a focus on human factors and usability. He has worked on a wide variety of projects focusing on improvement of functionality and performance. He is an expert with Heuristic evaluation, usability, developing and evaluating user interfaces (GUI design), iterative design methodology and human computer interaction (HCI). Areas of experience: Usability & Interaction Design Usability engineering, Standards and guideline review, User interface design standards, Usability testing/Focus groups, Cognitive walkthroughs, Heuristic evaluation, Pluralistic walkthroughs, Website design, Interaction design, Personas, Use cases, Scenarios, Contextual Inquiries, Affinity Diagrams, Contextual Design, Ethnography, wireframes, user flows Development Software development standards, Software testing, HTML authoring, 3D modeling and programming, Advanced image manipulation and analysis, 3D interfaces, Interactive digital prototyping, Artificial Intelligence, touch input, SQL, Agile Development Other Secret military clearance, Military/ SPA WAR/DOD/ONR contracts, CDC/ NHSN, SaaS, Training and instructional design, Technical writing and editing, Project management, Healthcare, Medical Diagnostic Imaging systems, Electronic Medical Records, HIPAA, Fitness Equipment. Highlights User Centered Design Human Computer Interaction (HCI) Innovation Agile Development Contextual Inquiries Wireframes User Flows Prototyping Skills User Centered Design: Accomplishments Innovation Tournament award winner 2014 - Leveraging Real-time Algorithmic Dashboards (RAD's) to Improve Patient Care Innovation Tournament award winner 2013 - MARS: Medical Augmented Reality System 2009 IDEA Award - T7xe Treadmill 2009 Taiwan's Excellence Silver Award - T7xe Treadmill Patent 8,113,990 - Method of controlling an exercise apparatus Issued February 14, 2012 Patent 8,360,934 - Method of controlling an exercise apparatus Issued January 29, 2013 Patent 8,840,526 - Method of controlling an exercise apparatus Issued September 23, 2014 Experience Lead Interaction Designer 05/2012 to Current Company Name City , State Tim is the lead interaction designer on a nine person Agile software development team creating software for use in healthcare facilities. His role as one of three BAs on the team has him conducting user testing and interviews, data gathering, persona development, wire-framing, ",0.85,Positive Match,Good Match
PAIR-00215,Senior UI/UX & Product Designer,DESIGNER,"We are hiring a Senior UI/UX Designer to craft intuitive user experiences, responsive layouts, and interactive design systems for web and mobile platforms. Responsibilities: user journey mapping, high-fidelity wireframing in Figma, design system maintenance, usability testing, and cross-functional handoff to frontend engineers. Requirements: Figma mastery, design thinking, prototyping, and typography.",12547982,"SENIOR INTERIOR DESIGNER Professional Summary Interior Designer with diverse experiences working on commercial projects throughout the United States utilizing AutoCAD. Design experiences include commercial, facility planning, education, government, healthcare, retail and residential. Proven abilities to work on projects independently or as part of a team from inception at programming meetings to completion with budget reconciliation. Skills Proficient in Autocad Time management Organized Strong verbal and written communicator Detail oriented Building codes knowledge Permitting and administration knowledge Bidding procedures Motivated self-starter Work History Senior Interior Designer , 02/2012 to 11/2014 Company Name City , State Independently developed fit studies, pricing plans, and construction documents for permit. Worked with leasing agents to obtain program requirements, project scope, and develop fit studies. Prepare comprehensive design and construction documents with notes, details, and schedules as required that comply with all applicable acts and codes related to project municipality. Submit plans to in-house permit expeditors for permit and in-house construction team for execution. Verified that construction detail documentation conformed to quality assurance and best practice standards. Completed comprehensive code compliance evaluations. Reviewed and discussed zoning laws, fire regulations and building codes with healthcare and governing agencies. Utilize AutoCAD with AEC, Excel, and Microsoft Word software programs as required to manage assignments. Interior Designer , 05/2004 to 02/2012 Company Name City , State Worked independently on projects directly with client or through a landlord representative. Completed architectural construction document set as well as mechanical and electrical construction document set with consultation. Worked on diverse buildings such as mixed-use buildings, warehouse and class A office buildings. Visit site to prepare as-built AutoCAD plans and note field conditions. Calculate B.O.M.A. square footages for landlord and maintain rent schedule. Prepare comprehensive design and construction documents with details, schedules and presentation boards as required that comply with all applicable codes and acts. Coordinate plans with structural, electrical and mechanical engineers. Submit plans to appropriate county for permit. Utilize AutoCAD and Microsoft Word software programs as required to complete and manage assig",0.96,Positive Match,Strong Match
PAIR-00154,Corporate Financial Analyst & Portfolio Specialist,FINANCE,"Seeking a Financial Analyst to perform financial modeling, variance forecasting, corporate valuation, and investment analysis. Key responsibilities: preparing quarterly financial statements, conducting discounted cash flow (DCF) modeling, budget reconciliations, and executive risk briefings. Requirements: Advanced Excel, financial modeling, GAAP compliance, SQL, and analytical problem solving.",25497147,"FINANCE ACCOUNTANT Summary Staff Accountant proficient flexible who adapts seamlessly to constantly evolving accounting processes and technology. Adept at budget forecasting, financial reporting and successful at managing multiple projects. Consistently meeting deadlines under pressure. Extensive knowledge of Accounting Software and processes. Highlights Accounting operations professional Compliance testing knowledge Managerial aptitude Account reconciliation expert Ethical approach to finance Accounts receivable General ledger accounting skills Accounts payable Financial statement analysis Invoice coding familiarity Analytical reasoning Intuit Quick Books specialist Payroll Budget forecasting expertise Accomplishments Formally recognized for excellence achieved in financial analysis, budgeting and forecasting. Operated computers programmed with accounting software to record, store, and analyze information. General Ledger Accounts Maintained accurate accounts including cash, inventory, prepaid, fixed assets, accounts payable, accrued expenses and line of credit transactions. Extensive experience with Financial Statements audits, reviews, compilations and audits for Governmental organizations. Researched and resolved billing problems that had been previously missed. Increased compliance for the cash management department by aiding in internal and external audits. Experience Finance Accountant 05/2012 Company Name City , State Monitored new trends and technologies as they applied to audit areas for 23 funds. Worked on collaborated extensively with auditors during preliminary and year-end audit processes for 23 funds. Managed accounting operations for a total of 28 funds, accounting close, account reporting and reconciliations. Received 86 statements, to record, and cash, checks, and over 16,985 vouchers as well as reconciled records of bank transactions. Performed debit, credit and total of 196 accounts on computer spreadsheets/databases, using specialized accounting software. Systematically prepared documents and assembled financial statements for independent auditors. Guided firm reconciliation, annuity funds, pension funds, annual reporting, and management of investments. Aligned all financial activity with the regulations of the GAAP. Updated investment records upon funding of investments. Updated confidential employee banking information with accuracy. Maintained accounts receivable for all 23 funds with documentation electronically and on paper. Proces",0.9,Positive Match,Strong Match
PAIR-00086,Enterprise Business Development Manager,BUSINESS-DEVELOPMENT,"Seeking an experienced Business Development Manager to identify new market opportunities, negotiate high-value corporate partnerships, and drive revenue growth. Responsibilities: B2B pipeline development, enterprise client pitching, contract negotiation, competitive analysis, and strategic relationship management. Requirements: 4+ years B2B sales/development experience, CRM proficiency, and executive communication skills.",23396633,"DIRECTOR OF BUSINESS DEVELOPMENT Professional Experience Director of Business Development January 2010 to Current Company Name City , State Advise on marketing strategy, business models and strategic alliances for private clients in education, scientific and healthcare verticals. Recent projects include: The American Chemical Society - Developed business plan, marketing strategy and media relations for global launch of $1M research management software product in competitive STM marketplace. College Factual.com - Advice on brand positioning, UX and strategic relationships for college rankings portal based on consumer value led to partnerships with the Wounded Warrior Project and Veterans' Affairs. Global Giving - Developed key marketing messages and brand stories for $23M international non-profit. Developed marketing strategy and business opportunities for environmental nonprofit focused on transforming the market for healthy building materials. Product Development | Pricing. Monetized specialized consulting services to prominent clientele including leading healthcare, green building, and commercial building owners. Surveyed marketplace to identify service value and competitive pricing which yielded increased revenue. Market Segmentation. Repositioned healthy materials database for with toxicity screens for 34,000 chemicals targeted at 'green building' product environment. Segmented product users to understand product challenges and opportunities. Vice President, Business Development January 2009 to January 2010 Company Name City , State Led cross platform revenue initiatives for dominant online ranking franchise ""America's Best, "" encompassing Education, Health, Personal Finance, Legal, and Politics verticals. Strategic Partnerships. Led cross-divisional team to integrate complex $1.2M joint venture, launching revenue-producing website within 90 days. Pricing. Renegotiated underperforming partnerships by analyzing Google trends to optimize pricing. Deal Structuring. Doubled annual revenue from health insurer by analyzing value of Google keywords. Renegotiated contract to realize additional revenues to increase CPL. Product Development. Generated four new products in nine months each estimated to produce $100K annually Developed lucrative marketing program focused on hospitals' high margin specialties Initiated hybrid partnership of lead generation and brand licensing for senior living category Tripled value of brand licensing in health and education catego",0.92,Positive Match,Strong Match
PAIR-00223,Senior UI/UX & Product Designer,DESIGNER,"We are hiring a Senior UI/UX Designer to craft intuitive user experiences, responsive layouts, and interactive design systems for web and mobile platforms. Responsibilities: user journey mapping, high-fidelity wireframing in Figma, design system maintenance, usability testing, and cross-functional handoff to frontend engineers. Requirements: Figma mastery, design thinking, prototyping, and typography.",26046064,"GRAPHIC DESIGNER Summary Highly creative and multi-talented Graphic Designer with more than 14 years in multi-media and graphic design. Highlights Corporate design Advanced typography knowledge Strong design sense Conceptual thinker Time management Creative and artistic Self-motivated professional Social Media Marketing Experience 01/2014 to 09/2015 Graphic Designer Company Name - City , State Create visual and print materials for a broad range of customers which includes business cards, logos, banners and mailers, etc. Work closely with clients from initial design to end product. Work with multiple vendors in the print industry. Have base knowledge of Print Press operations. 01/2011 to 09/2015 Owner - Graphic Artist Company Name - City , State Manage and maintain a website and numerous social media sites. Create 2D and 3D art works from concept to completion. Develop design concepts using graphic design to complete 3D projects. Organize and maintain inventory and shipping. Coordinate and facilitate meetings with United States and International clients. 01/2006 to 01/2011 Senior Graphic Designer Company Name - City , State Created print materials, advertising, and large event signage. Developed design concepts for a team of designers and ensured quality and consistency of designs. Worked closely with upper management on various branding and design projects. Worked closely with Federated's print shop and other local printing agencies. Education 2001 AA : Visual Communications Brown College - City , State Skills Expert knowledge in the following software programs: Adobe Creative Suite HTML/CSS Adobe Acrobat Adobe Illustrator Adobe Photoshop Adobe InDesign Corel Applications Publisher Word Excel PowerPoint Flash",0.85,Positive Match,Good Match
PAIR-00282,Digital Marketing & Content Strategy Lead,DIGITAL-MEDIA,"Seeking a Digital Marketing Lead to oversee omnichannel growth campaigns, SEO/SEM performance, brand content creation, and analytics tracking. Responsibilities: managing Google Ads / Meta ad spend, conversion rate optimization (CRO), social media strategy, and ROI performance reporting. Requirements: Google Analytics, SEO tools, paid advertising, and copywriting.",34319869,"GLOBAL DIGITAL SERVICING ~ DIGITAL ONBOARDING COORDINATOR (CONTRACTOR) Professional Summary New Media & Digital Music/Film & TV experienced professional with strong transitional skills while providing an effective multi-tasking work ethic. Bring leadership skills by consistently incorporating new ideas to keep ahead in this fast-paced quickly evolving, Digital Music Industry. Professional Experience Company Name City , State Content Operations ~ Content Distribution Specialist 03/2016 to 01/2017 Managed external client/partner relationships and their digital content while insuring timely delivery of digital assets (i.e: Audio/Video, subtitles, and dubbing) per technical spec to distribute globally Analyzed delivery & trend metrics to identify and troubleshoot systematic issues while ensuring timely and quality asset deliveries Maintained highly-aligned with internal cross-functional teams, including but not limited to, content acquisitions, finance, localization, QC, encoding, engineering, product, and marketing to facilitate all partner/client needs Assisted in improving and scaling systematic workflows, processes and tools while curating the digital catalog of assets for the best customer experience Company Name City , State Global Content Licensing & Catalog ~ Global Reporting Manager 06/2014 to 01/2016 Manager & Lead in Global Reporting finances, revenue & activity metrics for Music Labels, Publishers, Licensor's & External Partnerships Managed, Maintained and Conceptualized procedural & contractual requirements for Labels & Publishers Technical Specifications Liaison for internal Legal & Licensing/Finance/Engineering/Product teams to facilitate all external music label & partnership reporting related requirements & request Primary subject matter expert for Reporting leading initiatives in new business partnerships, products services, technical & systematic enhancements Company Name City , State New Media Solutions ~ Sr. Digital Account Manager 01/2011 to 06/2012 Managed the distribution and maintenance of digital content (audio, video, mobile) for over 20 digital service providers which involved developing client relationships and facilitating all requests, system troubleshooting and reporting data Project managed newly integrated digital systems while analyzing business needs, gathered user requirements, and conceptualizing system analysis based on reporting data Proficient in internal digital systems by creating and extracting customized reports on ",0.9,Positive Match,Strong Match
PAIR-00008,Senior Software / IT Systems Engineer,INFORMATION-TECHNOLOGY,"We are seeking a Senior Software & IT Systems Engineer to design, deploy, and scale high-performance software applications and cloud infrastructure. Responsibilities include building RESTful APIs, optimizing relational and NoSQL databases, containerizing microservices with Docker and Kubernetes, and troubleshooting distributed networks. Required skills: Python, Java, JavaScript/TypeScript, SQL, Linux, Cloud (AWS or Azure), Git, and CI/CD automation.",11584809,"MANAGER - INFORMATION TECHNOLOGY AND BUILDING AUTOMATION SYSTEMS Summary Manager - Information Technology and Building Automation Systems Versatile Building Automation System engineer and IT professional with vast knowledge of Enterprise Project Lifecycle methodology and experience to deliver insightful network infrastructure and building automation solutions. Network engineering expert with strong background in project management and product support. Proven communication skills for quality development of standard documentation, as well as genuine leadership and assistance for associates and clients. Highlights Enterprise platforms Current PMP Certification Project tracking Hardware and software upgrade planning Certified Information Security Manager User experience (UX) design Self-motivated Vast technical knowledge Server management Mac and PC expert Computer programming Highly motivated Resourceful Control system design Proficient multi-tasker Accomplishments Awarded the Navy and Marine Corps Achievement Medal in 2010, 2011, 2012, and 2013 . Awarded Sailor of the Year designation for the Pacific Naval Fleet in 2013. Successfully managed the network infrastructure and server environment for 150+ users and 300+ PC and network systems. Responsible for the training and development of 8 technicians and project coordinators within my team. Experience Manager - Information Technology and Building Automation Systems October 2014 to Current Company Name City , State Led a cross-functional team of engineers, QAs and UX designers to develop features and fix product defects. Delivered detailed feature roadmaps that included action items and project targets. Leveraged in-depth understanding of end-to-end customer experience to identify pain points and latent customer needs. Managed the 8 -person local IT team, allocating resources to ongoing projects and enforcing deadlines. Conducted computer diagnostics to investigate and resolve problems and provide technical assistance and support. Worked on large enterprise and business critical applications. Analyzed and created new configuration for packaged software to meet business and system requirements. Configured, maintained and provided trending and performance analysis of enterprise class storage systems. Performed second-level support for all workstation and server class systems. Served as the technical lead for server infrastructure including development, QA, staging and production systems. Serviced electrical, pneu",0.94,Positive Match,Strong Match
PAIR-00339,Clinical Healthcare Specialist & Administrator,HEALTHCARE,"Looking for a Healthcare Specialist to manage patient intake protocols, electronic health record (EHR) compliance, clinical assessments, and patient care workflows. Responsibilities include clinical documentation, HIPAA compliance, multidisciplinary coordination, and care planning. Requirements: Healthcare certification or nursing degree, EHR software, and clinical standards.",10588874,"MANAGER AND EXECUTIVE CHEF Profile Results oriented manager who thrives in fast-paced, competitive environments is seeking position offering opportunities for new professional and personal challenge. Self starter with a positive, can-do attitude who is driven to learn and succeed. Areas of Expertise Inventory control Expense control Supervision and training Strong presentation skills Sound judgment Computer-savvy Process improvement Team building Staff motivator Business recovery and sustainability Conflict resolution Media marketing Cost reduction Budget allocation Diverse management experience Natural leadership Staff training Supervision and training Skilled negotiator Calm under pressure Complex problem solving Inventory control Adaptable Exceptional time management skills Operations Start up Performance evaluations Employee Scheduling Professional Experience Manager and Executive Chef October 2014 to Current Company Name City , State Continually monitor all Rochester University Fraternity house kitchens and take appropriate action to ensure food quality, service standards, policies, and sanitation standards are consistently met. Assign tasks and oversee the direction of employees to ensure compliance with food safety procedures and quality control guidelines. Performed kitchen walk-throughs to gauge timeliness, performance and excellent service quality. Monitor budgets of all Rochester University Chefs on campus Manage and approve all inventories and budgets related to all culinary areas on campus Manage, plan, and oversee all culinary campus events Developed variety of menu items catering to customers with food allergies and diet restrictions such as gluten-free and vegan items. Designated by Rochester University to be primary competitor to represent Rochester University in all culinary competitions Sous Chef October 2013 to June 2014 Company Name City , State Approved procurement requests for banquet products Managed and updated day to day database of personal and existing recipes Budgeted food orders and products to maximize company profitability Maintained standards and responsible for all kitchen operations, banquet events and buffet lines Responsible for daily set up of all stations General Manager/Executive Chef September 2012 to October 2013 Company Name City , State Advanced 30 year family owned non- profitable restaurant to lucrative, thriving business now known as ""Local's Favorite"" Personally acknowledged in the local Sun News, Myrtle Beac",0.2,Hard Negative,Low Match
PAIR-00143,Corporate Financial Analyst & Portfolio Specialist,FINANCE,"Seeking a Financial Analyst to perform financial modeling, variance forecasting, corporate valuation, and investment analysis. Key responsibilities: preparing quarterly financial statements, conducting discounted cash flow (DCF) modeling, budget reconciliations, and executive risk briefings. Requirements: Advanced Excel, financial modeling, GAAP compliance, SQL, and analytical problem solving.",19540089,"FINANCE MANAGER / PLANT CONTROLLER Summary Ten years experience with high-volume manufacturers, demonstrating leadership and strong project management execution skills. Instrumental in reducing labor and overhead $2.5 million and contributing to operational goals and business profit. Strengths include financial reporting, forecasting, budgeting process and internal control. Highlights A highly motivated and educated, goal and success orientated individual with over ten years of professional work experience within the US and China, of which eight years are with Reckitt Benckiser (Fortune #160) and Regal Beloit (Fortune #713) Profound knowledge of management accounting, cost, inventory accounting, and familiarity with General Accepted Accounting Principles (GAAP) Strong organizational, analytical and interpersonal skills with keen attention to detail and Played a key role in the core management team and expanded roles supporting IT and supply chain functions Strategic and financial planning expert Business performance improvement Knowledge of GAAP guidelines and SOX Compliance Certified Public Accountant (CPA) Oracle / JDE /Global Shop Proficient in Microsoft Office Thrives under pressure Solution-oriented Staff leadership and development Goal Focusing/motivation Flexibility and adaptability: Adapt to the changes Accomplishments Cost Reduction Established and coordinated a robust plan for the control of operations including period financial results and variance analysis, expense budgets, cost standards, together with necessary controls and procedures to effectuate the plan both short and long term, drove $2.5M annual savings on both labor and variable overhead. Gross Margin Improvement Improved margin accuracy, and drove gross margin 3.6% year-over-year increase Provided accurate variance analysis to sourcing team, operation teams for variance and spending control Analyzed gross margin by customer, gave valuable feedback to sales team for strategic planning and margin improvement Inventory Control Lead annual physical inventory, identified discrepancies, decreased finished goods inventory cycle count by over 50%. Coordinate with material team with inventory control and assisted the plant reaching lower days inventory outstanding (DIO) Team Contributions Expanded roles and provided support in IT, supply chain functions Work under pressure with limited resource and time Provided valuable insight and support important decisions to senior managers Leadership: tr",0.92,Positive Match,Strong Match
PAIR-00288,Digital Marketing & Content Strategy Lead,DIGITAL-MEDIA,"Seeking a Digital Marketing Lead to oversee omnichannel growth campaigns, SEO/SEM performance, brand content creation, and analytics tracking. Responsibilities: managing Google Ads / Meta ad spend, conversion rate optimization (CRO), social media strategy, and ROI performance reporting. Requirements: Google Analytics, SEO tools, paid advertising, and copywriting.",58915642,"DIGITAL M&E RESEARCH INTERN Skills Microsoft Office Suite; Venture Capital Financial Model Interests: Entrepreneurship, Mentoring, Education, Basketball, Strength Training, Venture Capital Interests Penn Summer Abroad, Scholar of Environmental Studies, in Rotterdam & Berlin June 2015 - June 2015 Engaged in a lecture series about water management and the Energiewende which fortified the immersion into the culture of environmental sustainability in Rotterdam and Berlin for two weeks Culminated in a presentation on strategic plan to implement water management and Energiewende tactics to USA National Dominican Student Conference, Officer of Logistics and Finances Sept. 2014 - Mar. 2015 Managed and balanced the conference's $26,000+ budget. Individually raised $3,800+ for the conference from external sources and internal sources; like KIPP Through College, Greenfield Intercultural Center, PennKIPP Coordinated and executed three-day conference for 390 university students throughout the US Designed and organized a Dominican Linguistics workshop by inviting prestigious BYU Professor Alba and Dr. Ferreira CAMPUS INVOLVEMENT Grupo Quisqueyano (Dominican Student Association), Officer of Finances Dec. 2014 - Dec. 2016 Administrated a budget of $800, and funding for the student organization Dana How Scholar Program, Active Mentor Sept. 2013 - Sept. 2016 Volunteer to mentor and educate West Philadelphia high school students in order to get them ready for college Big Brother Big Sister, Big Brother Sept. 2015 - Sept. 2016 Serve as a positive role model and friend for children in West Philadelphia in an on-going one to one relationship MoneyThink, Active Mentor Sept. 2015 - Sept. 2016 Structured personal finance lesson plans to fit the need of Philadelphia high school students in order to allow them to teach them about being financially more independent Experience Digital M&E Research Intern May 2016 to August 2016 Company Name City , State Refined quantitative and qualitative data in order to optimize business products for individual project managers. Evaluated Big Data to generate fundamental frameworks being utilized to normalize product data across all entertainment brands. September 2015 to December 2015 Company Name City , State Developed a five-year growth strategy to utilize for the next potential funding round of the growth firm. Generated a 50-page report that included contacting 700 colleges receiving a response rate of 11%. Business Development Intern May 2015",0.97,Positive Match,Strong Match
PAIR-00099,Enterprise Business Development Manager,BUSINESS-DEVELOPMENT,"Seeking an experienced Business Development Manager to identify new market opportunities, negotiate high-value corporate partnerships, and drive revenue growth. Responsibilities: B2B pipeline development, enterprise client pitching, contract negotiation, competitive analysis, and strategic relationship management. Requirements: 4+ years B2B sales/development experience, CRM proficiency, and executive communication skills.",18242317,"GRADUATE RESEARCH ASSISTANT Summary Dedicated professional with excellent technical, analytical and communication skills demonstrated in ten years of experience in the agricultural sector, specifically in the Research and Development division with an extensive knowledge of Biological control and identification of insect in the field of Entomology Highlights Background in biological control using member from the Coleopteran family of insect Area wide Surveys and data collection for research Team player Expert in data analysis Data presentation Experimental design/implementation Accomplishments Successfully determine the biology, reproduction and the effect of chemicals on the Thalassa montezumae, a predatory beetle of the new invasive scale insect Phalacrococcus howertoni in South Florida. Integrated Pest Management Workshop Identification of Scales Mealybugs and Natural enemies. Identification of Mites of economic importance to the Caribbean and their Natural enemies Training Seminar on Management of Protected Cultivation Insect. Identification of Nematodes for Professional Consultants Green house training course. Experience Company Name City , State GRADUATE RESEARCH ASSISTANT 01/2013 to 12/2015 Assist with various research project in the Center of Biological control lab. Developing a potential biological control for Croton Scales (Phalacrococcus howertoni). Maintain culture of Croton scales and Thalassa montezumae under green house and laboratory conditions, Company Name City , State PLANT PROTECTION OFFICER - Entomology 10/2011 to 12/2012 Rear Parasitoids wasp ( Anagyrus kamali ) and release in areas affected by the Pink Hibiscus Mealy bug ( Maconellicoccus hirsutus) with 95% success rate and determined parasitism levels at each site. Record and analyze data Maintain cultures of Pink Hibiscus Mealybug and Anangyrus kamali at rearing facility. Develop solutions for pest problems in yam (Dioscorea spp.) in Jamaica Establish and conduct field evaluations with treatments against yam nematodes. Develop Citrus Greening Management Programme in Jamaica in collaboration with Food and Agriculture Organization and Government of Jamaica Components. Assist in the Island wide survey for incidence of citrus greening and parasitism levels of Tamarixia radiate . Assist the monitoring programme for the Area-wide Integrated Management Systems (AIMS) for Citrus greening in citrus orchards. Developed management program for the Beet Army Worm (Spodoptera exigua ) and monitor",0.19,Hard Negative,Low Match
PAIR-00194,Senior Corporate Accountant & Auditor,ACCOUNTANT,"Looking for a Senior Accountant to oversee general ledger reconciliations, tax compliance, payroll auditing, and financial reporting. Responsibilities include month-end closing, balance sheet reconciliation, internal audit preparation, and regulatory filing. Qualifications: CPA or accounting degree, ERP experience (NetSuite, SAP), GAAP standards, and internal control compliance.",13491889,"ACCOUNTANT Summary Results-oriented accountant with strong work ethic and over four years of experience. Successful at managing multiple projects and consistently meeting deadlines under pressure. Bi-lingual in English and Spanish with outstanding analytical, oral and written communication skills across all levels of the organization. Extensive knowledge of accounting software and processes. Skills Full Accounting cycle Account reconciliation General ledger accounting Financial statement analysis Budget Planning Cash Management Accounts Receivable Accounts Payable Inventory & Purchases Fixed Assets Auditing Payroll Taxes Benefit and compensation Team work oriented Employee training and development Supervising Effective time management Deadline-oriented Experience Company Name City , State Accountant 03/2018 Manage and oversee the daily operation of accounting department including. Monthly bank reconciliations over 10 companies. Manage rent roll, and collections. Prepare overall accounting reports and internal financial statement. Company Name City , State Accounting and Finance Supervisor 07/2017 to 12/2017 Manage and oversee the daily operation of accounting department. Conducted month-end balance sheet reviews and reconciled any variances. Coded the general ledger and processed vendor invoice payments. Coordinated approval processes of all accounts payable invoices. Investigated and resolved discrepancies in monthly bank accounts while under tight deadlines. Prepared annual federal, state and local tax returns. Company Name City , State Administrator/Accountant 03/2015 to 06/2017 Manage and oversee the daily operation of accounting department including; Account payable/receivable *Cash recipes * General ledger * Payroll * Collection * Bank Reconciliations * Check run * Fixed assets activity. Quarterly,monthly and annual local and state tax returns. Monitor and analyze accounting data and produce financial and productivity reports. Banks deposit and office mail pickup. Monitors and maintains office supplies inventory. Manage office vendors, service providers and maintains certifications documentation updated. Maintain fiscal files and all documents transaction. Preparation of Annual 480 and W2. Collaborated extensively with auditors during preliminary and year-end audit processes. In charge of HR includinf, hiring process, supervising, vacation and sick monitor, coordination of office activities and benefits for office staff including; medical plan and 40",0.85,Positive Match,Good Match
PAIR-00167,Corporate Financial Analyst & Portfolio Specialist,FINANCE,"Seeking a Financial Analyst to perform financial modeling, variance forecasting, corporate valuation, and investment analysis. Key responsibilities: preparing quarterly financial statements, conducting discounted cash flow (DCF) modeling, budget reconciliations, and executive risk briefings. Requirements: Advanced Excel, financial modeling, GAAP compliance, SQL, and analytical problem solving.",22423839,"INTERNATIONAL BUSINESS DEVELOPMENT MANAGER Summary Charismatic business professional with expertise in business development , product strategy, marketing, and sales . Effectively built sales department from 10% to 50% of total company revenue over a 10 year term. Vastly experienced in international distribution development. Highlights Business Development Inventory Management Sales Analysis & Forecasting Marketing Product Strategy Bilingual - English/Spanish Experience 02/2010 to Current International Business Development Manager Company Name City , State Identify global product opportunities, perform market analysis, and create product briefs outlining new collections. Lead cross-departmental team responsible for creating product launch process calendar to ensure timely execution and clear communication. Manage special project requests to identify the value of the project, potential growth in the market, and work with Product Development, Marketing and Sales to execute. Develop pricing strategy and manage pricing model to boost brand profitability. Analyze sales history and market trends to optimize inventory levels at overseas warehouse providing product to global partners in a timely manner, resulting in lower overhead and storage costs. Produce and communicate quarterly key performance indicators (KPI) reports. Liaise with Product Development, Marketing departments and Regional Directors to develop new product for global consumers. Develop, maintain, and support 37 international sales and distribution accounts in 76 countries for Victorinox Swiss Army brands. Analyze sales statistics to determine business growth potential and drove incremental growth of $2M in 2014. Assist global partners with inventory management, product training and retail promotions, resulting in higher product margins for all parties. Offer a proven track record of revenue growth year over year, from $8M to $34M during my 10-year term. Grew Latin Market from ground zero to top region for 3 consecutive years. 01/2004 to 01/2010 International Sales Operations Manager Supported VP and Director to manage international brands and support global network of distributors. Coordinated directly with factories, third-party logistics warehouse operator, and distributors to optimize order flow from factories to warehouse to global markets. Created and updated order templates and price lists for accounts. Managed inventory to maintain optimal levels. Worked with distributors to obtain quarterly",0.54,Partial Match,Moderate Match
PAIR-00248,Senior Talent Acquisition & People Operations Manager,HR,"Seeking a Human Resources Manager to lead end-to-end recruitment, employee onboarding, compensation benchmarking, and organizational culture initiatives. Responsibilities include sourcing candidate pipelines, managing ATS workflows, facilitating performance reviews, and ensuring labor law compliance. Requirements: Full-lifecycle recruiting, ATS proficiency, employee relations, and HR strategy.",14640322,"HR GENERALIST Summary HR Generalist with 8 yrs of professional experience in employee recruitment, orientation, engagement ,assimilation and termination procedures . Highlights Employee recruitment Talent Acquisition New employee orientations Employee Engagement and assimilation Vendor Management Termination procedures MS Office proficient Experience HR Generalist November 2006 to May 2015 Company Name - City , State Onboarding: Welcoming the new employees onboard by ensuring they have a pleasant experience. Verifying and collecting all the mandatory educational & employment documents. Performing a reference check on the day of on boarding incase any document is not available. HR Engagement and Assimilation Handling employee's queries with respect to joining formalities Taking induction for the new joinees and briefing them about IBM and the concerned BU's to which they will be a part of. Briefing the new joiners on various policies like payroll, payables, medical insurance, reimbursement, superannuation etc. Updating the joiner's data /no-shows data in GOM. Ensure all the relevant departments are informed about the new joiners. Managing attendance and leave for the team. Mentoring & coaching new team members across locations on the process, and ensure they execute the process successfully. Preparing weekly & daily MIS reports. Preparing MOM and sharing it to the team for every weekly team meeting. Recruitment : Screening the resumes so as to assess the HR Fit & the Technical Fit of the candidate for the applied position. Taking care of the HR issues while screening the resume in terms of the present employer, years of experience, relevant work location, relevant background, relevant education, etc. Liaisoning with the Business for the Requirements and carrying out the recruitment process smoothly. Coordinating & handling week-end drives in location. Also involved in extensive Campus drives /Offcampus drives in Technical institutions. Chalking the Monthly requirements with the Managers & completing the same in the given time frame. Facilitating Vendor management by allocating requirements to vendors. Educating the vendors on the requirement skills so that there is a smooth flow of process regarding requirement. Handling queries from the competency Managers and solving them with regards to Recruitment, Hiring & Joining and also regarding the Policies of Recruitment. Documentation for Mandatory Offer Paperworks. Liasoning with Business Hiring Managers / Comp",0.97,Positive Match,Strong Match
PAIR-00102,Enterprise Business Development Manager,BUSINESS-DEVELOPMENT,"Seeking an experienced Business Development Manager to identify new market opportunities, negotiate high-value corporate partnerships, and drive revenue growth. Responsibilities: B2B pipeline development, enterprise client pitching, contract negotiation, competitive analysis, and strategic relationship management. Requirements: 4+ years B2B sales/development experience, CRM proficiency, and executive communication skills.",28933005,"Kimberly Fisheli Summary Dedicated and responsive Special Education Teacher with proven skills in classroom management, behavior modification and individualized support. Comfortable working with students of all skill levels to promote learning and boost educational success. Serves as role model by using growth mindset to develop young minds and inspire love of learning. Experience Substitute Teacher , 06/2017 - Current Company Name - City , State Enforced classroom routines to keep students on schedule and operating at consistent level. Implemented lesson plans assigned by classroom teacher to educate students about key concepts. Maintained student attendance and assignment records to prevent lapses during teacher absences. Oversaw pop quizzes, material exams and standardized tests to facilitate instruction. Applied proactive behavior management techniques to facilitate classroom discipline. Provided notes and reports on school day activities to primary teacher. Long-Term Special Education Substitute , 02/2021 - 06/2021 Company Name - City , State Eliminated learning gaps and effectively instructed students by using teaching aids and motivational strategies. Facilitated functional life skills development in students with autism through explicit instruction and repetition to entrench skills. Established and communicated clear objectives for lessons, units and projects to students. Fostered positive and trusting relationships with students to increase engagement. Organized and prepared instructional materials, communiqu s and reports to facilitate student learning. Worked with students with specialized needs to accomplish tasks and build practical skills. Collaborated with conventional education instructors across multiple departments to optimize student learning. Developed interesting and interactive learning methods tailored to help students with individual needs. Transitioned students across grade levels through careful planning and preparation. Encouraged student empathy of others to build confidence and improve self-image. Enforced classroom routines to keep students on schedule and operating at consistent level. Implemented lesson plans assigned by classroom teacher to educate students about key concepts. Maintained student attendance and assignment records to prevent lapses during teacher absences. Mentored, tutored and instructed students during break and student support. Oversaw pop quizzes, material exams and standardized tests to facilitate instru",0.29,Hard Negative,Low Match
PAIR-00168,Corporate Financial Analyst & Portfolio Specialist,FINANCE,"Seeking a Financial Analyst to perform financial modeling, variance forecasting, corporate valuation, and investment analysis. Key responsibilities: preparing quarterly financial statements, conducting discounted cash flow (DCF) modeling, budget reconciliations, and executive risk briefings. Requirements: Advanced Excel, financial modeling, GAAP compliance, SQL, and analytical problem solving.",27903191,"DIGITAL MARKETING LEAD Summary Digital marketing professional with experience in sales, marketing and management. Knowledgeable about e-commerce, social media and creative digital design. Highlights Digital advertising Advertising Customer service-oriented Excellent written and verbal communicator MS Office proficient Effective team player Dependable and reliable Calm under pressure Experience Digital Marketing Lead 12/2014 to Current Company Name City , State Maintain the Digital Marketing Board for the Spa and Fitness Center. Create, edit, and update flyers for the Digital Board regarding current and upcoming events at the Club. Upload class schedules, class descriptions, and corresponding videos to the Digital Board on a daily basis. Spa and Fitness Concierge 10/2014 to Current Company Name City , State Demonstrated excellent customer service to all of the member and their guests. Compete with co-workers for monthly performance based sales bonuses and incentives. Recommend specific services to members depending on what he or she is looking for. Provide adequate knowledge of the services that we provide along with the products that we sell. Spa and Fitness Concierge 06/2014 to 10/2014 Company Name City , State Demonstrated excellent customer service to all of the member and their guests. Schedule appointments for massages, facials, personal trainers, manicures, pedicures etc. Recommend specific services to members depending on what he or she is looking for. Provide adequate knowledge of the services that we provide along with the products that we sell. Assistant Soccer Director 07/2014 to 08/2014 Company Name City , State Head of coaching for 6 week soccer camp with 50 kids ages 4-13 and 7 coaches under me when Director was not present. Worked directly with the director of the camp to provide excellent training sessions as well as fun organized games. Demonstrated leadership for the other coaches to follow while participating in each drill and game that the kids played. Team Leader Sales 06/2013 to 06/2014 Company Name City , State Effectively lead the Sales Team and entire Store in driving Sales, Customer Service and Recovery by directing and acting as a role model in an competitive environment. Shared product knowledge with customers while making personal recommendations. Maintained friendly and professional customer interactions. Assisted customers in finding the right products to fit their needs and goals Customer Service Lead/Sales Associate 04/2012",0.16,Hard Negative,Low Match
PAIR-00107,Senior Enterprise Sales Representative,SALES,"We are hiring a Senior Enterprise Sales Representative to manage full sales cycles, conduct product demonstrations, and exceed quarterly quotas. Responsibilities include prospect qualification, objection handling, commercial contract closing, and pipeline tracking in Salesforce. Requirements: Proven enterprise quota attainment, CRM mastery, presentation skills, and strong customer relationship building.",15581242,"SALES SPECIALIST Objective To obtain a position in a challenging environment that presents the opportunities for growth and knowledge; where I can maximize and apply my work ethic, time management skills, management techniques, quality assurance skills, and scientific knowledge. Education Bachelor of Science : Biology , May 2016 University of Houston City , State Minor in Health Science Experience Sales Specialist December 2014 to Current Company Name City , State Processed sales, payments, credits, refunds and exchanges in a high volume environment. Assisted customers in person/ remotely with IT setup, including data migration and app installation. Introduce corporate and small businesses to IT repair, device management, and financing services. Vice President May 2014 to Current Company Name City , State Negotiated relationships with sponsors, clients, and external organization on marketing initiatives. Organized and implemented community events/ fundraisers, with over 500 people in attendance. Established multiple $1,000 scholarships, while retaining sizable account balance for next administration. Lab Assistant September 2013 to January 2014 Company Name City , State Maintained highly detailed records of all procedures, methods, and materials utilized on specimens. Demonstrated leadership skills while coordinating a diverse team tasked with independent asssignments. Technical skills manipulating sensitive model organisms, hazardous materials, and fine tuned equipment. Qualifications 3 years of experience within Sales, IT, and Consulting Apple CRM: proprietary CRM software used to organize client information, track leads, and finalize sales SAP Inventory Management: Software to track product movement, catalog merchandise, and audit for loss iOSdm Hub & Jamf: device management platform to maintain functionality, and push software updates Conducted research on model organism, fruit fly ( Drosophila, melanogaster) Skills Bilingual (Bangla & English) Staff mentoring and development Motivated and self-driven business acumen Strong customer service experience Exceeds performance and sales quotas Held leadership roles within university/community organizations Advanced mathematical aptitude Knowledgeable with computers and other technical skills (Windows/Mac)",0.89,Positive Match,Strong Match
PAIR-00007,Senior Software / IT Systems Engineer,INFORMATION-TECHNOLOGY,"We are seeking a Senior Software & IT Systems Engineer to design, deploy, and scale high-performance software applications and cloud infrastructure. Responsibilities include building RESTful APIs, optimizing relational and NoSQL databases, containerizing microservices with Docker and Kubernetes, and troubleshooting distributed networks. Required skills: Python, Java, JavaScript/TypeScript, SQL, Linux, Cloud (AWS or Azure), Git, and CI/CD automation.",29975124,"CONSULTANT Experience Consultant , 05/2017 to Current Company Name City , State Managed project schedule and local and remote staff to collect Water Main data and update GIS system. Develop business process and productivity reports to manage field book scanning project and Water Main data collection project. Provide Application support for CIS, Infor CMMS, and Neptune AMR applications. Maintained SharePoint site for I/T department. Assist Desktop support team with desktop and application user issues. Developed secure FTP scripts during implementation of CIS and AMR applications after Ransomware attack. Utility Solutions Consultant , 02/2006 to 04/2017 Company Name City , State Install and configured Cityworks CMMS application, including XML modifications. Led configuration requirements gathering effort for Cityworks application implementation. Prepared and provided training for CIS, Meter Reading software, and CMMS applications. Provided Application support for CIS, CMMS, and AMR applications. Developed data import file layouts and Crystal Reports for Lucity CMMS application. Performed system configuration for Lucity CMMS application. Installed and configured Infor Enterprise Asset Management 11.1 application and SQL Server database. Led System Administration team to design and configure user security for Infor Public Sector application. Led configuration requirements gathering effort for Infor Public Sector application upgrade. Provide Application support for CIS, CMMS, and AMR applications. Assisted the City of Cleveland with the installation of their AMI Fixed Network. Developed the Residential AMI Meter Deployment schedule for City of Cleveland AMI Project. Led team to manage data interfaces between City of Atlanta and Contractor systems during the AMR replacement program. Develop business process and reports to manage Automated Meter Reading meter replacement program for City of Atlanta, Bureau of Drinking Water. CEO/Consultant , 02/2000 to 02/2006 Company Name City , State Managed Griffin Technology Group budget, taxes, expenses and contracts Hired and managed employees, including scheduling client appointments for on-site PC support service. Developed Crystal Reports for client management team to manage business within the Customer Information System. Installed and configured Crystal Info Server 7. Developed PL/SQL views to handle difficult data issues in reporting. Gathered requirements for management reports, application changes, and tracking soft",0.86,Positive Match,Good Match
PAIR-00090,Enterprise Business Development Manager,BUSINESS-DEVELOPMENT,"Seeking an experienced Business Development Manager to identify new market opportunities, negotiate high-value corporate partnerships, and drive revenue growth. Responsibilities: B2B pipeline development, enterprise client pitching, contract negotiation, competitive analysis, and strategic relationship management. Requirements: 4+ years B2B sales/development experience, CRM proficiency, and executive communication skills.",31638814,"BUSINESS DEVELOPMENT MANAGER Summary Innovative bilingual sales executive with more than 6 years of sales experience in Mexico and USA Successful at acquiring, expanding and managing key corporate accounts Core Qualifications Excellent Customer Service Skills Excellent research abilities Customer Retention Negotiation Skills Tactfulness to generate positive company image Contract review Experience Business Development Manager 05/2010 to Current Company Name City , State Responsible of the selling of hydraulic & pneumatic equipment in Mexico and USA to clients in the Energy, Chemical & Mining industries Meeting quotas of $1.4M USD annually by renewing contracts and opening new accounts within assigned territory Pioneered sales outreach to potential US clients and developed sales plan to increase client base outside of Mexico Scheduling 2-3 in-person client meetings with potential US customers on a quarterly basis Managing accounts in the energy industry like PEMEX and in the metallurgical & chemical industry like MET-MEX Pe oles Developing business plans to identify key opportunities and deliver added value to up-sell products and services to key accounts Booking customer follow-up calls or in-person meetings with Top 50 accounts bi-monthly to maintain customer retention Generating sales reports and forecasts for management review Preparing quotations that meet customers specific needs and support collections efforts. Sales Representative 07/2009 to 04/2010 Company Name City , State Obtained new accounts by selling financial products and services to consumers and businesses Consistently achieved sales quota by making 50-60 outbound cold calls per day to potential prospects Maintained relationships to offer the best customer service and provide a personalized financial advice. Marketing Intern 01/2009 to 06/2009 Company Name City , State Designed banners and brochures for annual events Translated documents and promotional material from English to Spanish. Education Bachelor of Business Administration : International Business 2009 St. Edward s University City , State International Business Affiliations Delta Sigma Pi, Business Fraternity, Chapter Vice-President St. Edward's Univ. Skills banners, brochures, Developing business, bi, contracts, client, clients, customer service, English, financial, Managing, meetings, promotional material, selling, sales, sales plan, sales reports, Scheduling 2, Sigma, Spanish",0.89,Positive Match,Strong Match
PAIR-00325,Clinical Healthcare Specialist & Administrator,HEALTHCARE,"Looking for a Healthcare Specialist to manage patient intake protocols, electronic health record (EHR) compliance, clinical assessments, and patient care workflows. Responsibilities include clinical documentation, HIPAA compliance, multidisciplinary coordination, and care planning. Requirements: Healthcare certification or nursing degree, EHR software, and clinical standards.",18949843,"ELECTRONIC HEALTH RECORD OPTIMIZATION SPECIALIST Skill Highlights Analyst skills - Managed care contract analysis, payment analysis and appeal, quality data analysis and Above average computer skills - Microsoft Office Suite, Adobe (full version), Athena Clarity, Crystal Reports, Internet and email proficiency Professional Experience Electronic Health Record Optimization Specialist Company Name City , State Assist primary care practices and providers to improve quality scores through expertise in practice workflow, electronic health record systems, and quality measures. Assists practices in implementing and using systems (quality reporting, EHR modules) to improve patient care and outcomes and provide the clinical data required to satisfy contract requirements. Provides support for population management at the pod and practice level by tracking and monitoring individual process and outcome measures for eligible managed care and Medicare patients who have chronic diseases such as diabetes, cardiovascular disease, and depression. Understands and can clearly communicate, both verbally and in writing, clinical quality measure components of global payment contracts and EHR Use Requirements. Understands the federal and state EHR incentive programs, mandates and legal requirements, and develops and implements programs to educate providers and staff on achieving federal and state incentives and if required, compliance with legal obligations. Meaningful Use, ICD10, HIPAA, Privacy) Assists EHR Team in creating plans for new implementations, interfaces and upgrades Understands provider's contractual obligations with BIDCO and develops and implements training and communication plans that support these needs. Quality Improvement Coordinator October 2013 to August 2014 Company Name City , State Worked with and support primary care physicians and their office staff to achieve the quality incentives as part of global payment and managed care contracts. Support PCP practices in implementing quality improvement initiatives. Provide support managing patient registries through reports and training at the practice and POD level for eligible managed care and Medicare patients who have chronic diseases. Work individually with PCP practices to help them manage the required testing for their quality measure goals to promote optimal health and clinical outcomes. Train PCP practices on Athena Clarity quality software application so they can access their registries and outcomes indiv",0.87,Positive Match,Good Match
PAIR-00057,Senior Systems / DevOps Engineer,ENGINEERING,"Looking for a Senior Systems & DevOps Engineer to automate build infrastructure, manage Linux server fleets, and ensure high availability across multi-region environments. Responsibilities include writing Terraform infrastructure as code, configuring CI/CD pipelines, monitoring system metrics with Prometheus and Grafana, and diagnosing system bottlenecks. Requirements: Linux administration, Docker, Kubernetes, Terraform, Bash/Python scripting, and networking fundamentals.",96029688,"MAINTENANCE ENGINEERING CO-OP Experience Maintenance Engineering Co-Op , 01/2019 to 11/2019 Company Name City , State Functioned as facility Computerized Maintenance Management System (CMMS) technical expert, and liaison to Global IT and Maximo Support team. Managed Maximo workflows, assisted in identification and resolving Maximo 7.6 related issues. Innovated new documentation techniques for efficient flow of Maint Work Orders for future reference and accountability. Identified few key tools missing in site's Maximo. Got it enabled from HQ IT team for 1000+ AAM Global Maximo users. Expanded existing facility Maximo user count by 50%. Provided problem solving support and training to Maximo users. Created, assigned and scheduled Preventive Maintenance (PM) and Predictive Maintenance (PD) plans. Perform Process Failure Mode and Effects Analysis (PFMEA) by studying downtime trends using Maximo and SharePoint. Champion for Spindle Vibration Analysis program. Train tradesmen to gather Vibe data, analyse trends & recommend repairs. Implement 5S Methodology in toolroom. Performed GP-12 quality inspection in Production Part Approval Process (PPAP). Investigate part failures by studying Electrical, Hydraulic and Pneumatic equipment prints using AutoCAD. Plan and coordinate Maint operations with Production team to minimize equipment downtime and maximize production. Identify new, damaged or obsolete parts in store using ORACLE and coordinate with Purchasing Dept to buy it in. Student Team Leader , 05/2018 to 12/2018 Company Name Raised $5,000+ for various student scholarship funds under WMU. Coached fundraising techniques to 15 Student Ambassadors. Mechanical Intern , 01/2016 to 02/2016 Company Name Fixed design errors considering design parameters of vehicle transmission unit using SolidWorks. Registered data for processes such as Failure Modes and Effects Analysis (FMEA) and Bill of Materials (BOM). Assisted Continuous Improvement team in reviewing and refining processes to make additional improvements. Generated In-depth Root Cause Analysis reports in relation to problems and errors reported by customers. Manufacturing Intern , 01/2015 to 02/2015 Company Name City Utilised GD&T and Unigraphics NX to identify and fix measurement and design errors. Analysed models using ANSYS. Implemented Lean Manufacturing and reduced waste by 5%. Perform geometric and algebraic calculations on CNC machines. Work History Maintenance Engineering Co-Op , 01/2019 to 11/2019 Company N",0.87,Positive Match,Good Match
PAIR-00245,Senior Talent Acquisition & People Operations Manager,HR,"Seeking a Human Resources Manager to lead end-to-end recruitment, employee onboarding, compensation benchmarking, and organizational culture initiatives. Responsibilities include sourcing candidate pipelines, managing ATS workflows, facilitating performance reviews, and ensuring labor law compliance. Requirements: Full-lifecycle recruiting, ATS proficiency, employee relations, and HR strategy.",14886205,"HR MANAGER Summary HR Coordinator motivated to create collaborative team environment by using background in the organization of employee training and team building events. Key Skills New employee orientations Maintains confidentiality Recruiting Employee relations Off-boarding Performance management strategies Quickbooks Sequoia Taleo Google Drive Google Calendar Microsoft Office Suite (Word, Excel, PowerPoint) Experience July 2014 Company Name HR Manager Diagnosed some of Cisco Systems' talent management systems in order to apply talent management knowledge to current HR practices. Compiled a systematic, descriptive report of diagnosis along with suggestions for improving methods then submitted final analysis to HR Manager. Influence ""Chapter 7: Liking"" Group Presentation, Social Psychology, Spring 2014 Collaborated with group members in dividing the workload, planning the class lesson, and discussing creative solutions to engage classmates. Designed a visual slide presentation by compiling group's work and enhanced presentation appeal with multimedia related to our topic found on the Internet. Analyzed effective group dynamics and leadership in an final research paper on the analysis of effective group dynamics and leadership Persuasion Experiment Study, Social Psychology, Spring 2014 Designed and executed research design observing persuasion tactics used at Mattress Discounters based on Robert Cialdini's research in Influence: The Psychology of Persuasion and compiled a comprehensive report Research Paper, Seminar on the Aesthetics of Citizen Participation, Fall 2013 Developed a research topic on utilizing art therapy as a model for motivating citizen participation requiring extensive library database research. RELEVANT COURSE PROJECTS October 2014 to Current Company Name Recruiting Coordinator Highlight: Increased and maintains the hiring percentage by 7% in first two months of employment; entrusted with HR department while manager is on military leave Coordinate with recruiting team, hiring managers and candidates to schedule phone/onsite interviews, ensure prompt and friendly communications with candidates, and host candidates on campus Execute welcoming onboarding orientations for new hires by using my enthusiastic personality during the company presentation and while processing employees' paperwork Actively source and correspond with attorneys regarding content writing opportunities; handle all applications and writers' files on Sequoia, communicat",0.87,Positive Match,Good Match
PAIR-00112,Senior Enterprise Sales Representative,SALES,"We are hiring a Senior Enterprise Sales Representative to manage full sales cycles, conduct product demonstrations, and exceed quarterly quotas. Responsibilities include prospect qualification, objection handling, commercial contract closing, and pipeline tracking in Salesforce. Requirements: Proven enterprise quota attainment, CRM mastery, presentation skills, and strong customer relationship building.",17410700,"SALES ASSOCIATE Professional Summary Sales professional offering nearly 4 years experience in sales and sales management in a retail setting. Specializes in men and women's wear, with emphasis in building a solid customer base. Skill Highlights High-end fashion knowledge Superb sales professional Loss prevention comprehension Ability to mediate disputes Listening skills Reliable and punctual Compelling leadership skills Customer service oriented Cash handling accuracy Retail merchandising expertise Excellent communication skills Energetic Bilingual in English and Spanish Achievements Developed highly effective sales training strategies as Sales Manager. Lead management team to exceed monthly store sales goal multiple times as Sales Manager. Earned an achievement in Sales for Management, averaging 20% of the stores sales per month. Lead several departments as the top salesperson by surpassing periodical goals Sold high end product & merchandise to elite celebrities and continued service beyond the store. Experience Sales Associate Nov 2016 to Mar 2017 Company Name City , State Described merchandise and services to customers. Responded to safety and loss prevention incidents. Organized in-store promotional events. Maintained store in clean and neat manner. Completed special client deliveries in person. Evaluated transactions for suspected fraud. Sales Associate/Brand Ambassador (TOPMAN) Feb 2016 to Nov 2016 Company Name City , State Opened credit & debit cards to customers. Described merchandise and services to customers. Opened and closed the store, which included counting cash drawers and making bank deposits. Collaborated with customer service team members to give exceptional service throughout the entire shopping and purchasing experience. Maintained department in clean and neat manner Arranged items in favorable positions and areas of the store for optimal sales. Consulted with customers on the latest styles and trends. Sales Manager/Supervisor Feb 2014 to Feb 2016 Company Name City , State Computed sales prices, total purchases and processed payments. Maintained knowledge of current promotions, policies regarding payment and exchanges, and security practices. Operated a cash register to process cash and credit card transactions. Guided customers in choosing items that reflected personal style and shape. Explained information about the quality, value and style of products to Influence customer buying decisions. Balanced the needs of multiple customers s",0.91,Positive Match,Strong Match
PAIR-00319,Clinical Healthcare Specialist & Administrator,HEALTHCARE,"Looking for a Healthcare Specialist to manage patient intake protocols, electronic health record (EHR) compliance, clinical assessments, and patient care workflows. Responsibilities include clinical documentation, HIPAA compliance, multidisciplinary coordination, and care planning. Requirements: Healthcare certification or nursing degree, EHR software, and clinical standards.",46349752,"REGISTERED NURSE Professional Summary To improve the wellbeing of the patients I serve and to manage illness with skill and compassion To provide a safe and therapeutic environment to all patients and families through assessment and critical thinking to anticipate potential problems To enhance and speed the recovery process of each individual To promote respect, positive communication, and collaboration among all healthcare teams including patients and families Licenses CPR certified through American Heart Association Registered Nurse in the State of Pennsylvania, License number RN645795 Skill Highlights Medication administration Skilled Orthopedic Nurse Broad medical terminology knowledge Use of hemovacs, autotransfusion devices, continuous passive motion therapy, traction, orthopedic braces IV drug therapy management Body mechanics knowledge Specimen collection/processing proficiency Professional Experience Company Name February 2013 to Current Registered Nurse City , State Applying nursing knowledge and skills within relationship based care, using nursing processes to meet the clinical, spiritual, and psychological needs of the patients and families Serving as a highly engaged partner on the care team and responding to care team member needs for assistance and partnership Participating in work that improves patient care and the professional practice environments Adapting to changes and demonstrating flexibility within the change processes Assisted patients with healing and recovery after surgery Utilized strong assessment skills to determine necessary patient care. Formulating goals and a plan of care that involves the patient as a partner within the healthcare team Demonstrates critical thinking in clinical, psychological, social, and spiritual issues for the patient within the care environment Creating caring and compassionate patient focused experiences by building healing relationships with patients and their families, as well as colleagues Providing detailed and appropriate teaching to patients and families to effectively guide them through their care as they transition to another level of care and/or home Supporting the development of students, new staff and colleagues, serving as a preceptor Performed all tasks with a patient-centered focus while seeking opportunities for improvement of processes and treatments Creating an environment that facilitates open communication by asking for feedback and inquiry to improve practice Utilizing research and",0.85,Positive Match,Good Match
PAIR-00132,Senior Enterprise Sales Representative,SALES,"We are hiring a Senior Enterprise Sales Representative to manage full sales cycles, conduct product demonstrations, and exceed quarterly quotas. Responsibilities include prospect qualification, objection handling, commercial contract closing, and pipeline tracking in Salesforce. Requirements: Proven enterprise quota attainment, CRM mastery, presentation skills, and strong customer relationship building.",22551979,"TEACHER Summary Energetic with years experience in high-level executive support roles. Organized and professional. Dedicated and focused employee and manager who excels at prioritizing, completing multiple tasks simultaneously and following through to achieve project goals. Adept at managing multiple projects with ease using expert time management methods. Highlights Microsoft Office proficiency Excel spreadsheets Meticulous attention to detail QuickBooks expert Schedule management Self-directed Advanced MS Office Suite knowledge Resourceful Self-starter Articulate and well-spoken Flexible Accomplishments Lesson Planning: Introduced new learning methods to ensure total comprehension for all students. Material Development Created lesson plans targeting differentiated learners to create an engaging educational experience. Team Building and Leadership Created collaborative classroom experience through student-centered activities. Plan Development Planned and conducted activities for a balanced program of instruction, demonstration, and work time that provided students with opportunities to observe, question, and investigate. Education Strategies Employed special educational strategies and techniques during instruction to improve the development of sensory/perceptual-motor skills, language, cognition, and memory. Goal Setting Established clear objectives for all lessons/projects and communicated with students, achieving a total understanding of grading rubric and overall class expectations. Technology Integration Increased student participation and test scores by introducing relevant computer programs and exercises to encourage student interest and enjoyment. Creative Lesson Planning Motivated students to engage with course materials for History of WWII course by organizing a war veteran to come to class to speak about his personal experience. Parent Communication Regularly met with parents to discuss student issues and course weakness areas. Counseling Served as student mentor and counselor for students when academic problems and personal adjustments arose, meeting with guardians to reach solutions. Experience Teacher 07/2012 to Current Company Name City , State Routinely met with students' parents regarding in-class issues and learning interruptions to discuss solutions. Taught Language Arts and Social Studies to 43 5th grade students.Used variety of teaching techniques to encourage student critical thinking and discussion in 5th grade.Established and enforc",0.28,Hard Negative,Low Match
PAIR-00116,Senior Enterprise Sales Representative,SALES,"We are hiring a Senior Enterprise Sales Representative to manage full sales cycles, conduct product demonstrations, and exceed quarterly quotas. Responsibilities include prospect qualification, objection handling, commercial contract closing, and pipeline tracking in Salesforce. Requirements: Proven enterprise quota attainment, CRM mastery, presentation skills, and strong customer relationship building.",37792474,"SALES ENGINEER Profile Write professional summary using keywords for application scanning robots. Tailor resume to specific advertised position. Paragraph: 26 years of experience in the Engineering and Construction fields (2 - SENTENCES) ; 8 years project management experience | Sustainable design experience from conceptualization to building occupancy | Diverse client profile: Medical, Research & Development, Commercial, Educational and Industrial (10 plus years (not exact dates or culminating years) A competent Project Engineer with excellent communication, organisation and co-ordination skills. Possessing a proven track record of preparing and executing project plans and programmes, ensuring that work is carried out in accordance with the companies procedures and clients satisfaction. Able to ensure timely, safe and cost effective design and implementation during the life cycle of projects from conception till customer satisfaction. Currently looking for a suitable Project Engineer or consultant position with a forward thinking employer. Skills Extensive experience of planning, project management, design & client liaison. Experience of interpreting specifications and preparing technical proposals. Ability to multi-task in a demanding engineering environment. A strong track record in delivering projects on time and within budget. Able to ensure that all H&S procedures are met and maintained. Resolving complex technical issues and coming up with fast efficient solutions. Ability to assess the financial feasibility and impact of proposed budget items and also alternatives. Professional Experience Sales Engineer Feb 2014 to Current Company Name City , State Engineering Sales/Project Management & Estimation. Develop Proposals and estimates of conceptual designs, project schedules, and budgets from bidding through contractual agreement. Manage construction from mobilization to owner signoff. Conduct regular field observations, material/equipment acquisition and personnel allocation. Ensuring that all engineering work is carried out in accordance withspecifications, statutory requirements, laws, rules, regulations and othercontractual requirements. With due regards to safety, operability andmaintainabilityDuties: Managing projects from conception, pre-production through to completion. Providing technical support to the project team and wider regional teams. Responsible for overseeing the review, initiation and execution of contracts. Managing project budgets a",0.95,Positive Match,Strong Match
PAIR-00070,Enterprise Business Development Manager,BUSINESS-DEVELOPMENT,"Seeking an experienced Business Development Manager to identify new market opportunities, negotiate high-value corporate partnerships, and drive revenue growth. Responsibilities: B2B pipeline development, enterprise client pitching, contract negotiation, competitive analysis, and strategic relationship management. Requirements: 4+ years B2B sales/development experience, CRM proficiency, and executive communication skills.",79759716,"HEAD OF BUSINESS DEVELOPMENT Summary Experienced business development and brand marketing executive with proven track record of success managing innovative and complex marketing partnerships. Skilled problem solver with a unique background and proven ability to thrive in fast-paced work environments. Superior interpersonal and stakeholder management skills. Skills Microsoft Word, Excel, Powerpoint, Keynote, SenGrid, Facebook Advertising Instagram, Twitter, Facebook Analytics; Comfortable with all Google Suite products + Google analytics Comfortable providing recommendations on basic elements of design Experience Company Name City , State Head of Business Development 07/2016 to Current A 500 Startups Company). Lead planning, development and implementation of business development and marketing initiatives for a venture backed, early stage start-up in the marketplace + technology sector. Development on all aspects of the business including decision making, strategy, product market alignment, and customer acquisition. Analyze key metrics, data, and insights from marketing partnership and paid marketing campaigns and iterate accordingly; analytically and critically provide solutions and recommendations. Create and conceptualize all aspects of the business development process including sales funnel, procedures, sales collateral, follow-up process, video call procedures and scripts. Leverage previous brand and agency relationships to help expand the scope of the business in the sports and entertainment space; drive business metrics such as athlete procurement; PR, Fundraising, unique activation opportunities, etc. Analysis and negotiation of complex partnerships; comfortable with ideation and the implementation of such complex marketing campaigns as it relates to brands. Facilitate partnership strategies through organic and paid marketing channels including social, influencer, referral, email, content, display, PR, and event. Company Name City , State Senior Manager 12/2014 to 07/2016 Managed business development and creative marketing opportunities for over 60 NBA professional athlete clients for the 2nd highest grossing sports marketing agency in the US. Negotiated, executed and activated over 100 marketing partnership agreements for clients, generating over $1.5M in client revenue. Developed ideation and conceptualization of public facing client brand marketing campaigns. Managed the relationship between the business development and client manager departments.",0.95,Positive Match,Strong Match
PAIR-00173,Corporate Financial Analyst & Portfolio Specialist,FINANCE,"Seeking a Financial Analyst to perform financial modeling, variance forecasting, corporate valuation, and investment analysis. Key responsibilities: preparing quarterly financial statements, conducting discounted cash flow (DCF) modeling, budget reconciliations, and executive risk briefings. Requirements: Advanced Excel, financial modeling, GAAP compliance, SQL, and analytical problem solving.",36206485,"TEACHER Summary An elementary-school teacher with many years of success in teaching classes and developing children's learning ability/agility, known for her superior communication skills with children, parents and staff. Desire to inspire and motivate children to achieve their best. Able to inspire, comfort and build self-esteem, while demonstrating sound work ethics, cultural sensitivity/diversity, flexibility and creativity. Mature and professional teacher who adapts to new situations and technologies with ease. Adept at lesson planning and classroom management. Enthusiastic teacher with superb leadership and communication skills. Easily cultivates trusting and productive relationships with students, parents, teachers and administration. Dedicated and student-focused teaching professional who is committed to providing a well-balanced, supportive, and engaging learning environment for all student. Dedicated educator committed to creating a classroom atmosphere that is stimulating, encouraging and supportive for all students. Highlights Critical thinker Title I knowledge IEPs knowledge Learning assessments Decisive Flexible and adaptive Calm under pressure Mississippi Teaching Certificate with Elementary Education endorsement Urban public schools background Standardized testing techniques Accomplishments Named Teacher of the Year in 2009 . Experience Teacher 01/2009 to Current Company Name City , State Observed and assessed student performance and kept thorough records of progress. Implemented a variety of teaching methods such as lectures, discussions and demonstrations. Set and communicated ground rules for the classroom based on respect and personal responsibility. Tutored children individually and in small groups to help them with difficult subjects. Taught after-school and summer enrichment programs. Scheduled and held parent-teacher conferences to keep parents up-to-date on children's academic performance. Established positive relationships with students, parents, fellow teachers and school administrators. Employed a broad range of instructional techniques to retain student interest and maximize learning. Implemented remedial programs for students requiring extra assistance. Took appropriate disciplinary measures when students misbehaved. Improved students' reading levels through guided reading groups and whole group instruction. Accepted coaching from fellow teachers and administrators and immediately incorporated feedback. Worked outside normal ho",0.14,Hard Negative,Low Match
PAIR-00323,Clinical Healthcare Specialist & Administrator,HEALTHCARE,"Looking for a Healthcare Specialist to manage patient intake protocols, electronic health record (EHR) compliance, clinical assessments, and patient care workflows. Responsibilities include clinical documentation, HIPAA compliance, multidisciplinary coordination, and care planning. Requirements: Healthcare certification or nursing degree, EHR software, and clinical standards.",17864043,"CORPORATE REGIONAL RECRUITER Summary Highly driven Recruiter who maintains a positive attitude under pressure and welcomes the challenge and responsibility of producing results quickly for clients. Highlights Recruiting and selection techniques Proficient communicator Fluent in Spanish Practiced in HRIS technologies iCIMS Applicant Tracking software Talent assessments Hiring recommendations Experience Corporate Regional Recruiter 06/2015 to Current Company Name City , State Responsible for screening, interviewing and referring the most qualified applicants to hiring managers. Works with Talent Acquisition Specialist to effectively market open positions positively as ""opportunities"" while providing applicants with a realistic job preview; presents Bethesda as a premier provider of services. Establishes, cultivates and maintains ongoing relationships with management in order to understand recruitment needs and identify skills needed for vacancies. Attends departmental staff and other meetings as requested to acquire substantial knowledge about department's business objectives, goals, operations and work culture. Conducts daily calls with potential candidates to build pipeline of applicants to meet common and unique staffing needs; updates candidates on the hiring process and ensures a smooth transition post-hire. Partners with Regional HR Director, Talent Acquisition Specialist and regional management to develop and implement the regional recruitment plan. Manages established selection process to include initial interviewing to screen for basic qualifications. Collects data and statistics for use in designing recruitment plans and measuring the effectiveness of various recruitment efforts. Healthcare Recruiter 02/2014 to 06/2015 Company Name City , State Develop a measurable strategic plan for recruitment that reflects the market analysis, seasonal trends, volume of business and sales activity within a given market. Actively sources candidates using multiple sources, strategies, and methods, Performs strategic recruitment and marketing activities, including resume mining, job fairs and professional networking events. Performs prescreening and interviewing for field employees. Enters all new applicant information in the computer system. Conducts new hire process, Reviews and verifies all new hire documentation and credentials; verifies references, completes criminal background check and drug test processes. Makes hiring decisions for field employees. Fill ope",0.96,Positive Match,Strong Match
PAIR-00205,Senior Corporate Accountant & Auditor,ACCOUNTANT,"Looking for a Senior Accountant to oversee general ledger reconciliations, tax compliance, payroll auditing, and financial reporting. Responsibilities include month-end closing, balance sheet reconciliation, internal audit preparation, and regulatory filing. Qualifications: CPA or accounting degree, ERP experience (NetSuite, SAP), GAAP standards, and internal control compliance.",32518109,"CHEF Summary Highly organized and efficient in fast-paced multitasking environments; able to prioritize effectively to accomplish objectives with creativity, enthusiasm and humor. An experienced supervisor and trainer; able to explain information clearly, recognize excellence in individuals, and inspire team members to achieve their potential while working toward common goals. Experience 07/2009 to 07/2014 Chef Company Name City , State Prepared food items consistently and in compliance with recipes, portioning, cooking and waste control guidelines. Led shifts while personally preparing food items and executing requests based on required specifications. 06/2014 to 08/2014 Laborer Company Name City , State Loaded and unloaded building materials used for construction. Manually carried roofing materials up ladders. Consistently assumed additional responsibilities and worked extended hours to meet project deadlines. 06/2015 to 08/2016 Laborer & Crew Manager Company Name City , State Handled scheduling for crewman and arrival times for clients Maintained a safe work environment for crewmen Led crews of up to four people and partnered on crews up to eight Education and Training High School Diploma : General Education New London High School City , State IT - Management University of Wisconsin - Stout City , State , USA I attended UW - Stout for two years before I was financial unable to continue schooling here. While I mostly took general education classes, I did have a few computer science and management courses. IT - Computer Support Specialist Fox Valley Technical College City , State , USA I currently attend Fox Valley Tech and aim to achieve an associates degree to start. I have been enrolled here for a whole year to this point. Skills Team Player, Physically active, Out-going, Willingness to learn, Shows Initiative",0.18,Hard Negative,Low Match
PAIR-00295,Digital Marketing & Content Strategy Lead,DIGITAL-MEDIA,"Seeking a Digital Marketing Lead to oversee omnichannel growth campaigns, SEO/SEM performance, brand content creation, and analytics tracking. Responsibilities: managing Google Ads / Meta ad spend, conversion rate optimization (CRO), social media strategy, and ROI performance reporting. Requirements: Google Analytics, SEO tools, paid advertising, and copywriting.",30999638,"SOCIAL MEDIA EVALUATOR Summary Extensive Management Experience with Supervisory, Sales, and Training focus. Possess strong ability to achieve sales goals and quality customer service as well as skilled in performing all administrative duties. Working knowledge of Property Management, Tax Credit, Marketing, Collections, and Leasing policies and regulations gained through work experience and education. Skills Microsoft Outlook Microsoft Word Windows 10 Excel PowerPoint Multi-line phone system, Experience 08/2015 to Current Social Media Evaluator Company Name City , State Daily social media activity (including but not limited to: Facebook, Twitter, Instagram, Pinterest, etc) Avid interest in working with social media. Ability to follow instructions and work independently with effective time management skills. Excellent troubleshooting, communication and problem-solving skills. Strong expressive writing skills. Ability to articulate in written and verbal English. Uses Microsoft Windows (Vista or above) or MAC operating system with outstanding performance. Advanced aptitude for installing applications, and troubleshooting and addressing software issues with limited support. 04/2014 to 08/2015 Rental Sales Agent Company Name City , State Carry out duties in accordance with Avis policies and procedures. Responsible for selling optional products to ensure customer satisfaction and company productivity. Customer support to include directions, maps, and local area information. Maintained rental parameters and ensuring customer understanding of rates and service charges. Updating of rental agreement files with notification to clients of overdue rental agreements and facilitate return dates and process rental extensions. Operation of multi-line telephone to assist client's issues, and customer support.Ensuring accuracy on all rental agreements, preparation of rental contract with all necessary details, and completion of any car exchange requests in computer system. 10/2008 to 04/2014 Escalations Management Company Name City , State Customer service supervisor-Develop staff of 20 plus associates. Carry out supervisory duties in accordance with Sprint's policies and procedures. Responsible for interviewing, hiring, and training employees; planning, assigning, and directing work; appraising performance; disciplining and rewarding employees; addressing complaints and resolving issues. Monitor performance for annual reviews. Mange aggressive sales driven environment to ens",0.92,Positive Match,Strong Match
PAIR-00133,Senior Enterprise Sales Representative,SALES,"We are hiring a Senior Enterprise Sales Representative to manage full sales cycles, conduct product demonstrations, and exceed quarterly quotas. Responsibilities include prospect qualification, objection handling, commercial contract closing, and pipeline tracking in Salesforce. Requirements: Proven enterprise quota attainment, CRM mastery, presentation skills, and strong customer relationship building.",58048626,"ASSISTANT TO MANAGING DIRECTOR Professional Profile natalia garcia Versatile and solutions-driven professional with outstanding strategic planning Business Management Professional Motivated and multifaceted candidate. Eager to contribute strong sales management, general business administration, CRM, HR, operations planning, coordination and monitoring skills. Proficient at identifying cost-effective strategies to promote significant savings. Effectively define, develop and implement action plans and policies to maximize productivity and efficiency. Experience Assistant to Managing Director December 2013 to April 2014 Company Name City Offered dedicated support to the Managing Director as to other Executives when required, conducting research, issuing all corporate presentations, arranging meetings, appointments, and travel accommodations improving overall quality and efficiency. Filtered Managing Director phone calls, managed his Agenda and prepared correspondence as required. Communicated regularly with vendors and contractors scheduling meetings and addressing concerns. Prepared the general requisition purchase order for stationary and organized the filing system in a timely manner. Prepared reports, conducted reconciliations, and resolved discrepancies. Excelled balancing staff and Director s needs. Key Accomplishments Overhauled and solved an accumulated discrepancy on a series of vendor invoices and succeeded on the reconciliation. Carrying out background research and presenting successful findings ; Producing documents, briefing papers, reports and weekly and monthly presentations; Notably organized and arranged meetings and corporate events; ensuring the manager is well prepared and arranging locations and venues set up, media technology and catering. Business Manager April 2008 to December 2011 Company Name City Organized, planned and supervised essential central services such as reception, security, maintenance, mail, as well as day to day running of the office. Responsible for making sure that contracts, insurance requirements and safety standards are correctly complied with. Was in charge of 10 members of staff. Developed and updated customer database for phone calls, product launches, events. Manage cash loss prevention procedures and established security policies and business plan. Kept senior management informed of changes in my areas of responsibility. Analysed sales figures and forecasted future sales volumes. Involved in the recruitment, a",0.28,Hard Negative,Low Match
PAIR-00275,Digital Marketing & Content Strategy Lead,DIGITAL-MEDIA,"Seeking a Digital Marketing Lead to oversee omnichannel growth campaigns, SEO/SEM performance, brand content creation, and analytics tracking. Responsibilities: managing Google Ads / Meta ad spend, conversion rate optimization (CRO), social media strategy, and ROI performance reporting. Requirements: Google Analytics, SEO tools, paid advertising, and copywriting.",40311088,"MEDIA SPECIALIST II Professional Summary I want to continue to embark on a progressive career path, building successful public relations and communications programs and have continued success in implementing media relations plans designed to expand market awareness. I develop communications strategies that build key relationships with stakeholders and constituents and create innovative initiatives, that foster and create strategic partnerships and alliances. Core Qualifications Organization Image Control Public Relation Initiatives Information Dissemination Social Media Management Media Production (Adobe) Communications Experience 05/2014 to Current Media Specialist II Company Name City , State As Media Specialists II I develop and implement public information programs to inform the citizenry of activities, programs, services, and objectives of the San Bernardino Probation Department. I maintain and develop content for the department's website and assist with media requests. I also develop and implement electronic and social media policy and practice. This position requires that I create and prepare media for public presentations, and evaluate the effectiveness and coverage of public information activities and outreach. I design, coordinate and direct promotional projects; and serve as the department's lead photographer and videographer. 01/2008 to 07/2015 Owner/Operator Company Name City , State (officialnxp.com) is a freelance marketing and media production firm. I coordinate a group of independent freelance production professionals to provide television production, marketing materials, event coordination and web media modules. As owner my main duties include marketing research, message customization, and media production. Under this company I also freelance as a camera tech for ESPN and Fox Sports South. 01/2008 to 01/2010 Assistant Program Director Company Name City , State As assistant program director I coordinate all the local public access channel programming. This includes scheduling programs to run, writing and producing original programming, marketing the channel to the citizens of Pitt County and soliciting and organizing local producers in the creation of programming. 01/2002 to 01/2008 Public Information Officer Company Name City , State As Public Information Officer (PIO) I served as a communications liaison between the media, county staff, Government officials and citizens in order to facilitate the timely dissemination of information about",0.95,Positive Match,Strong Match
PAIR-00142,Corporate Financial Analyst & Portfolio Specialist,FINANCE,"Seeking a Financial Analyst to perform financial modeling, variance forecasting, corporate valuation, and investment analysis. Key responsibilities: preparing quarterly financial statements, conducting discounted cash flow (DCF) modeling, budget reconciliations, and executive risk briefings. Requirements: Advanced Excel, financial modeling, GAAP compliance, SQL, and analytical problem solving.",62850928,"MANAGER, FINANCE Summary Strategic and analytical finance and accounting professional with 15 years + experience of success in financial analysis, budget preparation and financial reporting. Very detail oriented and experienced in grant management, general ledger reconciliation, management and team- building skills. Highlights Budget Preparation Variance analysis Forecasting & Cash Flow Analysis Financial reporting Superior time management Management & Supervision Proficient in Prophix General ledger accounting aptitude Certified Public Finance Officer Accomplishments Budgeting Extensive experience with preparing, analyzing and reporting for various types of budgets. Subject matter expert for the development and installation of new budgeting software, Prophix. Auditing Experience with Financial Statements audits, reviews, compilations and audits for Governmental organizations. Accounting Skills Reconcile various general ledger accounts, explain variances and prepare reports for review with departments on a monthly basis. Experience Manager, Finance Dec 2007 to Current Company Name City , State Prepare and analyze annual operating budget schedules for all business units Prepare monthly cash flow reports and analysis of data Perform monthly reconciliations on various general ledger accounts Manage the cash management, banking and treasury functions Manage debt management and compliance Monitors for compliance with EMMA, bond covenants and bond requirements Conduct training for the operating budget software Serve as Financial Advisor for budget data Maintain Prophix database of operating budget and account line item details Supervise, train and appraise Staff Accountant and Financial Analyst Monitor and evaluate federal grants and spending of grant allocations in excess of $15 million dollars annually Manages and coordinates the Passenger Facility Charge Program Preparation of Single Audit - Schedule of Federal Awards on an annual basis Prepare annual reporting for DEA receipts and expenditures to Department of Justice Maintained database of Capital Projects and Expenditures Prepared payroll and benefit budgets Prepared commercial paper schedules and entries as required to record monthly transaction entries and perform fee analysis Prepared and analyzed airline variable calculations Capital Funds Accountant May 1999 to Dec 2007 Company Name City , State Prepared quarterly reports for the Federal Aviation Administration Reviewed all capital invoices for correc",0.88,Positive Match,Strong Match
PAIR-00096,Enterprise Business Development Manager,BUSINESS-DEVELOPMENT,"Seeking an experienced Business Development Manager to identify new market opportunities, negotiate high-value corporate partnerships, and drive revenue growth. Responsibilities: B2B pipeline development, enterprise client pitching, contract negotiation, competitive analysis, and strategic relationship management. Requirements: 4+ years B2B sales/development experience, CRM proficiency, and executive communication skills.",19156751,"SALES REPRESENTATIVE Summary A customer service representative in the hospitality industry seeking employment with a well-established company to further build my experience in the hospitality industry, with the skills I've learnt as a medical assistant and also my prior experience in the service industry. My goal is to ensure positive and safe travels. Highlights Cheerful and energetic Effective team player Flexible scheduling Dependable and reliable Active listening Verbal/written communication Experience 06/2016 to Current Sales Representative Company Name City , State Compiled reports, such as cash receipts, customer-bill charges, and sales for accounting and management purposes, or supervised clerical workers preparing reports. Dealt tactfully and effectively with difficult customers. Proven performer with demonstrated ability to gain account loyalty and win preferential treatment for products. Wrote proposals and assisted customers in developing an appropriate marketing campaign or program based on individual goals. Researched previous customer advertising to determine viable customers to meet sales quotas and identify potential customers for upcoming special advertising sections. Developed and managed promotional activities aimed at enhancing product awareness. Generated new accounts and built annual revenues. Ensured that distribution, merchandising, and price-point objectives were achieved. 02/2016 to Current Bar tender Company Name City , State Analyzed customer requirements for future products. Dealt tactfully and effectively with difficult customers. Communicated with customers daily. Communicated information clearly and accurately. Committed to the assistance and support of others while maintaining a cheerful and helpful attitude. Successfully assisted customers in merchandise selection. Trained in and maintained excellent interpersonal and communication skills that complement proven creative problem solving capabilities. Trained both new and existing personnel in company customer service protocol. Developed credibility and confidence with customers. Analyzed problems and anticipated customers' needs. 04/2014 to 02/2016 Server/bar tender Company Name City , State Analyzed customer requirements for future products. Greeted customers, answered inquiries, provided information, resolved problems, and handled various administrative activities. Directed administrative operations for the hectic reception area. Displayed professionalism and product kno",0.66,Partial Match,Moderate Match
PAIR-00124,Senior Enterprise Sales Representative,SALES,"We are hiring a Senior Enterprise Sales Representative to manage full sales cycles, conduct product demonstrations, and exceed quarterly quotas. Responsibilities include prospect qualification, objection handling, commercial contract closing, and pipeline tracking in Salesforce. Requirements: Proven enterprise quota attainment, CRM mastery, presentation skills, and strong customer relationship building.",31454430,"SALES REPRESENTATIVE Profile Accomplished and energetic sales representative with a solid history of achievement in retail. Motivated leader with strong organizational and prioritization abilities. Core Qualifications Fluent in Spanish Enthusiasm Team player Organized Cash handling accuracy Organized Time management Detail-oriented Excellent multi-tasker Customer- and service-oriented Reliable and punctual Enthusiasm Professional Experience Sales representative 12/2014 11/2016 Company Name City , State Confer with customers by telephone or in person to provide information about products or services, take or enter orders, cancel accounts, or obtain details of complaints. Keep records of customer interactions or transactions, recording details of inquiries, complaints, or comments, as well as actions taken. Review insurance policy terms to determine whether a particular loss is covered by insurance. Determine charges for services requested, collect deposits or payments, or arrange for billing. Resolve customers' service or billing complaints by performing activities such as exchanging merchandise, refunding money, or adjusting bills. Complete contract forms, prepare change of address records, or issue service discontinuance orders, using computers. Solicit sales of new or additional services or products. Sales representative 09/2013 05/2014 Company Name City , State Confer with customers by telephone or in person to provide information about products or services, take or enter orders, cancel accounts, or obtain details of complaints. Keep records of customer interactions or transactions, recording details of inquiries, complaints, or comments, as well as actions taken. Review insurance policy terms to determine whether a particular loss is covered by insurance. Determine charges for services requested, collect deposits or payments, or arrange for billing. Resolve customers' service or billing complaints by performing activities such as exchanging merchandise, refunding money, or adjusting bills. Compare disputed merchandise with original requisitions and information from invoices and prepare invoices for returned goods. Solicit sales of new or additional services or products. Order tests that could determine the causes of product malfunctions. Cashier 05/2013 11/2014 Company Name City , State Receive payment by cash, check, credit cards, vouchers, or automatic debits. Issue receipts, refunds, credits, or change due to customers. Assist customers by providing",0.89,Positive Match,Strong Match
PAIR-00299,Digital Marketing & Content Strategy Lead,DIGITAL-MEDIA,"Seeking a Digital Marketing Lead to oversee omnichannel growth campaigns, SEO/SEM performance, brand content creation, and analytics tracking. Responsibilities: managing Google Ads / Meta ad spend, conversion rate optimization (CRO), social media strategy, and ROI performance reporting. Requirements: Google Analytics, SEO tools, paid advertising, and copywriting.",26503829,"SENIOR TECHNICAL DESIGNER Summary Product Developer/Technical Designer with strengths in apparel, handbags and jewelry. I have an extensive knowledge of materials, manufacturing and quality assurance. Dynamic product engineer highly skilled in creative problem solving with exceptional collaborative and interpersonal skills, who illustrates sophisticated expertise in a variety of innovative approaches, to design, prototype and test creative products, services and experiences. I thrive working within a team environment and I have extensive experience working in partnership with domestic and international teams. Skills Adobe CS6 Adobe Illustrator Flex PLM Grovesite WebPDM Microsoft Word Excel Optitex Garment specs and sketches Fit Assessment Product Development Technical Direction, Line and Product Review Flat Pattern Making and Corrections Garment Construction Draping Accomplishments Events and Networking Pillar Lead on the LGBTA Business Council. Participant in BullseyeCrowd: an innovation execution platform to develop a place where anyone at Target can share their ideas and get access to the resources to turn their ideas into reality.to provide new market potential for Target. Experience Senior Technical Designer 03/2017 to Current Company Name City , State Senior Technical Designer 11/2013 to 02/2016 Company Name City , State Responsible for product creation and communication from design hand-off to production for SWAT TD for Children's apparel as well as Women's Jewelry and Handbags intermittently as needed. Tech pack creation and revision throughout the product development process, meeting calendar dates and communicating with agents and manufacturers. Creation of samples from a sketch while maintaining the integrity of the design concept. Provide technical solution support relevant to design. Ensure products are engineered to cost standards and negotiated through order placement. Provide technical direction, internally and externally, on corrective actions needed to bring samples to brand standards. Utilize written comments, sketches or photos as needed to communicate. Share information cross divisionally to ensure continuous implementation of best practices. Execute placement of adopted styles in accordance with the sourcing strategy. Responsible for calendar creation and managing milestone dates to achieve on-time delivery. Establish strong collaborative relationships with cross-functional divisional teams. Manage work in progress, tracking and repor",0.69,Partial Match,Moderate Match
PAIR-00014,Senior Software / IT Systems Engineer,INFORMATION-TECHNOLOGY,"We are seeking a Senior Software & IT Systems Engineer to design, deploy, and scale high-performance software applications and cloud infrastructure. Responsibilities include building RESTful APIs, optimizing relational and NoSQL databases, containerizing microservices with Docker and Kubernetes, and troubleshooting distributed networks. Required skills: Python, Java, JavaScript/TypeScript, SQL, Linux, Cloud (AWS or Azure), Git, and CI/CD automation.",12635195,"Objective To obtain a position in the information technology, personnel development, or computer science field to help manage, develop, and support projects and individuals. ADJUNCT INFORMATION TECHNOLOGY INSTRUCTOR Experience Adjunct Information Technology Instructor 01/2014 to Current Company Name City , State Taught courses concerning the Python, Visual Basic, and C# programming languages. Sat on CIT advisory board committee to improve and recruit students to the KCTCS CIT program. Information Technology Instructor and School Technology Coordinator 11/2011 to Current Company Name City , State Responsible for meeting the educational needs of high school students.Instructed classes concerning A+ certification, Cisco certification, web design, programming, game design, and help desk. Taught programming courses concerning C#, Python, Java, and Javascript programming language, as well as taught various web frameworks. STC support staff for CTE Unit to meet staff's technological needs including LMS support, teacher technology training, and maintaining school website. Developed mobile applications with student body to meet district needs. Supervisor of internally ran Help Desk, support ticket maintenance, and department head of technology troubleshooting for staff. Geek Squad Agent 04/2007 to 09/2010 Company Name City , State Set up, tested and configured networks, desktops, laptops and printers. Coordinated hardware and software repair processes with outside vendors. Trained new employees in effective diagnostic and repair procedures. Analyzed software, hardware and network systems for various transmission systems. Configured and installed routers, switches and wireless controllers. Education Master of Science : Computer Information Systems 2015 Murray State University City , State Project Management and Data Analysis Emphasis Master of Arts : Education 2013 Murray State University City , State Educational Technology Emphasis Bachelor of Science : Education 2011 Murray State University City , State Middle School Science and Social Studies Emphasis GPA: 3.69 Information Technology Certifications Comptia - Strata IT Fundamentals Microsoft Technology Associate - Network Fundamentals Microsoft Technology Associate - Windows O.S. Fundamentals Microsoft Technology Associate - Software Development Microsoft Technology Associate - Web Development Skills Google and Microsoft suite experience through coursework and classroom implementation. Familiar with both the educa",0.92,Positive Match,Strong Match
PAIR-00065,Senior Systems / DevOps Engineer,ENGINEERING,"Looking for a Senior Systems & DevOps Engineer to automate build infrastructure, manage Linux server fleets, and ensure high availability across multi-region environments. Responsibilities include writing Terraform infrastructure as code, configuring CI/CD pipelines, monitoring system metrics with Prometheus and Grafana, and diagnosing system bottlenecks. Requirements: Linux administration, Docker, Kubernetes, Terraform, Bash/Python scripting, and networking fundamentals.",29142288,"SALES ASSOCIATE Professional Summary Creative problem solver offers exceptional analytical, communication and interpersonal skills; extensive Mental Health and I/DD experience; management/supervisory skills and a commitment to proficiency and effectiveness for a progressive, quality-driven organization. HIV Director/Case Manager- 3years (B.R.O.N. CDC) Person Centered Thinking Train-the-Trainer Qualified Professional Experience/ 20 years- (CAP-MR/DD; MH/SA; ICF/MR) CPR-First Aid/Bloodborne - Certified Customer Service experience over 20 years Church Office Manager 3+ years Notary Public Teacher/Lecturer Develop policy and procedures manual for other agencies Music Director 6+ years Skills Project management Strategic planning Budgeting and finance Recruitment and talent development Process improvement Visionary Microsoft Office Suite expert Visionary Customer relations Quality control Personnel management Customer-oriented Accounts payable and receivable Flexible thinker Complex problem solving Customer needs assessment Microsoft Office Suite expert Work History Sales Associate 04/2013 to Current Company Name City , State Greeted customers in a timely fashion while quickly determining their needs. Recommended merchandise to customers based on their needs and preferences. Maintained knowledge of current sales and promotions, policies regarding payment and exchanges and security practices. Responded to customer questions and requests in a prompt and efficient manner. Contacted other store locations to determine merchandise availability. Engaged with customers in a sincere and friendly manner. Completed all cleaning, stocking and organizing tasks in assigned sales area. Built relationships with customers to increase likelihood of repeat business. Contributed to team success by exceeding team sales goals by [number] %. Contributed to team success by exceeding team sales goals by [number] %. Utilization Management Specialist 12/2012 to Current Company Name City , State Collected and analyzed data on the effectiveness of programs and projects. Developed and streamlined systems for monitoring and tracking program effectiveness. Documented and investigated complaints and potentially fraudulent claims. Displayed sensitivity to the cultural and linguistic needs of the clients and families served. Attended monthly staff training sessions. Case Manager 10/2012 to 11/2012 Company Name City , State Developed treatments and casework programs for an average of [Number] pat",0.14,Hard Negative,Low Match
PAIR-00229,Senior UI/UX & Product Designer,DESIGNER,"We are hiring a Senior UI/UX Designer to craft intuitive user experiences, responsive layouts, and interactive design systems for web and mobile platforms. Responsibilities: user journey mapping, high-fidelity wireframing in Figma, design system maintenance, usability testing, and cross-functional handoff to frontend engineers. Requirements: Figma mastery, design thinking, prototyping, and typography.",15425154,"MARKETING SPECIALIST GRAPHIC DESIGNER Professional Summary Accomplished, creative marketing professional with proven success in graphic design, corporate marketing communications, project and event management and print production management. Recognized for the ability to perform multiple tasks at one time while meeting multiple client needs, completing projects efficiently and within or under budget, and having a high attention to detail. Respected for always setting and meeting high quality standards, being a team player willing to do whatever is needed to get the job done, and building and maintaining honest and loyal relationships. Seeking creative position that will allow me to use my creative abilities and business acumen to bring a brand to life. Core Qualifications Adobe Photoshop, Illustrator and InDesign as well as Microsoft Office programs Powerpoint, Word and Excel. Areas of knowledge and expertise include: Art Direction (design, illustration, photography) Corporate Brand Strategy Graphic Design (proficient in Adobe Creative Suites) Corporate Marketing Communications Creative Print and Digital Content Development Event/Trade Show Management Print Production Management Project Management Experience Marketing Specialist Graphic Designer January 2005 to January 2016 Company Name City , State Managed strategic direction of corporate brand strategy and creative design for all marketing communications including advertising, digital, sales collateral, trade publications, website, event marketing and training materials. Selected Accomplishments: Drove the process and implementation of the corporate brand strategy throughout all communication avenues and to all target audiences including extensive network of dealers (35 Dealers/250 locations) to maintain brand consistency while increasing brand awareness. Developed and designed all corporate marketing communications including art direction of illustrators, photographers, copywriters/journalists, printers and industry agencies to ensure on time and on budget campaigns. Annual printing budget: $300,000 with an annual increase of 15%. Developed integrated marketing and branding campaigns for all internal corporate meetings and events. Attendance ranging from 10 to 1,000. Marketing budgets ranging from $500 to $250,000. Integrated and managed an on-line literature ordering system increasing the visibility and accessibility of product sales collateral. Includes 150+ skus. Average of 35 orders per month. Built",0.85,Positive Match,Good Match
PAIR-00155,Corporate Financial Analyst & Portfolio Specialist,FINANCE,"Seeking a Financial Analyst to perform financial modeling, variance forecasting, corporate valuation, and investment analysis. Key responsibilities: preparing quarterly financial statements, conducting discounted cash flow (DCF) modeling, budget reconciliations, and executive risk briefings. Requirements: Advanced Excel, financial modeling, GAAP compliance, SQL, and analytical problem solving.",20918464,"SENIOR ACCOUNTANT / FINANCE CONTROLLER Summary Aim to work for a progressive organization in a growth oriented position that gives enough scope to sharpen my skill accordingly to the latest demands at the same time to work towards the growth of the organization and To seek challenging avenues where, my knowledge and experience matches with the organization's growth and to continue for the achievement of organizational goals with the betterment career prospects. Highlights MS-Word, MS-Excel. Windows. Internet Software & Hardware tally peach tree manual accounting leadeship Well knowledge in Complete ERP system , Working closely with the Accounting modules as per business rules. Ample to knowledge on basic computer applications use full in the day-to-day office administration Created and maintained an efficient communication system within the assigned department, and across other departments. Well knowledge in various accounting software's Accomplishments Title : a study on working capital management Client : ULCCS Private Limited (45 Days Duration 2012) Description : The project entitled A Study on working capital management is a study of various aspects related to the company and its peer groups,which includes the fund holding statement, income statement, balance sheet and key financial ratios. A variance analysis is been done to know the financial performance of the company. Experience Senior Accountant / Finance Controller Nov 2013 to Aug 2015 Company Name Responsible in the safeguard of the company's revenue by ensuring that products and services and well marketed to our existing clients Covered all type of concerned duties include data entry Bank reconciliation, debtors and creditors reconciliation Keep the company documents and data as confidential Handling petty cash book Managing accounts receivables and payables Review of accounts and statements periodically Maintaining payroll Invoicing LC Preparation and Invoice Factoring and Payroll administration with salary for employees,in tally & excel. Internal Auditor Feb 2010 to Jul 2011 Company Name Performs administrative clerical duties Ensures adequate monitoring of supplies and all materials required, and ensured their proper inventory Responsible in the safeguard of the company's revenue by ensuring that products and services and well marketed to our existing clients Ensure suppliers and other parties are paid on time Covered all type of concerned duties include data entry Bank reconciliation, debto",0.84,Positive Match,Good Match
PAIR-00052,Senior Systems / DevOps Engineer,ENGINEERING,"Looking for a Senior Systems & DevOps Engineer to automate build infrastructure, manage Linux server fleets, and ensure high availability across multi-region environments. Responsibilities include writing Terraform infrastructure as code, configuring CI/CD pipelines, monitoring system metrics with Prometheus and Grafana, and diagnosing system bottlenecks. Requirements: Linux administration, Docker, Kubernetes, Terraform, Bash/Python scripting, and networking fundamentals.",15139979,"ENGINEERING ASSISTANT Summary Knowledgeable Engineering Superintendent well-versed in supporting projects and managing related documentation. First-rate multitasker, problem-solver and organizer with methodical and thorough approach. Proficient in power Points and Word Documents. Skills Administrative support AP Critical thinking Doors Engineer Senior Management Forms Functional Leadership Machinery Navy Oil Organizational Pearl Personnel Personnel management Pick Problem solving Progress Project management Proposals Quality assurance Repairs Reporting Requirement Switches Time management Troubles Technical review Blueprint understanding Project support Document control Engineering operational functions SharePoint Manufacturing systems integration Team management Experience 01/2019 to Current Engineering Assistant Company Name City , State Annual Salary: 60,468 USD Hours per week: 40+ Series: 0802 Pay Grade: E-7, I'm currently an Engineering professional with 20 years of experience in the Department of Navy. Continually providing technical expertise to twelve ships stationed throughout the waterfront. I also provide technical expertise to visiting ships. I have trained and assisted well over 60 junior and senior enlisted and commissioned officers in problem solving, management and equipment repairs throughout the water front. I primarily responsible for maintenance and training for the homeported surface ships in Joint Base Pearl Harbor Hickam (JBPHH) Hawaii operational area. No ship has ever missed a mission requirement while I'm serving in this position and preparing the multiple ships for forward deployed fleet operations. Also providing administrative support to the family members of our sailors that fall under our command. I am an Electrical superintendent and responsible for, operating, repairs, and performing organizational and intermediate maintenance on electrical components of integrated bridge control Systems, gas turbine engines, main propulsion machinery, auxiliary equipments, prolusion control systems, assigned electrical and electronic circuitry up to the printed circuit, and alarm and warning circuitry. Adjust indicating micro switches; determines fuel tank level; dispose of Hazardous Material (HAZMAT); document meter readings; inspects fluid samples; inspect HAZMAT storage areas; maintain air compressors, air systems, alarm and indicating systems, Alarm and Monitoring Systems (AMS), automatic control valves, automatic electronic controls, ",0.91,Positive Match,Strong Match
PAIR-00207,Senior Corporate Accountant & Auditor,ACCOUNTANT,"Looking for a Senior Accountant to oversee general ledger reconciliations, tax compliance, payroll auditing, and financial reporting. Responsibilities include month-end closing, balance sheet reconciliation, internal audit preparation, and regulatory filing. Qualifications: CPA or accounting degree, ERP experience (NetSuite, SAP), GAAP standards, and internal control compliance.",22650051,"CUSTOMER SERVICE REP Career Focus To find a long term career that is enjoyable and a great place to work. Being able to support a family is a big plus as well! Core Qualifications Operations management Natural leader Proficiency in management and Weapons training aircraft safety Proficient communicator Quick learner Motivated Computer proficient Background checks Microsoft Office Strong analytical skills File/records maintenance Excellent problem solving skills Reports generation and analysis Change management Financial records and processing First Aid training (2014) Training and development AED training (2014) Superior customer service Diagnosis and repair Mathematical aptitude Preventative maintenance Employee relations specialist Service solutions expert Dedicated to process improvement Conflict resolution proficiency Devoted to data integrity Negotiation competency Troubleshooting skills Telecommunications knowledge Proficient in customer account software Multi-channel contact center software Customer Relationship Management software (CRM) Adept in automated attendant systems Education and Training 2014 Aviation Warfare Operator-A1 A School - City , State , US Select One, On The job training for Electronic Warfare Operator 8 moth school dedicated to familiarize the student with the Boeing 737 platform. learned in-flight emergency procedures, crew resource management skills, system operations, preformed basic aircraft maintenance. Acoustic/ Radar signal interpretation High School Diploma 2012 Naval Aircrew Candidate School - City , State , US 4 week school to make sure we are qualified to fly. Aviation Physiology, Combat First aid, Aviation mis-hap survival skills, familiarization with all aircrew fixed and rotary wing aircraft, crew resource management skills Moon Valley High School - City , State , US Accomplishments Received Global War on Terrorism Service Medal. Maintained 100% accountability of a large aircraft equipment and tools worth over $1million on a daily basis. Promoted twice at Discount Tire in less then a year. Highest scoring student in the training program at Progessive Leasing. I hold the best QA grades out of all in my hire group. Work Experience Customer Service Rep Jul 2015 to Current Company Name - City , State Collected customer feedback and made process changes to exceed customer satisfaction goals. Made reasonable procedure exceptions to accommodate unusual customer requests. Provided accurate and appropriate information in res",0.27,Hard Negative,Low Match
PAIR-00108,Senior Enterprise Sales Representative,SALES,"We are hiring a Senior Enterprise Sales Representative to manage full sales cycles, conduct product demonstrations, and exceed quarterly quotas. Responsibilities include prospect qualification, objection handling, commercial contract closing, and pipeline tracking in Salesforce. Requirements: Proven enterprise quota attainment, CRM mastery, presentation skills, and strong customer relationship building.",23032182,"SALES ASSOCIATE ABIGAIL FULTON Accomplishments Demonstrated strong communication skills through extensive work with a diverse population; President of academic and extracurricular organizations, preparing and overseeing the coordination of events, Team captain of collegiate sports, ensuring a positive environment Acquired over 20 new families to join the local swim lessons program. Demonstrated strong communication skills through extensive work with a diverse population President of academic and extracurricular organizations, preparing and overseeing the coordination of events, Team captain of collegiate sports, ensuring a positive environment Acquired over 20 new families to join the local swim lessons program. Professional Summary Enthusiastic college student, excited to explore the marketing and social media fields, possessing expertise in personal communications and cultivating human relationships. Motivated customer service specialist with over 4 years of work experience in a fast-paced, team-based environment, including more than 10 years experience leading a swim and water polo teams. Enthusiastic college student, excited to explore the marketing and social media fields, possessing expertise in personal communications and cultivating human relationships. Motivated customer service enthusiast with over 4 years of work experience in a fast-paced, team-based environment, including more than 10 years experience leading a swim and water polo teams. Skills Relationship selling Quick learner Resolution-oriented Reliable and dependable Cheerful and energetic Dedicated team player Hard work ethic Strong communication skills Creative problem solver Strong client relations Quick learner Self-motivated Strong verbal communication Conflict resolution Client assessment and analysis Extremely organized Team leadership Exceptional communication skills Creative problem solver Strong client relations Quick learner Conflict resolution Client assessment and analysis Team leadership Exceptional communication skills Self-motivated Strong verbal communication Work History 08/2016 to 12/2016 Sales Associate Company Name City , State Prepared merchandise for sales floor. Directed individuals to merchandise locations. Suggested accessories and complementary purchases. Accepted and processed returns. Kept work areas clean and neat at all times. Provided repeat customers with exceptional care and attention. Prioritized and accomplished wide range of tasks each shift. Worked co",0.86,Positive Match,Good Match
PAIR-00136,Senior Enterprise Sales Representative,SALES,"We are hiring a Senior Enterprise Sales Representative to manage full sales cycles, conduct product demonstrations, and exceed quarterly quotas. Responsibilities include prospect qualification, objection handling, commercial contract closing, and pipeline tracking in Salesforce. Requirements: Proven enterprise quota attainment, CRM mastery, presentation skills, and strong customer relationship building.",12420359,"PASTRY SOUS CHEF Summary Service oriented professional looking for opportunities in pastry arts. Seeking to advance development of skills and learn more aspects of pastry arts and confections. Diploma from the Le Cordon Bleu program and vast experience utilizing business degree in a corporate environment. Highlights Key competencies include customer relations, organization, product knowledge, attention to detail, team building and positive attitude. Microsoft Office products, including Word, Excel. Project, Power Point and Outlook. Experience 11/2014 to Current Pastry Sous Chef Company Name City , State Organize and run all aspects of the pastry kitchen including weekly inventory and ordering, Supervise team of four pastry employees; two pastry cooks and two baker assistants. Train on department procedures and new menu desserts. Instruct team on daily sanitation and cleaning of walk ins and freezer. Create and design desserts for restaurant menu, in room dining menu and banquet menus. Create desserts for special dietary needs of guests such as vegetarian, vegan and gluten free. Create special menus for holiday banquets and special requests. Attend meetings such as daily BEO, morning focus and weekly OPS representing culinary team. Meet with F&B manager, General Manager and Hotel Manager to discuss current desserts, weekly VIP guests and special requests for the hotel in general. Review daily banquet prep lists with pastry team and assign tasks as needed. 08/2012 to 11/2014 Pastry Cook II Company Name City , State Prepare all aspects of pastry production for restaurant, in room dining and banquets. Including hot line, holiday banquet buffets, weddings, daily amenities and special requests. Contribute to restaurant dessert menu with suggestions for changes to existing desserts and new desserts. Assist with banquet plating for main courses as well as dessert course. Communicate with Pastry Supervisor concerning pastry shoppe needs and issues. Review daily banquet prep lists for the week and assign tasks as needed. 07/2010 to 08/2012 Pastry Cook II/Chocolatier Company Name City , State Chocolatier for all resort nightly turn down chocolates, miscellaneous bonbons and all chocolate d cor used in presentation of pastries, desserts and cakes from the pastry shoppe. Utilized Montage recipes and developed unique flavors. Average number of chocolates produced per week is 4000. Trained new pastry cook III's when they started with basic cookies and brownies and casual",0.19,Hard Negative,Low Match
PAIR-00129,Senior Enterprise Sales Representative,SALES,"We are hiring a Senior Enterprise Sales Representative to manage full sales cycles, conduct product demonstrations, and exceed quarterly quotas. Responsibilities include prospect qualification, objection handling, commercial contract closing, and pipeline tracking in Salesforce. Requirements: Proven enterprise quota attainment, CRM mastery, presentation skills, and strong customer relationship building.",14241621,"BUSINESS DEVELOPMENT CENTER MANAGER Professional Summary Dynamic Marketing Manager with more than 7 years in the Sales Management and Territorial Marketing Industries. Creative and innovative team player with compelling leadership skills. Highly customer service oriented with excellent written and verbal communication skills which enhance the customer service experience. Excels in deadline-driven account management with an established track record of remarkable sales results. Experience Business Development Center Manager , 08/2017 to 10/2018 Company Name City , State Achieving daily-weekly and monthly goals and objectives. Making 75-100 outbound calls per day. Initiating and Responding to customers with 40-60 emails per day. Working in a computer based management tool. Setting a volume of appointments daily. Following up with customer vehicle inquiries efficiently to maximize opportunities. Effective working as part of a team. Internet Sales Manager , 12/2016 to 03/2017 Company Name City , State Maintained a 94% average of leads answered in 3 minute average answer time per lead. Worked flexible schedule and from home office to insure precise customer lead follow up Provided expert product and service information. Delivered 5 Units during first week of hire Ensure that salespeople are informed of all incoming appointments Enhance customer satisfaction during the entire purchase experience. Partner with the Financial Services Department to develop and coordinate best practices for the most efficient and effective sales approach Sales Consultant , 12/2016 to 08/2017 Company Name City , State Contributed to repeat and referral business by using strong customer service and problem solving skills. Maintained a 98 % customer service satisfaction rating per KIA Performance Center. Worked flexible schedule to accommodate changing customer levels. Organized items in visually appealing manner. Answered incoming telephone calls with professional and knowledgeable responses. Developed and executed sales promotions. Provided expert product and service information. Community Donation and Outreach Manager - Eastern CT Territory , 05/2016 to 12/2016 Company Name City , State Identified, developed and evaluated marketing strategies based on knowledge of company objectives and market trends. Worked effectively in a heavily cross-functional, fast paced environment. Directed and supervised employees engaged in sales and inventory-taking. Trained staff to deliver outstanding c",0.56,Partial Match,Moderate Match
PAIR-00098,Enterprise Business Development Manager,BUSINESS-DEVELOPMENT,"Seeking an experienced Business Development Manager to identify new market opportunities, negotiate high-value corporate partnerships, and drive revenue growth. Responsibilities: B2B pipeline development, enterprise client pitching, contract negotiation, competitive analysis, and strategic relationship management. Requirements: 4+ years B2B sales/development experience, CRM proficiency, and executive communication skills.",26189601,"LEAD CHEF & FOOD TRUCK MANAGER Summary At the Culinary Institute of America, I was taught and mentored by an expert team of world renowned chefs and professors with outstanding industry and education credentials. I gained extensive exposure and experience through the advanced culinary curriculum that is only offered at CIA. My education went beyond memorizing and executing foods, cooking techniques and recipes - I learned how to analyze foods, how to adapt them, and most important ... how to get creative with them. I am well trained in both classic and contemporary culinary methods and techniques and developed a strong understanding of how to prepare a wide variety of global cuisines, as well as, wine & beer pairing. I have had the opportunity to work with famed Chef Larry Forgione ""The Godfather of American Cuisine"" (father of Iron Chef Marc Forgione) Learning the true practice of sourcing local ingredients into the restaurant known as farm-to-table cooking. I gained extensive hands-on experience in CIA professional kitchens and bakeshops, and in their award-winning student-staffed restaurants (including the American Bounty Restaurant, and Ristorante Caterina de' Medici, St. Andrews Restaurant). I gained both back-of-the-house and front-of-the-house experience under the guidance of the expert faculty and through a 5 month externship at Walt Disney World's 3rd signature premier restaurant ""Artist Point"" in Orlando, Florida at the Wilderness Lodge in Magic Kingdom. Additionally, I gained solid professional experience at Cattail Creek Country club in Maryland, running the private catering businesses. Highlights Focused and disciplined High volume production capability Contemporary sauce work Well-tuned palette Sense of urgency Problem Solver ServSafe certified Accomplishments Recipient of 2011 Glenelg High School Principal's Award for Exemplary Achievements (Only 13 graduates out of a class of 300 received this distinction). Lead member of Glenelg High School's Culinary Team (ProStart Curriculum). Achieved 3rd Place, 3rd Place, then 1st Place finish in the annual ProStart Competition. Successfully managed the culinary kitchens at the Culinary Institute Of America Successfully worked my way up quickly through all stations at the Artist Point Resort in Walt Disney World, serving 300-700 covers each night with a cohesive team. Successfully branched out on my own, traveling to Napa CA to continue pursuing my Personal Chef goals. Experience 05/2015 to Current Lea",0.26,Hard Negative,Low Match
PAIR-00280,Digital Marketing & Content Strategy Lead,DIGITAL-MEDIA,"Seeking a Digital Marketing Lead to oversee omnichannel growth campaigns, SEO/SEM performance, brand content creation, and analytics tracking. Responsibilities: managing Google Ads / Meta ad spend, conversion rate optimization (CRO), social media strategy, and ROI performance reporting. Requirements: Google Analytics, SEO tools, paid advertising, and copywriting.",16893572,"DIGITAL MARKETING MANAGER Summary Creative manager with a proven record of driving revenue gains and brand awareness through digital marketing and social media. For example - increased website traffic an average 43% across 15 clients via email nurturing, social media campaigns, and strategic landing pages. Highlights Microsoft Office Suite; Adobe Creative Suite; IBM Marketing Cloud, Google Analytics, Act-On Social Media: LinkedIn, Facebook, Twitter, Google+, Pinterest, Wordpress, Instagram, YouTube HTML, CSS, JavaScript, PHP, SEO, Keywords Experience Digital Marketing Manager November 2016 to Current Company Name City , State Acquired to strategize, build, and manage cross-channel marketing campaigns to enhance client's retention and growth, as well as internal lead generation. Develop and monitor end-to-end digital marketing campaigns using the integrated IBM Marketing Cloud automation platform. Build strategic microsites, landing pages, and automated email programs utilizing customized datasets based on each client's target audience and/or current client base. Data Analyst February 2016 to November 2016 Company Name City , State Hired to manage and strategize target market data structuring and reporting for all clients around the world, current and prospective, to enhance their lead generation platform. Configured custom data sets of 10,000 to 20 million records, and detailed analytical reports utilizing MySQL and the Social123 virtual platform. Data Director/Digital Strategist November 2014 to October 2015 Company Name City , State Initially hired to manage email nurturing and LinkedIn marketing campaigns for seven clients of various industries and target markets. Quickly introduced strategic management to data structuring for new and prospective clients to enhance lead generation. Managed data budget of $500,000 over all sources to enhance target market for 80 clients through email nurturing and digital marketing campaigns. Increased lead generation and ROI through targeted email campaigns, including $10,000 of added contracts in one month for one client. Grew LinkedIn connections by engaging likeminded groups and target audience, building a strong industry network, and distributing valuable content. Partnered with Act-On to improve interface efficiency and productivity. Produced custom graphic materials (Photoshop) and landing pages (HTML & Vidyard) to increase brand recognition, open rates, and clickthrough responses. Developed strategic reporting pl",0.89,Positive Match,Strong Match
PAIR-00119,Senior Enterprise Sales Representative,SALES,"We are hiring a Senior Enterprise Sales Representative to manage full sales cycles, conduct product demonstrations, and exceed quarterly quotas. Responsibilities include prospect qualification, objection handling, commercial contract closing, and pipeline tracking in Salesforce. Requirements: Proven enterprise quota attainment, CRM mastery, presentation skills, and strong customer relationship building.",13812481,"SALES ASSOCIATE Summary My goal is to become associated with a company where I can utilize my skills and gain further experience while enhancing the company's productivity and reputation. Skills Effective at multitasking Works well independently and in groups Excellent Computer skills Organized Fast learner Personable Customer orientated Interpersonal communication Experience Sales Associate , 11/2018 to Current Company Name City , State Analyze and properly process product returns Maintain and organize merchandise to drive sales Organize shelves to maintain store visual appeal Engage customers and promote specific merchandise Maintain records related to sales, returns, and inventory availability Recommend merchandise to customers based on needs and preferences Sell various products by demonstrating, explaining unique features, and educating customers on proper handling and care Answer incoming telephone calls to provide information about products, services, store hours, policies and promotions Volunteer - Receptionist , 09/2018 to Current Company Name City , State Meet incoming customers with professional approach and provide friendly, knowledgeable assistance Keep reception area clean and organized to offer positive first impression to every visitor Helped set up events Greet customers, answer general questions, and direct to appropriate locations or personnel Stylist , 07/2018 to 10/2018 Company Name City , State Initiated friendly conversation with each customer to determine level of assistance required Maintained assigned area to store standards by setting up and monitoring accurate ad signage and correct merchandise placement Handled price checks, merchandise transfers, and fitting room returns to keep store orderly Greeted each customer and offered to assist them to provide excellent customer service Followed all company policies, rules, and procedures to promote company goals and ensure safety Helped customers by answering questions and locating merchandise Sought opportunities to up-sell and add-on additional merchandise Rang up sales at registers and bagged merchandise Prevented store losses by utilizing awareness, attention to detail, and integrity Assembly Line Worker , 06/2016 to 03/2018 Company Name City , State Received and correctly processed both written and verbal instructions Observed all safety policies and procedures Utilized established assembly instructions to complete jobs in an efficient and accurate manner Assisted quality assuran",0.96,Positive Match,Strong Match
PAIR-00200,Senior Corporate Accountant & Auditor,ACCOUNTANT,"Looking for a Senior Accountant to oversee general ledger reconciliations, tax compliance, payroll auditing, and financial reporting. Responsibilities include month-end closing, balance sheet reconciliation, internal audit preparation, and regulatory filing. Qualifications: CPA or accounting degree, ERP experience (NetSuite, SAP), GAAP standards, and internal control compliance.",15717923,"SENIOR EXECUTIVE - FINANCE Profile To be part of an Esteemed Organization, that gives immense opportunities for growth and innovation thereby rendering satisfaction to self and to the employer by way of performance. Should see myself in a responsible position with massive work efficiency, which will increase the image of the organization. Aim for effective growth to strengthen the work location and work group in order to have maximum progress. Have a wonderful 6.5 years experience with corporate environment Sharp analytical ability and quick grasping capabilities Working as per given timelines for month end and year end activities Ability to understand the core issues and identifying the weak areas with a view to improve upon the same Have excellent organizational and management skills Effective communication skills Skill Highlights ERP Packages SAP ECC 6.0 Tally. ERP9 Operating System: Windows 95/ 98/ 2000/ NT/ XP Office Tools :MS Word, MS Excel, MS Power Point Office 2000/2002/XP/2003 Accomplishments Being a part of Accounts Payable team, streamlined the procedure and process of Custom duty, Air/Ocean Freight and clearing charges payments Developed format for On Due and Overdue payments list, which is required for on time payments to creditors. Awarded for resolving the overdue issues of major suppliers and making their account in current. Constant appreciations from CFO and GM for ensuring prompt payments by clearing all the outstanding payment issues. Appreciation from the functional head for assisting them in resolving the issues of the critical suppliers and ensuring prompt payments. Developed payment tracker for on time vendor payments to Foreign and Local vendors Developed GL guidelines and circulated to regional offices Developed Manual BRS format to simplify month end close activities Mass Upload JV to simplify month end close activities. Experience Senior Executive - Finance 08/2008 to 09/2015 Company Name Resolving payment issues and ensures timely payment to the vendors (Including Local and foreign vendors) Assisting all regional accountants for AP/GL/GR/IR related issues Posting of all the admin related invoices like Rent, Electricity and Office Maintenance with cost centre allocation Posting of import related invoices with Pan India business area Acting as a single point of contact for related party payments and reconciliations Working on GR/IR report and following up with the procurement and commercial team for non-receipt of invoice copies",0.61,Partial Match,Moderate Match
PAIR-00312,Clinical Healthcare Specialist & Administrator,HEALTHCARE,"Looking for a Healthcare Specialist to manage patient intake protocols, electronic health record (EHR) compliance, clinical assessments, and patient care workflows. Responsibilities include clinical documentation, HIPAA compliance, multidisciplinary coordination, and care planning. Requirements: Healthcare certification or nursing degree, EHR software, and clinical standards.",20211577,"HEALTHCARE EFFECTIVENESS AND INFORMATION SET COORDINATOR (HEDIS) Summary To obtain a position which utilizes and enhances my education and work experience with the Potential for career advancement. Recognized for long hours, commitment to customers, attention to detail and follow up. Work well as a team member or independently and under pressure. Demonstrates ability to meet the needs of patrons, dependable, hardworking and punctual. Excellent basic clerical and computer skill including knowledge of Microsoft Office. Excellent interpersonal, listening and communication; both written and spoken skills. Sound ability to keep sensitive information confidential. Sound organization skills, goal- oriented, proactive, and excellent at reporting. Highlights Proficient with Healthcare Effectiveness Data and Information Set (HEDIS) Proficient with Georgia's Medical Management Information System (MMIS) Proficient with Georgia Registry of Immunization Transactions and Services (GRITS) Excellent communication skills Advanced clerical knowledge Filing and data archiving Medical billing Accomplishments Provided award winning customer service to Consumer Cellular as well as AARP Members with ordering easy to use cell phones Experience Healthcare Effectiveness and Information Set Coordinator (HEDIS) 04/2014 to Current Company Name City , State Handle inbound/outbound member calls and assist them in obtaining service, appointment scheduling, arranging transportation, and initiating reminder calls, e-mails and/ or faxes. Educate and inform members about current and past due clinical services which improves member health outcomes and increases Health Plan HEDIS rates. Conduct HEDIS provider chart request calls to support medical record capture for HEDIS supplemental data review and abstraction. Record and document all member and provider outreach activity using Microsoft Office Suite applications and web-based technology. Review member plan eligibility using Georgia's Medical Management Information System (MMIS). Review member claims data to determine need for services using the Health Plan Proprietary Information system or Georgia Registry of Immunization Transactions and Services (GRITS). Identify and refer members to internal programs and services i.e. Case management and Disease Management, Maintain strict confidentially and compliance with Health Insurance Portability and Accountability ACT during outreach activities. Data Entry/File Clerk/ Receptionist/ Customer Service",0.98,Positive Match,Strong Match
PAIR-00196,Senior Corporate Accountant & Auditor,ACCOUNTANT,"Looking for a Senior Accountant to oversee general ledger reconciliations, tax compliance, payroll auditing, and financial reporting. Responsibilities include month-end closing, balance sheet reconciliation, internal audit preparation, and regulatory filing. Qualifications: CPA or accounting degree, ERP experience (NetSuite, SAP), GAAP standards, and internal control compliance.",12780508,"ACCOUNTANT II Accomplishments Military Training Certificate, 2005; PNC Conversation: Deep Dive into Savings and Investment training 2012; Operational and Soundness Training 2013; Employee of the month (November) at PNC Bank 2011; Employee of the Quarter at PNC Bank 2011; Retail Banking Achievement Award 2012;. NMLS- Nationwide Mortgage Licensing System, 2013. Supervision Supervised team of two staff members. Professional Summary Detail-oriented Accountant with 5 years effectively maintaining accurate accounting information for large-scale financial organizations. Skills Superior attention to detail Invoice coding familiarity QuickBooks expert Self-motivated professional Strong communication skills Accounting operations professional Cash flow analysis Data trending knowledge Advanced bookkeeping skills Work History Accountant II , 02/2017 to Current Company Name City , State Responsible for preparing and posting entries for the daily posting packet. Verifies and balances system originated interfaces and posts non-system generated transactions prepared from other sources. System originated interfaces refers to the Credit Union owned system as well as external systems, such as shared branching and ATM transaction networks. A monitor flow of credit union transactions from the various supporting systems into and out of the general ledger daily, and identifies and resolves errors, omissions, and irregularities to provide accurate records for TFCU and its service organizations. Calculates and posts month end and year-end accruals as needed. Responsible for maintaining fixed assets and prepaid sub-ledger accounts. Prepares budget variance reports for various departments as assigned. Works with that department manager in preparation of annual budget. Responds to inquiries from that manager regarding budgeted and actual expenses. Prepares analyses as requested by manager and other departments. Manages the accounts payable function - including employee/volunteer reimbursement - from processing incoming invoices, through cost center coding, approval by appropriate party, input into the system, to check preparation and mailing. Identifies vendors requiring an IRS Form 1099 and prepares the form and transmittal. Manages the Corporate VISA accounts for managers and volunteers, including ordering and canceling cards, processing corporate Visa accounts for payment, and resolving discrepancies. Along with other Finance Department staff, processes outgoing and incoming wires",0.9,Positive Match,Strong Match
PAIR-00095,Enterprise Business Development Manager,BUSINESS-DEVELOPMENT,"Seeking an experienced Business Development Manager to identify new market opportunities, negotiate high-value corporate partnerships, and drive revenue growth. Responsibilities: B2B pipeline development, enterprise client pitching, contract negotiation, competitive analysis, and strategic relationship management. Requirements: 4+ years B2B sales/development experience, CRM proficiency, and executive communication skills.",25839123,"SALES ASSOCIATE Summary Motivated student seeking entry-level position. Friendly, outgoing and energetic team player with hard-working and driven nature. Experience 01/2016 Sales Associate Company Name City , State Provided high-quality customer service to optimize customer purchasing and payment process. Initiated inventory control measures to sustain stock levels, and helped to order new inventories. Educated customers on available product options to meet and exceed customer service experience. Investigated and resolved customer complaints or issues to strengthen store reputation and grow customer retention. 01/2014 to 01/2015 Cafe Attendant Company Name City , State Maintained high standards of customer service during high-volume, fast-paced operations. Consistently provided friendly guest service and heartfelt hospitality. Promptly and empathetically handled guest concerns and complaints. Demonstrated integrity and honesty while interacting with guests, team members and managers. Greeted customers and provided excellent customer service. 01/2013 to 01/2014 Food Prep Company Name City , State Responsible for the production and plating of desserts. Ensured freshness of food and ingredients by checking for quality, keeping track of old and new items, and rotating stock. Helped with preparation, set-up, and service for catering events. Spoke with patrons to ensure satisfaction with food and service. Prepared food items. Education 2016 High School Diploma Manchester Central High School City , State Sociology and Justice Studies University of New Hampshire City , State Sociology and Justice Studies Skills Great communication skills, excellent customer service, customer service experience, Customer service, fast, focus, inventory control, Multi-tasking, purchasing, quality",0.57,Partial Match,Moderate Match
PAIR-00294,Digital Marketing & Content Strategy Lead,DIGITAL-MEDIA,"Seeking a Digital Marketing Lead to oversee omnichannel growth campaigns, SEO/SEM performance, brand content creation, and analytics tracking. Responsibilities: managing Google Ads / Meta ad spend, conversion rate optimization (CRO), social media strategy, and ROI performance reporting. Requirements: Google Analytics, SEO tools, paid advertising, and copywriting.",20330739,"EXEC DIRECTOR OF SALES, CONSULTANT, STRATEGIST Executive Profile 10+ year proven track record in Digital, Mobile, and Social, Business Development & Sales Leadership experience, working with top tier clients and agencies in revenue generation, sales team management, across Retail, CPG, QSR, Electronics, Entertainment, among other verticals, leading sales teams to exceeding quota and new market expansion Skill Highlights Business development leader Sales team management Revenue and market expansion Self-motivated Leadership/communication skills Negotiations expert Market research and analysis Customer-oriented Core Accomplishments Sales Management and Leadership : Built and managed sales teams to over $25MM in annual quota achievement Business Development leadership in Business Development Expertise : Spearheaded programs which increased revenues 150% YoY and successfully expanded into new markets and territories Professional Experience Exec Director of Sales, Consultant, Strategist Current Company Name City , State Work with clients and agencies to build and implement in-market strategies and extend revenue streams across digital, mobile, and social messaging channels Drive revenue across Retail, CPG, e-Commerce, Technology, and Entertainment clients Manage and Develop go-to-market strategies and positioning to achieve optimal goals Build Mobile + Social Planning, Marketing & Messaging Strategies via Multi-Platform and Omni-Channel execution, also to be executed digitally via live on-the-ground events Develop and Strengthen Strategic Partnerships across disciplines and tech partner organizations. Advisor, Strategy, Business Development, & Sales and Media / Marketing Strategist. Current Company Name City , State Drive Business Development and Strategy through sourcing new client relationships. Develop holistic digital and media strategy through execution, across Mobile / Digital companies developing solutions for expansion and new marketplace penetration endeavors. Manage and Develop go-to-market strategies and positioning to achieve optimal goals. Sales Team Management, Regional Sales Manager Company Name City , State Manage a sales of 10 selling Cross-Screen Digital Technology & RM Solutions across PC, Mobile, Video, Social, Advanced Dynamic Ad Serving, Creative Services. Manage over $25MM in annual revenue across the Eastern Region, forecasting budgets, managing to goal across the team, and through individual account leadership and oversight. Deliver 115",0.95,Positive Match,Strong Match
PAIR-00121,Senior Enterprise Sales Representative,SALES,"We are hiring a Senior Enterprise Sales Representative to manage full sales cycles, conduct product demonstrations, and exceed quarterly quotas. Responsibilities include prospect qualification, objection handling, commercial contract closing, and pipeline tracking in Salesforce. Requirements: Proven enterprise quota attainment, CRM mastery, presentation skills, and strong customer relationship building.",10724818,"SALES Career Overview Executive Assistant who is skilled at multi-tasking and maintaining a strong attention to detail. Employs professionalism and superior communication skills to meet client and company needs. Skill Highlights Time management Meticulous attention to detail Microsoft Office proficiency Invoice processing Travel administration Scheduling Self-starter Meeting planning Core Accomplishments Calendaring Planned all meetings and travel for CEO. Scheduling Facilitated onboarding of new employees by scheduling training, answering questions and processing paperwork. Process Improvement Oversaw implementation of new phone system which resulted in more cost-effective service. Research Investigated any necessary information for proper billing for insurance companies, patients and DMEs such as proper billing codes. Data Organization Improved office organization by compiling quarterly budget reports, financial spreadsheets, organizational charts and company data reports using advanced Microsoft Excel functions. Multitasking Demonstrated proficiencies in telephone, e-mail, fax and front-desk reception within high-volume environment. Administration Performed administration tasks such as filing, developing spreadsheets, faxing reports, photocopying collateral and scanning documents for inter-departmental use. Reporting Maintained status reports to provide management with updated information for client projects. Planning Arranged, scheduled and coordinated all logistics and travel itineraries for staff of 10 employees. Ensured staff was equipped with all necessary supplies and collateral for long distance travel. Formally recognized for playing an instrumental role in the implementation of cost savings measures. Experience Sales October 2014 to Current Company Name City , State Coordinated customer facing webinars, including developing relationships with vendors, tracking customer attendance and post-webinar follow-up. Freelance January 2014 to Current Company Name City , State Arranged appropriate travel, visas, agendas, necessary contacts and country information.Maintained and coordinated executive and senior management vacation, day-to-day meeting and travel schedules.Wrote and distributed meeting minutes to appropriate individuals.Coordinated customer facing webinars, including developing relationships with vendors, tracking customer attendance and post-webinar follow-up.Managed desktop publishing and proposal and memo typing. Executive Assistant Execu",0.91,Positive Match,Strong Match
PAIR-00306,Digital Marketing & Content Strategy Lead,DIGITAL-MEDIA,"Seeking a Digital Marketing Lead to oversee omnichannel growth campaigns, SEO/SEM performance, brand content creation, and analytics tracking. Responsibilities: managing Google Ads / Meta ad spend, conversion rate optimization (CRO), social media strategy, and ROI performance reporting. Requirements: Google Analytics, SEO tools, paid advertising, and copywriting.",37201447,"ADULT EDUCATION INSTRUCTOR Summary Seasoned Agriculture Teacher with more than 20 years of experience in this world of education. Excellent teaching and leadership skills. Track record of achieving exceptional results in not only FFA programs but also Credit Recovery Programs at my current high school and program improvement in numbers at not only Covina High School but also Bloomington High School. I have also been involved with bringing to life the Adult Education Program in the Colton Joint Unified School District. Compassionate teacher excited to take on new professional challenges and assist students in improving learning skills, and abilities. Hardworking and responsible professional adept at crisis response and activity planning. Experience Company Name City , State Adult Education Instructor 08/2016 to Current Developed a diploma program that fit the needs of the community, continues to work with the community and wants to see the students succeed move on into either industry or college Company Name City , State Agriculture/Credit Recovery Teacher 08/2000 to Current Planned and conducted activities for a balanced program of instruction, demonstration, and work time that provided students with opportunities to observe, question, and investigate. Goal Setting Established clear objectives for all lessons/projects and communicated with students, achieving a total understanding of grading rubric and overall class expectations. Parent Communication Regularly met with parents to discuss student issues and course weakness areas. Student-Centered Curriculum Planning Developed mid-semester evaluation for students to give feedback about current curriculum and suggest alternative course materials and subjects for remainder of year. Developed interesting course plans to meet academic, intellectual and social needs of students. Developed and implemented interesting and interactive learning mediums to increase student understanding of course materials. Routinely met with students' parents regarding in-class issues and learning interruptions to discuss solutions. Received high remarks for the creativity of classroom lesson plans and instructional techniques from students, parents and faculty. Created and enforced child-based hands-on curriculum to promote student interest and receptive learning. Implemented student discipline measures, decreasing classroom disruptions by 80%. Combined discipline plan with effective measures and various lesson plans to increase con",0.29,Hard Negative,Low Match
PAIR-00062,Senior Systems / DevOps Engineer,ENGINEERING,"Looking for a Senior Systems & DevOps Engineer to automate build infrastructure, manage Linux server fleets, and ensure high availability across multi-region environments. Responsibilities include writing Terraform infrastructure as code, configuring CI/CD pipelines, monitoring system metrics with Prometheus and Grafana, and diagnosing system bottlenecks. Requirements: Linux administration, Docker, Kubernetes, Terraform, Bash/Python scripting, and networking fundamentals.",24913648,"INFORMATION TECHNOLOGY SPECIALIST Professional Summary Experienced network professional with outstanding success rate at installing and supporting critical, multi-site networks. Proven ability to manage all phases of network installation and administration. Adept at analyzing business requirements and crafting technical network solutions. Possess excellent written and verbal communication skills and knowledge of the latest advances in technology. Network Administrator talented at resolving highly technical issues efficiently to maintain uptime and increase productivity levels. Skills Remote access support Systems analysis Preventative maintenance expert Data backup and recovery systems Wireless Access Point Performance testing User account creation Superb interpersonal skills Antivirus and spam blocking VPN configurations LAN and WAN expertise Work History Information Technology Specialist , 08/2012 to Current Company Name City , State Provides outstanding support to mission partners and other customers. Responds to customer calls and touch labor requests. Ensures the confidentiality, integrity, and availability of systems and data available on the LAN. Troubleshoots hardware and software components and manages the testing, installation and configuration of software. Performs daily security inspections of entire DECC facility to include all secured and controlled areas. Identifies and mitigates all security vulnerabilities and coordinates with Security manager. Coordinates with, and escorts all DECC visitors in secure areas and ensures only authorized personnel and equipment are permitted in controlled/ secure areas. Enclave LAN administrator for DECC Warner Robins. Ensures all administrative LAN and automated data processing equipment used by personnel is maintained and fully operational. Plans and coordinates the installation of new software and network infrastructure equipment. Monitors network performance and performs diagnostics to identify and resolve connectivity issues. Appointed alternate Ticket Manager. Assigns and track incident status. Ensure all incidents are being worked and are completed within the allotted time. Escalates and forward all incidents for further evaluation if needed. Implemented and coordinated a complete technology refresh of DECC ADPE. Ensuring all staff was properly equipped to support the DECC mission. Spearheaded the DECC's migration from the Admin Enclave network over to the DISANet network with minimal impact to DECC pe",0.64,Partial Match,Moderate Match
PAIR-00137,Corporate Financial Analyst & Portfolio Specialist,FINANCE,"Seeking a Financial Analyst to perform financial modeling, variance forecasting, corporate valuation, and investment analysis. Key responsibilities: preparing quarterly financial statements, conducting discounted cash flow (DCF) modeling, budget reconciliations, and executive risk briefings. Requirements: Advanced Excel, financial modeling, GAAP compliance, SQL, and analytical problem solving.",59818742,"AN ACCOUNT CUM FINANCE MANAGER Summary I am team-oriented Accountant prepares clear, comprehensive financial reports for executive-level management.I did work as an Account Manager in India for private sector company and also worked in financial sector only. Right now, I am looking for an entry level position based on my study in the United states. Highlights From 1st March, 2016 Key Skills Familiar with a vast array of Finance activities and management skills. Knowledge of basic computer knowledge like MS Office, Word and Power point. Accounts & Auditing General Administration Basic Computer Costing Knowledge, Tally 7.2 & 9 and ERP Analytical reasoning Financial statement analysis Strength in regulatory reporting Compliance testing knowledge Understands foreign tax reporting Budget forecasting expertise Account reconciliation expert Financial planner Complex problem solving Effective time management Excellent managerial techniques General ledger accounting Expert in customer relations Superior research skills Advanced computer proficiency (PC and Mac) Accomplishments Accounting Skills Operated computers programmed with accounting software to record, store, and analyze information. General Ledger Accounts Maintained accurate accounts including cash, inventory, prepaid, fixed assets, accounts payable, accrued expenses and line of credit transactions. I also have a vast knowledge of Taxation laws and policies. Experience An Account Cum Finance Manager , 05/2010 05/2014 Company Name City , State Gujarat Education Board. Grand Project Investment Pattern of Investor on Diversification of Portfolio Management in recession Period Jan to March, 2009 Summer Training 1)TITLE: - ""Inventory Management"" To know the Inventory level in manufacturing company 4)DURATION:- Two Months May to July 2008 Projects Job experience I did work at RB Cars Pvt. Ltd. As an Account Cum Finance Manager since Last 4 Years and 1 Months Business : Maruti Suzuki Authorised Dealer Trading and Services. Duration : Since June 2010. Handling all kinds of Account and Finance Activities. Maintain two types of Accounts like Norms as per Income Tax and Maruti Suzuki India Ltd. I am also take a part to take a decision with Top Management Long term planning for fund for doing business. Prepare Documentation which required for TA and Inventory funding and Doing bargaining with financial institution for Interest rate on borrowing for same business. Responsible for Vat assessment, and prepare provisional",0.91,Positive Match,Strong Match
PAIR-00060,Senior Systems / DevOps Engineer,ENGINEERING,"Looking for a Senior Systems & DevOps Engineer to automate build infrastructure, manage Linux server fleets, and ensure high availability across multi-region environments. Responsibilities include writing Terraform infrastructure as code, configuring CI/CD pipelines, monitoring system metrics with Prometheus and Grafana, and diagnosing system bottlenecks. Requirements: Linux administration, Docker, Kubernetes, Terraform, Bash/Python scripting, and networking fundamentals.",11580408,"INFORMATION TECHNOLOGY COORDINATOR Career Overview AVP / Director of Information Technology I Network Engineer with extensive experience. Strengths - excellent communication skills, strong problem solving skills. Sound work ethic, capable of working independently or in a team environment. Highly professional with the ability to set and maintain priorities. Qualifications Certifications and Certificates: Microsoft Certified Professional Comp-TA A+ Certified Microsoft SOL 2000 Design and Administration Microsoft Access I. II. III Navision Report Writer I & II Web design Software I Hardware Knowledge: Operating Systems: Installation & support of Microsoft Windows up to and including Windows 8.1 Sever Systems: Installation & support of Microsoft Server, up to and including Server 2012, SCO UNIX Microsoft Active Directory Database Software: Installation & support of Microsoft SQL up to and including SQL 2012. Highly proficient with Microsoft Access and Sybase databases ERP Software: OMD and Installation & support of Microsoft Navision up to and including NAV2013 R2 Office Suites: Microsoft Office 97 - 2013 Email Programs: Microsoft Exchange, Ipswicth Imail Content management platform: WebGui and Magento Familiarity with a wide variety of Cisco and Fortinet Firewalls. 3Comm, Netgear, Hp and Cisco routers and switches Expert knowledge of a variety of Smartphone operating systems including Windows Mobile, Blackberry, Android and IOS Sprint Coral, Nortel and Free PBX VoIP phone and voice mail systems Work Experience May 2000 to Current Company Name City , State Information Technology Coordinator 2003 & 2008 Administrate employee of the year / President Club Winner Repeated employee of the month winner Continually evaluating and implanting new technology to save cost, maintain and improve business process Sole point of contact for 150 people including remote staff Led $300,000 implantation of Navision ERP System Continual in-house refinements and improvements to Navision Upgraded from Navision's proprietary C/side database to SQL 2000 database Continual in-house refinements and improvements to Navision Created and implemented custom databases for leading National and Regional financial institutions that increase revenue Initiated use of remote control programs to train and help trouble shoot customer issues in a more timely manner Final point of resolution for customer software and hardware issues Responsible for onsite installation of industry specific hardware and",0.71,Partial Match,Moderate Match
PAIR-00115,Senior Enterprise Sales Representative,SALES,"We are hiring a Senior Enterprise Sales Representative to manage full sales cycles, conduct product demonstrations, and exceed quarterly quotas. Responsibilities include prospect qualification, objection handling, commercial contract closing, and pipeline tracking in Salesforce. Requirements: Proven enterprise quota attainment, CRM mastery, presentation skills, and strong customer relationship building.",16280971,"SALES REP Summary Sales Executive offering outstanding sales presentation, communication, closing skills, and team management skills. High-energy, results-oriented leader with an entrepreneurial attitude. Desires a high-level position in a professional service oriented environment. Core Accomplishments Founded The Success Group and grew personal sales to $200,000.00 the first year with a steady growth for the next 5 years. Initiated ""Program"" sales for area Auto Dealerships in Atlanta to purchase imprinted promotional items in mass with each dealership's name with the brand's logo, saving each dealership by quantity purchasing, and increasing our bottom line significantly. Negotiated campaigns in conjunction with radio and print advertising to increase service dept.sales ( Ex: Free teddy bears given for Valentines' Day to the ladies who came in for an oil change.) Partnered with a Non-profit organization increasing our sales to them to over $150,000.00 yearly, helping increase awareness and donations with their donors. Networked within this organization to gain business with other departments. Experience Sales Rep 05/2017 to 04/1993 Company Name Telemarketed to Presidents and CEO's of successful area companies to use our services, averaging 100 calls a week, 13 appointments per wk resulting in 1 sale per wk. Managed a tickler file to boost sales Conducted on-air interviews with Presidents, CEOs, Physicians, and their clients for testimonials. President 12/1998 to Current Company Name City , State Strengthened company's business by leading implementation of [project] . Promotional Advertising Distributor) Company and Client management expertise including: Business development, promotional sales, interaction with client, supplier, and employees for excellent customer service, marketing communications, budget management for overall operations. Used industry knowledge, listening skills, and creativity to match items for clients needs while staying within their budget. Achieved new business through networking within companies, as well as attending networking events. Partnered with a Non-profit organization increasing our sales to them to over $150,000.00 yearly, helping increase awareness as well as gifts from their donors. Networked within this organization as well as others to gain business with other departments. Associate Producer 04/1993 to 12/1998 Company Name City , State Production company that aired on WSB-TV Project management expertise including: tel",0.89,Positive Match,Strong Match
PAIR-00264,Senior Talent Acquisition & People Operations Manager,HR,"Seeking a Human Resources Manager to lead end-to-end recruitment, employee onboarding, compensation benchmarking, and organizational culture initiatives. Responsibilities include sourcing candidate pipelines, managing ATS workflows, facilitating performance reviews, and ensuring labor law compliance. Requirements: Full-lifecycle recruiting, ATS proficiency, employee relations, and HR strategy.",98379112,"BUSINESS DEVELOPMENT CONSULTANT Executive Summary Dynamic financial services and business development leader with 17+ years of combined experience across diverse banking and sales platforms. Dedicated to delivering services excellence while surpassing revenue objectives, working closely with teams and clients to address needs. Enforces adherence to organizational policies, procedures, and standards as well as industry regulations. Blends strong analytical and communications acumen to generate comprehensive research and reports - supporting planning and decision-making. Senior loan operations specialists skilled in collaborating with multidisciplinary teams throughout application and financing processes. Core Qualifications Loan operations & documentation Compliance guidelines Risk mitigation Team leadership & support Investments management Home & commercial mortgages Microsoft Office Business development Negotiations Stakeholder relations Customer service Sales life-cycle Underwriting requirements Financial & credit data analysis Prospecting & referrals Professional Experience Company Name City , State Business Development Consultant 02/2019 to 04/2020 Delivered expert consulting services in financing, operations, sales, and marketing. Fueled revenues and achieved top client satisfaction / referrals, maintaining top producer ranking by securing up to 50 new clients monthly. Forged and cultivated productive relationships with customers and team members, facilitating full sales process by identifying and addressing individual needs. Developed and implemented process improvement plans based on client feedback and operational monitoring. Served as key expert in products and services, skillfully representing brand and overall offerings. Company Name City , State Business Development Manager 03/2017 to 02/2019 Spearheaded new business development, leading turnaround of under-performing product lines to achieve objectives. Improved bottom line profit by securing business from up to 40 new clients monthly, generating quality leads, implementing client acquisition strategies, and effectively targeting valuable business opportunities. Orchestrated diversification of offerings, increasing sales via new product launches. Consistently exceeded quotas through new account penetration and territory expansion. Liaised with potential customers via telephone, email, and in-person - addressing inquiries and recommending products / services in alignment with individual needs. ",0.65,Partial Match,Moderate Match
PAIR-00157,Corporate Financial Analyst & Portfolio Specialist,FINANCE,"Seeking a Financial Analyst to perform financial modeling, variance forecasting, corporate valuation, and investment analysis. Key responsibilities: preparing quarterly financial statements, conducting discounted cash flow (DCF) modeling, budget reconciliations, and executive risk briefings. Requirements: Advanced Excel, financial modeling, GAAP compliance, SQL, and analytical problem solving.",12071138,"DIRECTOR OF FINANCE Professional Summary Progressive financial and managerial experience in not-for-profit and for-profit organizations. Primary financial contact with Board of Directors presenting financial and statistical reports to members with varying degrees of financial knowledge. Accountable for financial management of $15M not-for-profit health center with responsibility of financial reporting, investment reporting, budget preparation in collaboration with Senior Management, staff supervision and coaching, and financial systems. Comprehensive expertise with non-profit organizations with multiple programs and cost centers. Experienced with fund accounting and reporting requirements based on government regulations, contractual language, and donor restrictions. Preparation and explanation of net assets summarized by unrestricted, temporarily restricted, and permanently restricted. Prepare reporting and summarization of ongoing Capital Campaign. Extensive experience with relevant financial software applications including conversions and upgrades. Currently working with Blackbaud Financial Edge and Raiser's Edge. Skills Accounting, computerized accounting, general accounting, accounts payable, accounts receivable, trial balance, banking, benefits, billing, budgets, Budget, Cancer, cash management, closing, coaching, contracts, Client, customer service, decision making, documentation, Senior Management, filing, Finance, Financial, financial analysis, financial audits, financial statements, Prepare financial statements, funds, general ledger, grants, Human Resource, Insurance, interpretation, investments, legal, Director, meetings, mentoring, Excel, Microsoft Office, Office, negotiating, operating system, payroll, payroll processing, performance analysis, Personnel, personnel management, policies, Primary Care, profit, project management, QuickBooks, reconciling, reporting, securities, staffing, strategic, Strategic Planning, supervising, tax returns, treasury, valuation, vision Core Qualifications Proficient with various computerized accounting software, Microsoft Office, and investment software. . Experience DIRECTOR OF FINANCE January 2012 to Current Company Name City , State Prepare financial statements for presentation to the Treasurer of the Board of Directors, Finance Committee, and senior staff. Liaison to external auditors. Prepare and analyze audit schedules. Review of audited financial statements and 990 Information return for accuracy and reco",0.9,Positive Match,Strong Match
PAIR-00114,Senior Enterprise Sales Representative,SALES,"We are hiring a Senior Enterprise Sales Representative to manage full sales cycles, conduct product demonstrations, and exceed quarterly quotas. Responsibilities include prospect qualification, objection handling, commercial contract closing, and pipeline tracking in Salesforce. Requirements: Proven enterprise quota attainment, CRM mastery, presentation skills, and strong customer relationship building.",25315791,"SALES ASSOCIATE Professional Summary I am talented individual who will bring my sales talent, fashion sense, and passion for clothing to your company. i have a proven track record of success in sales .i am looking for suitable position with a company that offers there staff superb career opportunities, job enrichment and a supportive work environment. Core Qualifications Sales expertise Accurate money handling Team player mentality Reliable and dependable Goal-oriented Excellent communication skills Sales force training Persuasive communication expertise Experience SALES ASSOCIATE 04/2015 to 05/2016 Company Name City , State Responsible for actively promoting and selling the company's products to a wide range of customers in a very competitive market place. Contacting potential customers that have shown an interest in the company's products and then selling to them. Actively seeking new accounts in a wide variety of locations. Updating of customer information in paper records and on computer databases. Handling the complete sales process. Researching new market and sales opportunities. Educating clients on the company's products and services. Converting prospects into active clients. Keeping in touch with customers via a range of mediums such as phone calls, letters, Email and SMS. Executing an organized, efficient and structured sales process making outbound sales calls. Sale/Customer Service Representative 12/2012 to 05/2015 Company Name City , State Serviced existing accounts, obtained orders, and established new accounts by planning and organized daily work schedule to call on existing or potential sales outlets and other trade factors. Established or identified prices of goods, services or admission, and tabulate bills using calculators, cash registers, or optical price scanners. Received payment by cash, check, credit cards Issue receipts, refunds, credits, or change due to customers. Submitted orders by referring to price lists and product literature. Kept management informed by submitting activity and results reports, such as daily call reports, weekly work plans, and monthly and annual territory analyses. Monitored competition by gathering current marketplace information on pricing, new products. Recommend changes in products, service, and policy by evaluating results and competitive developments. Maximized sales opportunities through outstanding customer service. Established and maintain good customer relations, with both internal and external cu",0.96,Positive Match,Strong Match
PAIR-00061,Senior Systems / DevOps Engineer,ENGINEERING,"Looking for a Senior Systems & DevOps Engineer to automate build infrastructure, manage Linux server fleets, and ensure high availability across multi-region environments. Responsibilities include writing Terraform infrastructure as code, configuring CI/CD pipelines, monitoring system metrics with Prometheus and Grafana, and diagnosing system bottlenecks. Requirements: Linux administration, Docker, Kubernetes, Terraform, Bash/Python scripting, and networking fundamentals.",28697203,"AS INFORMATION TECHNOLOGY PROJECT MANAGER Summary SUMMARY Skilled IT professional with 7 years of proven success in developing and leading cross-functional technical teams to execute and deliver major technology initiatives using the Agile methodology and Scaled Agile Framework (SAFe). Well-versed in managing projects with co-located and off-site teams. Expertise in gathering and translating requirements, leading scrum teams, and release management, including owning the release management lifecycle for multiple applications across different environments. Skills Agile methodology Project management SAFe Program Increment (PI) Planning Scrum / Kanban / Scrumban Aptitude for resolving challenging problems Client relations Team building Release management Scrum master / Business analyst Atlassian suite (JIRA, Confluence, Trello) Public Trust Clearance Level 4 Agile Approach Budget Business analyst Concept Client Client relations Features Functional Team building Managing Meetings Procurement Project Management Project plans Real-time Risk-assessment SCADA Supervisory Control and Data Acquisition Fluent in Spanish Upgrade Experience Company Name | City , State INFORMATION TECHNOLOGY PROJECT MANAGER 03/2019 - Current Support Design-Build Supervisory Control and Data Acquisition (SCADA) Upgrade Project using project management expertise. Identify and implement technology tools to facilitate resource planning for multiple projects, identify interdivisional dependencies, encourage real-time team collaboration, and develop streamlined workflows to expedite project submittal reviews. Introduced the concept of SAFe to lead planning event to prioritize fiscal year acquisition and procurement needs based on project criticality and available internal resources. Developed annual planning process to support capital improvement planning activities such as project identification and prioritization. Company Name | City , State AGILE PROJECT MANAGER 10/2014 - 03/2019 Led transition of risk-assessment tools from downloadable software to web-based platform, including EPA's Vulnerability Self Assessment Tool, Climate Resilience Evaluation and Awareness Tool (CREAT), and the Workshop Planner for Climate Change and Extreme Events Adaptation tool. Developed project plans and cost estimates with well-defined milestones in collaboration with project team and subcontractors for each contract period of performance. Tracked project level-of-effort and budget expenditures to enable the te",0.63,Partial Match,Moderate Match
PAIR-00261,Senior Talent Acquisition & People Operations Manager,HR,"Seeking a Human Resources Manager to lead end-to-end recruitment, employee onboarding, compensation benchmarking, and organizational culture initiatives. Responsibilities include sourcing candidate pipelines, managing ATS workflows, facilitating performance reviews, and ensuring labor law compliance. Requirements: Full-lifecycle recruiting, ATS proficiency, employee relations, and HR strategy.",27018550,"HR SPECIALIST Summary Dedicated, Driven, and Dynamic with over 20 years of customer service expertise. Motivated to maintain customer satisfaction and contribute to company success with an emphasis in personnel and process management. Solid team player with proven ability to establish rapport with clients. Skills Type 50 wpm and 10-Key by touch Microsoft programs Word, Excel, Access, Outlook, PowerPoint Personnel management and Telephone inquiries specialist Excellent customer service skills with call quality and customer satisfaction as primary focus. Inbound and Outbound contact center experience Excellent oral and written presentation and seasoned in conflict resolution Experience Hr Specialist May 2007 to Oct 2008 Company Name City , State Accenture Peopleline Email Management Team. Received inbound emails from clients as initial point of contact to answer questions related to HR policies, practices or to resolve issues. Helped the client by answering their inquiry, resolving their issue or routing their email to a caseworker for resolution. Recorded and tracked the client issue via the case management tool from initiation to resolution. Maintained records of customer interactions and transactions by documenting details of inquiries, complaints, and comments as well as actions taken. Customer Service Representative Mar 2007 to Feb 2008 Company Name City , State Maintained records of customer interactions and transactions by documenting details of inquiries, complaints, and comments, as well as actions taken. Developed and implemented filing and delivery methods for FMLA and Short Term Disability documentation to respective global clientele. Facilitated communication for the Absence Management Team to clients and internal departmental teams. Organized and maintained payroll and people services database management system. Communicated to clients and internal/external departmental teams mitigated risks and resolutions regarding policy, transactions and other queries Call Centre Shift Supervisor Aug 2003 to Mar 2007 Company Name City , State Answered and Dispatched calls for Medical and Professional clients in the San Antonio and surrounding areas. Provided call monitoring to ensure staff was adhering to quality call control. Maintained On Call books for various medical staff to ensure that the correct staff was contacted during after hours and weekends. Education and Training Certificate of Completion *Business Administration 1997 Texas A&M Extension Serv",0.97,Positive Match,Strong Match
PAIR-00276,Digital Marketing & Content Strategy Lead,DIGITAL-MEDIA,"Seeking a Digital Marketing Lead to oversee omnichannel growth campaigns, SEO/SEM performance, brand content creation, and analytics tracking. Responsibilities: managing Google Ads / Meta ad spend, conversion rate optimization (CRO), social media strategy, and ROI performance reporting. Requirements: Google Analytics, SEO tools, paid advertising, and copywriting.",62700506,"DIGITAL CONSULTANT Summary I am seeking a position to continue my growth in strategic leadership position in the mobile. Continue to drive and design complex new products/services and enhancements that lead the financial industry. Constantly ask myself and others, ""What if?"" Skills Strong analytical skills Strong collaborative skills Mobile application development Market Research and Analysis Product Development and Launch Strategic Alliances Experience Digital Consultant , 11/2013 to Current Company Name City , State Business Innovator that lead our team to deliver CEO Mobile Extension for Apple Watch within 4 weeks using only BAU funds. Developed and lead PoT for AI modeling for specific financial use cases. Lead the Apple Watch team to develop and deliver Apple Watch and Mobile Bio Metrics Demos at AFP. Partnering with Risk Authentication team to launch Biometrics for iOS and Android. Lead product team for Mobile Token for strong auth apps and identity with 25% product penetration within one month with Leading efforts for 3D Touch (quick links) for iOS. Partnering with UxR, UX, CIA, CWI, TM Product team on diverse Mobile efforts: redesign (break points for mobile, tablet) for Fraud Manager, International ACH, Internal Wires, Apple Watch, Remember Me, Mobile Deposit, and Soft Token. Lead for Remember Me functionality for mobile apps. Participated in second ever User Centered Design at Wells Fargo. Championing these ideals with team members by creating a Push Notifications design ideation for Mobile. Lead for PNS efforts. Marketing liaison for Mobile team. Created a program with service team that increased channel first time sign-ons by 45% in 3 months. Created Mobile marketing videos for CCER, Mobile Deposit, and Mobile app. Mobile team lead for ACH, DTD, and Wires- all payment apps Launched Android App for CEO Mobile Mobile lead for the redesign efforts for DTD and Wires Mobile lead for ACH Int'l- bring FXOL exchange to flow Customer Service liaison for mobile team to ensure feedback and issue resolutions is incorporated into roadmap Lead and conducted EMCS/Kofax PoC for Image Auto Capture for Mobile Deposit. Lead the effort to bring in vendors to explore co-browsing, text to chat, and video to Wells Fargo. Presented findings and use cases to senior leadership, received funding to LiveLook PoT in 2016. Lead for redesign effort for Fraud Manager Mobile bring three unique yet similar products under one product. Mobile Production channel Management. Produc",0.94,Positive Match,Strong Match
PAIR-00094,Enterprise Business Development Manager,BUSINESS-DEVELOPMENT,"Seeking an experienced Business Development Manager to identify new market opportunities, negotiate high-value corporate partnerships, and drive revenue growth. Responsibilities: B2B pipeline development, enterprise client pitching, contract negotiation, competitive analysis, and strategic relationship management. Requirements: 4+ years B2B sales/development experience, CRM proficiency, and executive communication skills.",17781039,"SALES Professional Summary Experienced manager with excellent client and project management skills. Action-oriented with strong ability to communicate effectively with technology, executive, and business audiences. Analyst with extensive experience in Microsoft Office . Proficiencies include Microsoft Word and Microsoft Outlook . Can effectively multitask in challenging situations and meet critical deadlines. I'm self-motivated, I work well independently and need little supervision. Core Qualifications Excellent comprehension and retention skills Can work with short deadlines and under pressure Offering a fresh perspective on Customer service needs. Computer and technical literacy Strong organization skills, the ability to plan ahead and always do a thorough job. Articulate and persuasive to present my ideas to the public Expert in Creative Problem solving Education and Professional Placement Customer needs Assessment Experience with appointment scheduling Contract negotiation/review/drafting Change management Advertising Business Development Marketing Multi-Task Management Project Management Sales Statement Billings Weekly Payroll Experience Sales , 02/2016 to 04/2016 Company Name - City , State Sales of firearms and accessories. Developed tool to track and monitor personal sales opportunities, deals in progress and finished contracts. Responsible for implementing all business-building and relationship-building expectations with uniquely assigned accounts and customers. Took daily inbound calls and key-entered orders, faxes, backorders and credit memos for assigned accounts and clients. Consistently met and exceeded department expectations for productivity and accuracy levels. Developed promotional programs to optimize revenue levels. Co-Owner/Manager , 02/2008 to 01/2016 Company Name - City , State Palace Pet Grooming - 40359 Hwy 41 ste #4 Oakhurst Ca. 93644. I Defined strategies and business plans for Palace Pet Grooming . Directed strategic initiatives to achieve a strong business plan that launched an inspired Husband and wife's dream, that created a business model which is still thriving to this day. Created sales strategies to promote advertising offerings and motivate larger deals. Completed strategic competitive analysis by assessing strengths and weaknesses of competitors. Worked effectively in a heavily cross-functional, fast paced environment. Developed innovative product solutions grounded in clear understanding of customer needs. Spearheaded ",0.64,Partial Match,Moderate Match
PAIR-00106,Senior Enterprise Sales Representative,SALES,"We are hiring a Senior Enterprise Sales Representative to manage full sales cycles, conduct product demonstrations, and exceed quarterly quotas. Responsibilities include prospect qualification, objection handling, commercial contract closing, and pipeline tracking in Salesforce. Requirements: Proven enterprise quota attainment, CRM mastery, presentation skills, and strong customer relationship building.",38087844,"TIMESHARE SALES Summary I am extremely confident that my skills, mentorship, education and experience will set me apart from the rest. Many would describe my character as someone who is always dedicated to the project at hand and willing to go the extra mile. I've managed large projects and provided meticulous attention to organizational processes and correct flaws when/if they occur. I am searching for a lucrative career in Sales as I have embodied the skill to connect with people, ask the right questions and find the need and desire for the product or property. Currently living in Brickell and originally from NYC. Searching for a great company where I can contribute exceptional sales, work ethics, creativity and leadership. Highlights Sales and marketing Skilled multi-tasker Team player Microsoft Office Knowledge of leasing and market conditions Fast learner Personable Quality assurance and control Results-oriented Contract management Relationship building Detail-oriented Excellent communicator Member of The National Association of Realtors National account management Established track record of exceptional sales results Excellent communication skills Energetic Resolution-oriented Well-versed in contract law Effective Retail Sales Manager Social media savvy Start-up experience Large cash/check deposits expert Invoice processing Highlyprofessional Proficient in Microsoft Office Client management Sales presentations Tech-savvy Experienced entrepreneur First time buyer specialist Highly professional Proficient in Microsoft Office National Association of Realtors Experience 05/2016 to Current Timeshare Sales Company Name City , State Presentation of the Wyndham Vacation Ownership product to pre-qualified potential new owners and guests. Generated exceptional sales through initializing transactions and utilizing proper closing techniques. Provided follow up with each new owner to ensure ultimate customer satisfaction. 10/2015 to Current REALTOR Company Name City , State Rent, buy, or sell property for clients. Perform duties, such as study property listings, engaging with prospective clients, accompany clients to property site, discuss conditions of sale, and draw up real estate contracts. 11/2014 to Current FOUNDER/CEO Company Name City , State Start-Up Motor Coach Transportation Company. We provide luxury transportation for Hotel, Stadium and Convention Centers in Miami. Specifically we transfer large groups of 50 people or more to their corporate events, t",0.86,Positive Match,Good Match
PAIR-00012,Senior Software / IT Systems Engineer,INFORMATION-TECHNOLOGY,"We are seeking a Senior Software & IT Systems Engineer to design, deploy, and scale high-performance software applications and cloud infrastructure. Responsibilities include building RESTful APIs, optimizing relational and NoSQL databases, containerizing microservices with Docker and Kubernetes, and troubleshooting distributed networks. Required skills: Python, Java, JavaScript/TypeScript, SQL, Linux, Cloud (AWS or Azure), Git, and CI/CD automation.",18187364,"INFORMATION TECHNOLOGY SPECIALIST INFORMATION SECURITY OFFICER Profile blah, blah Core Qualifications Oracle Certified Professional (OCP), versions 8.0, 8i, 9i, 10g, 11g Certified Information Systems Security Professional (CISSP) (ISC)2 Certified Information Security Manager (CISM) ISACA UNIX/LINUX Strong collaborative skills Patch management Database servers Professional Experience Information Technology Specialist Information Security Officer October 2010 to July 2015 Company Name City , State Installing and configuring Oracle software versions 10g-12c. Scripting maintenance and monitoring tools. Creating Risk Assessment template based on NIST 800-30R1 to facilitate and evaluate secure software development practice. Building automated database risk/security models for quantifying degrees of database risk and enabling the standardization and prioritization of remediation efforts. Managing/mentoring support staff and participating in 24X7 production support and security monitoring rotation for large scale, mission critical applications. Developing, implementing and supporting enterprise backup and recovery, change control, security and audit procedures. Performing database, server and application performance and security monitoring and tuning. Implementing vendor and customized database auditing and analysis packages. Develop pattern recognition triggers for Anti-Money laundering systems. Working closely with Corporate Security to ensure that application and database server procedures and controls support all government regulations and corporate policies. Designing and implementing least-privilege database administration model and application development templates. Providing support and guidance for the modeling, development and testing of enterprise applications to ensure that applications are secure, highly available and fully meet the needs of our end user communities. Develop ITS Enterprise Database installation, configuration, monitoring and security standards and procedures. Train other Database Administrators in security best practices, change control, monitoring, account management and role-based user administration. Create and configure security templates for Oracle Enterprise Manager. Act as bureau security liaison and represented database security at conferences and meetings. Develop and implement database security policies and procedures. Create comprehensive and cross-referenced database security benchmark utilizing the CIS Oracle Security Ben",0.91,Positive Match,Strong Match
PAIR-00113,Senior Enterprise Sales Representative,SALES,"We are hiring a Senior Enterprise Sales Representative to manage full sales cycles, conduct product demonstrations, and exceed quarterly quotas. Responsibilities include prospect qualification, objection handling, commercial contract closing, and pipeline tracking in Salesforce. Requirements: Proven enterprise quota attainment, CRM mastery, presentation skills, and strong customer relationship building.",29805310,"SALES CLERK Summary Conscientious, enthusiastic and outgoing Retail Sales Associate with more than 2 years in the retail industry. Areas of expertise include sales, building positive customer relations with new and existing customers, and inventory management. Reliable team player and strong communicator. Experience Company Name City , State Sales Clerk 10/2013 to Current Operated a cash register for cash, check, and credit card transactions with 99 % accuracy. Stocked and replenished merchandise according to store merchandising layouts. Priced merchandise, stocked shelves and took inventory of supplies. Cleaned and organized the store, including the checkout desk and displays. Alerted customers to upcoming sales events and promotions. Identified potential shoplifters and alerted management. Trained 2 new sales associates. Completed point of sale opening and closing procedures, including counting the contents of the cash register. Opened and closed the store. Handled customer relations issues in a gracious manner and in accordance with company policies. Welcomed customers into the store and helped them locate items. Shared best practices for sales and customer service with other team members to help improve the store's efficiency. Used time efficiently when not serving customers. Resolved customer complaints in a professional manner while prioritizing customer satisfaction. Verified that customers received receipts for their purchases. Designed and presented visually appealing displays. Mentored new sales associates to contribute to the store's positive culture. Cultivated a customer-focused shopping environment by greeting and responding to customers in a friendly manner. Actively pursued personal learning and development opportunities related to running a small business. Communicated clear expectations and goals to each team member. Assisted owner by strategically scheduling team members to maintain optimal staffing levels at all times. Supervised and directed merchandise and shipment processing. Interacted and communicated with vendors and suppliers to resolve inventory, shipping, and product issues and concerns. Answered customer telephone calls promptly and in an appropriate manner. Determined customer needs by asking relevant questions and listening actively to the responses. Preserved a perfect attendance record for 18 months. Company Name City , State Service Deli Clerk 08/2011 to 04/2014 Operated a cash register for cash and credit card transactio",0.85,Positive Match,Good Match
PAIR-00185,Senior Corporate Accountant & Auditor,ACCOUNTANT,"Looking for a Senior Accountant to oversee general ledger reconciliations, tax compliance, payroll auditing, and financial reporting. Responsibilities include month-end closing, balance sheet reconciliation, internal audit preparation, and regulatory filing. Qualifications: CPA or accounting degree, ERP experience (NetSuite, SAP), GAAP standards, and internal control compliance.",29999135,"STAFF ACCOUNTANT TAM BUI Professional Summary To pursue a challenging and reward career, which will allow me to utilize my background in accounting and business environment Ability to multi-task in a high paced deadline driven environment *Excellent in Microsoft Word, Microsoft Excel, and Microsoft Outlook *Experience in DBA accounting software as well as other accounting software such as Imaginary or EVO software To pursue a challenging and reward career, which will allow me to utilize my background in accounting and business environment Ability to multi-task in a high paced deadline driven environment Excellent in Microsoft Word, Microsoft Excel, and Microsoft Outlook Skilled accountant with experience in the manufacture industry. Familiar with many accounting software such as DBA, Imaginary, Mainframe (AS400). Areas of expertise include AR, AP, accounts reconciliations, GL accounts, accrual accounts, month end closing procedures. To pursue a challenging and reward career, which will allow me to utilize my background in accounting and business environment Ability to multi-task in a high paced deadline driven environment Excellent in Microsoft Word, Microsoft Excel, and Microsoft Outlook Skilled accountant with experience in the manufacture industry. Familiar with many accounting software such as DBA, Imaginary, Mainframe (AS400). Areas of expertise include AR, AP, accounts reconciliations, GL accounts, accrual accounts, month end closing procedures. Skills Self-motivated Budgeting and finance Strong verbal communication Conflict resolution Powerful negotiator Extremely organized Self-motivated Budgeting and finance Strong verbal communication Conflict resolution Powerful negotiator Extremely organized Self-motivated Budgeting and finance Strong verbal communication Conflict resolution Powerful negotiator Extremely organized Work History Staff Accountant Jan 2005 - Current Company Name City , State Maintain general ledger to include the preparation of journal entries, coding of invoices, accounts analysis and reconciliation, closing books monthly, balance sheet and income statement reconciliations Resposible of the AR and AP processes and the timely collection of receivables and resolution of issues/discrepancies File 1096 and 1099's forms and reports with government agencies annually Perform general accounting and other related duties in the daily administration of Accounting department Perform bank reconciliation monthly, verify all deposits, and addres",0.9,Positive Match,Strong Match
PAIR-00043,Senior Systems / DevOps Engineer,ENGINEERING,"Looking for a Senior Systems & DevOps Engineer to automate build infrastructure, manage Linux server fleets, and ensure high availability across multi-region environments. Responsibilities include writing Terraform infrastructure as code, configuring CI/CD pipelines, monitoring system metrics with Prometheus and Grafana, and diagnosing system bottlenecks. Requirements: Linux administration, Docker, Kubernetes, Terraform, Bash/Python scripting, and networking fundamentals.",24322804,"ENGINEERING BUSINESS UNIT LEADER Summary I am seeking a position within a Maintenance/Engineering department. I have completed a Bachelor of Science degree in Engineering Technology with a concentration in Computer Engineering and a minor in Computer Science from Middle Tennessee State University. I feel that I am a great candidate to be employed in technical role due my education and experience with ArcelorMittal and PepsiCo. Course work for my degree included instrumentation controls and engineering economy, which is beneficial for technical manufacturing positions overseeing capital spend. Instrumentation controls class work show the design of electrical, hydraulic and pneumatic systems and other associated equipment that work in relation to one another. Engineering Economy provided me with the concepts of OEE, supply chain, and project cost effectiveness. I was able to use my education and gain experience with ArcelorMittal as an Operations Technician. As an Operations Technician, I was responsible for the OEE of automated weld cells. To ensure productivity, I reviewed faults in PLC programming, Fanuc Robot programming, or mechanically which required my problem solving abilities. I was required to understand CAD drawings and wiring schematics to troubleshoot and install components on the line, in which one has to have great analytical skills to accomplish. In my most recent experience with Frito Lay, I have gained experience through the Project Engineer & Maintenance/Engineering Business Unit Leader positions. The Project Engineer role required me to have excellent verbal and written communication skills. While holding this position I worked extensively with all departments within the facility on their requests to improve safety, quality & efficiencies. I was the technical point of contact between Frito Lay department leaders & vendors/ integrators. This role required my organization and planning skills to be at the highest level for projects to be implemented with minimum distribution to the supply chain. I currently hold the position of Maintenance/Engineering Business Unit Leader. This role includes maintaining & improving line OEE and doing so within the limitation of a parts, labor and capital budget. My team and I review daily reports by production supervisors to solve issues ranging from an immediate daily fix or prepping the work for the next preventive maintenance schedule. I am responsible for developing the skills of 34 mechanics, two admins",0.94,Positive Match,Strong Match
PAIR-00160,Corporate Financial Analyst & Portfolio Specialist,FINANCE,"Seeking a Financial Analyst to perform financial modeling, variance forecasting, corporate valuation, and investment analysis. Key responsibilities: preparing quarterly financial statements, conducting discounted cash flow (DCF) modeling, budget reconciliations, and executive risk briefings. Requirements: Advanced Excel, financial modeling, GAAP compliance, SQL, and analytical problem solving.",76454959,"FINANCE DIRECTOR Executive Profile Dedicated and accomplished Finance Professional with extensive experience in FINANCIAL MANAGEMENT & BUDGETING seeks a management position where I can further enhance the achievement of an organization's objectives and targets. Experience in diverse industries includes financial services, retail, distribution, FORTUNE 500 and BIG 4 companies. Skill Highlights Microsoft Office software (Excel, Word, PowerPoint and Access). Experience with accounting and financial reporting systems including Oracle, JD Edwards and Hyperion. Professional Experience Finance Director , 01/2013 Current Company Name City , State Reports directly to the Vice President of Finance and supports the CFO organization with financial and strategic insight. Partners with and supports the SVP of Product & Marketing in the implementation of new product initiatives to the marketplace. Finance representative within the Executive Business Review Committee who provides value-added insight to senior management through financial modeling and analysis. Finance point person that collaborates with and supports the SVP of Sales and his team. Led the design and implementation of a more comprehensive incentive compensation plan that improved sales compensation effectiveness and minimized potential liability exposure to the company. Updates, analyzes and distributes key monthly financial metrics and reporting to business partners. Assists in the development of the annual budget and forecast process. Completes ad-hoc analytic requests as designated by the CFO and the VP of Finance to support senior management decision making. Develops, mentors and trains the Financial Analyst within the team. Finance Manager , 01/2008 12/2012 Company Name City , State Concord & Paypoint) Prepared and managed the annual budget, forecast and strategic long term plan process for the Concord & Paypoint divisions with revenue of $225M. Administered and managed the National Sales compensation plans in a timely and efficient manner in order to accurately pay commissions totaling $4M annually. National Sales representative on the PASO (Product Reporting & Sales Compensation Overhaul) project whose goal was to automate First Data's commission system. Reported to and supported the Vice President of Finance with financial direction. Developed and distributed monthly, quarterly and annual financial reporting to senior management. Responsible for all aspects of the month-end and year-end financial cl",0.89,Positive Match,Strong Match
PAIR-00221,Senior UI/UX & Product Designer,DESIGNER,"We are hiring a Senior UI/UX Designer to craft intuitive user experiences, responsive layouts, and interactive design systems for web and mobile platforms. Responsibilities: user journey mapping, high-fidelity wireframing in Figma, design system maintenance, usability testing, and cross-functional handoff to frontend engineers. Requirements: Figma mastery, design thinking, prototyping, and typography.",14528265,"PROJECT MANAGER/CAD DESIGNER Experience 05/2015 to Current Project Manager/CAD Designer Company Name Oversee and manage all commercial and residential iron railing, security door, gate, and window well cover projects. Interact with customers (templating, timeframes, provide design ideas and solutions, etc.). Coordinate installs with in-house installers as well as other contractors. Draft custom hand rails, stair rails, gates, doors along with any other miscellaneous projects using Sketchup Pro. Provide the shop with detailed blueprints, cut lists, and install sheets Answer fabrication questions. 06/2014 to 05/2015 Welder/Fabricator Company Name Make templates for custom handrails. Fabrication and installation of commercial and residential stair railings, deck railings and balusters. On-site welding and fabrication. 05/2012 to 09/2012 Strip vehicles Company Name Strip upholstery (seats, floors, convertible tops, and headliners). Repaired seat foam, chrome, and leather Address Pro, Shipping Company. 01/2010 to 10/2014 Miscellaneous inserting, packaging, and hand work. Education 2014 Grandview High School City , State May 2015 Pickens Technical College City , State Certifications Safety in welding *Oxy-acetylene welding and cutting *Plasma torch cutting *Blueprint and welding symbol reading *Positions 1-4 GMAW, FCAW, SMAW with and without backing *Knowledge of destructive and non-destructive testing *Entry level Aluminum GTAW and carbon GTAW *2014 and 2015 SKILLS USA competition *Basic/SMAW/Semi-Automatic Welding Certificate *Basic/SMAW/Semi-Automatic/AWS Entry Level Welder Certificate *Basic/Entry/Advanced Welder Certificate *Advanced Welder Certificate *AWS Entry-Level Welder Certificate *SMAW Structural Welding Certificate *Semi-Automatic Welding Certificate Interests Mechanical Engineering and Design *3D Printing and all Computer-aided manufacturing processes Skills 3D, Basic, Blueprint, blueprints, designing, doors, Layout, window, Multi-tasking, packaging, quick learner, reading, Safety, Shipping, tops, Welder, Welding Additional Information Achievements *Placed 3rd in 2014 and 2015 SKILLS USA State Welding Competition *Maintained 3.6 GPA at Grandview High School *Honors and AP Classes Volunteer Experience *Food Bank of the Rockies Interests / Activities *Mechanical Engineering and Design *3D Printing and all Computer-aided manufacturing processes",0.94,Positive Match,Strong Match
PAIR-00178,Senior Corporate Accountant & Auditor,ACCOUNTANT,"Looking for a Senior Accountant to oversee general ledger reconciliations, tax compliance, payroll auditing, and financial reporting. Responsibilities include month-end closing, balance sheet reconciliation, internal audit preparation, and regulatory filing. Qualifications: CPA or accounting degree, ERP experience (NetSuite, SAP), GAAP standards, and internal control compliance.",24703009,"STAFF ACCOUNTANT Virginia Francis Summary Capable Accountant successful at managing multiple projects and consistently meeting deadlines under pressure. Managed complex accounting functions and reconciled accounts involving multiple budgets and funding sources. Hands-on supervisory experience directing and training accounting and support staff. HR experience. Supervisor's Endorsement: Virginia is a talented individual who possesses a strong work ethic and produces an inordinate amount of quality work. Her ability to work independently, with minimal supervision, is one of her strongest attributes. She is a strong team player. Craig C., Division Director, 2009 Highlights Account reconciliation expert Adobe software proficiency MAS 90 & Sage Software Complex problem solving Effective time management Advanced computer proficiency Flexible team player General ledger accounting Strong organizational skills Expert in customer relations Experience Staff Accountant September 2010 to Current Company Name City , State Cypress Healthcare Partners is a management company for doctor offices. I currently complete the monthly financials for seven different medical groups. These medical groups range from two to fifteen doctors. One of the medical offices has eleven clinics and consists of two corporations that are consolidated into one financial package. I reconcile all the bank statements for these groups which include ZBA accounts. I'm very detailed in processing the financials for these groups. I record all the general entries, payroll entries, transaction entries, month end and year end entries, reconcile the balance sheet and income statement accounts, and record the fixed assets and depreciation. I review the financials for completeness, trends, and discrepancies. Some of the companies are accrual bases and some are cash. I maintain the daily cash reports and cash flow spreadsheets. I review accounts payable and when needed process. I process accounts receivables. I tabulate and send invoices to the hospital and college for services. I review contracts and make sure the accounting portion is kept in compliance. Coordinated fixed asset additions and retirements. Prepare personal property and use tax filings. Work with the Accounting Manager to collect and tabulate data for the annual audit. I reconcile medical, dental, & COBRA with the monthly statements and the general ledger. I review documentation for correctness and completeness. I run monthly reports and verify d",0.84,Positive Match,Good Match
PAIR-00236,Senior UI/UX & Product Designer,DESIGNER,"We are hiring a Senior UI/UX Designer to craft intuitive user experiences, responsive layouts, and interactive design systems for web and mobile platforms. Responsibilities: user journey mapping, high-fidelity wireframing in Figma, design system maintenance, usability testing, and cross-functional handoff to frontend engineers. Requirements: Figma mastery, design thinking, prototyping, and typography.",28974459,"PATIENT ADVOCATE Career Overview Skilled medical assistant with the sound knowledge of technical support, medical duties and clerical skills. Excellent communication skills along with very solid customer service knowledge. Core Strengths Active listening skills Energetic work attitude Strong organizational skills Healthcare billing proficiency Clinical training Medical Assisting specialist Computerized charting specialist CPR/BLS certified Medical coding capability Talent in obtaining/charting vital signs Patient positioning understanding Qualified in specimen collection/processing Microsoft Office Spreadsheet development Insurance processing Patient charting Health insurance processing Insurance eligibility verification Medical billing High customer service standards Conflict resolution proficiency Proficient with Microsoft Office Suite Microsoft Word, Excel, PowerPoint Detail oriented Planning/coordinating Excellent quantitative skills Accomplishments Honor Roll recipient OSHA Compliance Properly disposed of daily biohazard waste in compliance with federal and local regulations. Customer Interface Greeted customers upon entrance and handled all cash and credit transactions. Assisted customers over the phone regarding store operations, product, promotions and orders. Clinical Skills Monitored patient's respiration activity, blood pressure and blood glucose levels in response to medical administration. Work Experience Patient Advocate , 09/2014 Company Name City , State Screen patients to Determine Eligibility Screen patients in Emergency room, throughout the hospital, and as walk-ins Help patients apply for Medicaid Coverage Send application and supported documents to Medicaid office Follow up with patients and Medicaid office Verify Insurance using Health XNet Certify accounts in Medicaid portal so client could bill Insurance Code account accurately to continue following up Tech , 05/2014 to 08/2014 Company Name City , State Verified that information in the computer system was up-to-date and accurate. Developed patient care plans, including assessments, evaluations, and nursing diagnoses. Helped physicians examine and treat patients by assisting with instruments, injections and suture removal. Ensured HIPAA compliance. Maintained patient privacy and confidential patient information. Tested patients' blood glucose levels. Obtained vitals for a floor of 10 patients per shift. Support Center Rep , 03/2012 to 12/2013 Company Name City , State Responsible for",0.18,Hard Negative,Low Match
PAIR-00265,Senior Talent Acquisition & People Operations Manager,HR,"Seeking a Human Resources Manager to lead end-to-end recruitment, employee onboarding, compensation benchmarking, and organizational culture initiatives. Responsibilities include sourcing candidate pipelines, managing ATS workflows, facilitating performance reviews, and ensuring labor law compliance. Requirements: Full-lifecycle recruiting, ATS proficiency, employee relations, and HR strategy.",33424600,"BUSINESS DEVELOPMENT SPECIALIST/BRANCH MANAGER Summary Well-qualified and results-oriented manager with 10 years of experience in positions of increasing responsibility and duties. Top-performer with a track record of consistently meeting or exceeding organizational and customer expectations. Skilled at inspiring and motivating staff to better themselves and others around them. Proven team leader with experience in performance management, HRIS, training and development, and candidate recruitment. Highlights Team leadership Work force management Operations management Employee engagement Procedure development Training and development Experience Business Development Specialist/Branch Manager Apr 2015 to Dec 2015 Company Name City , State Ensured the branches located in the assigned market area were properly staffed to meet the needs of the customers. Developed necessary procedures and processes to ensure staff operations were efficient and compliant with regulations and internal policies. Trained staff regarding new and updated policies, procedures and systems. Served as a Mortgagebot administrator and trainer for loan staff. Submitted loan and mortgage applications, reviewed credit and income to determine recommendation to assigned underwriter. Reviewed submitted loan and mortgage applications, income documentation, and creditworthiness in order to underwrite applications as appropriate. Cross sold products and services to customers as appropriate. Ensured all staff members were adequately trained both with respect to product knowledge, operational procedures, and selling techniques. Conducted sales training and staff development. Ensured that all reports and necessary information were completed in a timely manner. Conducted regularly scheduled sales, product, and customer service meetings. Maintained branch staff compliance with federal regulations including, but not limited to, Bank Secrecy Act, Anti-Money Laundering, USA Patriot Act, Regulation CC, Regulation D, Regulation E, and the credit union's information security program. Called on present and prospective customers and businesses within the office's market area. Actively participated in the community in a manner that reflected favorably on Members Choice Financial Credit Union. Directly supervised assigned personnel as follows: Reviewed candidate applications and resumes. Interviewed candidates for open positions. Selected new personnel as appropriate. Made provisions for the proper orientation and ",0.69,Partial Match,Moderate Match
PAIR-00228,Senior UI/UX & Product Designer,DESIGNER,"We are hiring a Senior UI/UX Designer to craft intuitive user experiences, responsive layouts, and interactive design systems for web and mobile platforms. Responsibilities: user journey mapping, high-fidelity wireframing in Figma, design system maintenance, usability testing, and cross-functional handoff to frontend engineers. Requirements: Figma mastery, design thinking, prototyping, and typography.",18795567,"SENIOR INDUSTRIAL DESIGNER Professional Summary I am pleased to submit my resume for Product Designer with Skip Hop Inc. Given my background in Industrial Design and additional experience in consulting, I feel I am in a great position to make as significant contributions to Skip Hop Inc. Throughout my entire career, I have demonstrated consistent success applying aptitudes as a leader and pioneer to achieve high-reaching standards and goals. Please consider the following highlights from my resume: 20+ years working providing industrial design guidance in new product development projects for high-profile clientele. Possesses an extensive repertoire of problem solving skills, technical tools, and software. Proven commitment to continuous professional development as demonstrated through having achieved a post-graduate degree and a professional certification. Attached: Resume Jordan C. Wu, MID Senior-Level Industrial Designer & Consultant A top-performing Senior-Level Industrial Designer and Consultant credited with devising dynamic product designs for high profile corporations from ground up. Possesses an extensive repertoire of technical tools, and software, and research skills to facilitate successful design engagements for major consumer brand names. Highly adept in fostering and cultivating impactful business relationships with an innate ability to propose innovative, value-added solutions to clients. Multilingual and highly adept in fast-pace, results-oriented environment. Core Qualifications Industrial Design Strategic Planning & Analysis Front-end UX Research Design for Manufacturing DFM 3D Design, Modeling & CAD Graphic & Web Design 3D Printing Project Management New Product Development Collaboration Product Design Problem Resolving skills Solidworks, Rhino 3D, Abode Creative Suite - Illustrator, Photoshop, Geomagic Freeform Plus, Microsoft Office Suites - Word, Power Point and Excel, HTML, CSS, and Wordpress. Experience Senior Industrial Designer Jan 1998 to Current Company Name - City , State Led conception, form/function/fit design, DFM ( e.g. for injection molding) and engineering endeavors for products, such as consumer products, packaging design, iPhone cases/accessories, electronic handheld devices, Internet-of-Thing (IoT). Collaborated with production engineers in the U.S., China, and Korea. Clientele includes Johnson & Johnson, Unilever, L'Oreal, Clinique, Avon, and L Brands. Played an integral role in the successful launches of Victoria's Se",0.97,Positive Match,Strong Match
PAIR-00300,Digital Marketing & Content Strategy Lead,DIGITAL-MEDIA,"Seeking a Digital Marketing Lead to oversee omnichannel growth campaigns, SEO/SEM performance, brand content creation, and analytics tracking. Responsibilities: managing Google Ads / Meta ad spend, conversion rate optimization (CRO), social media strategy, and ROI performance reporting. Requirements: Google Analytics, SEO tools, paid advertising, and copywriting.",22567495,"INSTRUCTIONAL DESIGNER Summary Motivating and talented Instructional Designer driven to inspire students to pursue academic and personal excellence. Strives to create a challenging and engaging learning environment in which students become life-long learners. Highlights Effective use of multi-media teaching tools Exceptional written and verbal communicator Online course instructor Innovative teaching methods Accomplished academic advisor Innovative thinker Natural leader Experience Company Name August 2012 to Current Instructional Designer City , State Collaborate one on one with subject matter experts during new online course development and design. Appraise course creation quality by identifying and providing for developmental needs and take corrective action when necessary. Apply the appropriate learning theory, instructional theory, and applications of media to online instruction. Plan, design, and develop effective instructional materials that are functional, intuitive, informative, and consistent with sound instructional design principles for online learning. Plan and develop faculty workshops and trainings in areas of instructional design and in the use of specific instructional technology tools, to assist faculty with learning about educational technology and online instructional methods. Remain current with and have a thorough understanding of the emerging applications of instructional multimedia, instructional technology and trends in online education, and implement improvements. Research, evaluate and recommend appropriate hardware and software to achieve academic objectives. Peer Reviewer certified for Quality Matters and and Adjunct Instructor, teaching Introduction to Online Learning and College Studies. Company Name July 2011 to August 2012 Internet Support Specialist City , State Answered basic and complex computer questions related to the college's learning management system - Blackboard, for faculty in-person or via e-mail or telephone; facilitated ""start-up"" for internet courses for faculty and students; handled initial contact with internet students; taught login procedures and other start-up skills to students for learning effectively online; provided all faculty training and support on Blackboard software, provided training and support for other instructional internet software, such as Smarthinking, Turnitin, and various audio and learning object software; prepared tutorials for faculty and students on common procedures that pertained",0.71,Partial Match,Moderate Match
PAIR-00153,Corporate Financial Analyst & Portfolio Specialist,FINANCE,"Seeking a Financial Analyst to perform financial modeling, variance forecasting, corporate valuation, and investment analysis. Key responsibilities: preparing quarterly financial statements, conducting discounted cash flow (DCF) modeling, budget reconciliations, and executive risk briefings. Requirements: Advanced Excel, financial modeling, GAAP compliance, SQL, and analytical problem solving.",12858898,"FINANCE MANAGER Summary Skilled Finance Leader experienced in budgeting, strategic planning, product analysis, cost allocation, sales plan design and adminstration. Highlights Strategic planning CPA (Inactive License) Significant Budget/forecasting experience with a focus on process improvement Experienced Essbase User Strong Excel Skills Accomplishments Developed product report and pricing framework driving decisions regarding minimum pricing and product margins Partnered with Human Resources and Business Leaders to redesign sales plans to reduce sales cost and improving alignment with sales activity Streamlined finance support with improved consistency and service levels while reducing staff Experience Finance Manager 10/2007 to Current Company Name City , State Manage forecasting, outlook, reporting and sales compensation process for Structured Product Services Group of Corporate Trust. Asset classes supported includes residential and commercial mortgage products as well as auto, student loans, life insurance and other asset classes Identify and support process improvements to streamline reporting, simplify and improve forecast models and enhance metrics for productivity to support strategic business decisions Develop pricing, cost and allocation models for existing products and new business opportunities providing financial data for strategic growth initiatives and pricing modifications Support business objectives related to expense reduction goals Manage team of 6-7 Consultants including staff that is located remotely with significant focus on skill development Finance Manager/Director 12/2005 to 10/2007 Company Name City , State Managed team responsible for the weekly 90 day cash forecasting process during time of significant market/liquidity stress. Responsibilities included setting calendar, producing executive and summary reports with commentary, actual to forecast variance and model maintenance Recommended adjustments to 90 day cash forecast along with risks and opportunities to cash needs Completed ad hoc reporting requests for Treasury and Senior Management Coordinated review of balance sheet forecast Finance Manager/Senior Analyst 04/2003 to 12/2005 Company Name City , State Completed monthly and quarterly forecasts and annual operating plan and reporting for the $45 billion residential mortgage financing portfolio Coordinated pre-close and close process for portfolio Developed portfolio and deal level yield analytics including net interest ma",0.94,Positive Match,Strong Match
PAIR-00273,Digital Marketing & Content Strategy Lead,DIGITAL-MEDIA,"Seeking a Digital Marketing Lead to oversee omnichannel growth campaigns, SEO/SEM performance, brand content creation, and analytics tracking. Responsibilities: managing Google Ads / Meta ad spend, conversion rate optimization (CRO), social media strategy, and ROI performance reporting. Requirements: Google Analytics, SEO tools, paid advertising, and copywriting.",14771530,"DIGITAL PRODUCER Summary Personable Project Manager successful at building strong professional relationships. Manages large and complex projects while maintaining high team morale and energy. Skilled mentor and mediator who excels at bringing out the best in team members. Highlights Budgeting and forecasting Process improvement Contract management Relationship building Microsoft Office Suite expert Project development and lifecycle Superb time management skills Detail-oriented Sound judgment Organized and efficient Proficient in Adobe Creative Suite Decisive problem solver Exceptional multi-tasker Deadline-driven Special events planning Experience 08/2015 to Current Digital Producer Company Name City , State Managed a project budget of $300,000. Drafted action plans and led meetings with internal teams and clients to review project status and proposed changes. Monitored team progress and enforced deadlines for up to four projects at once. Defined project deliverables and monitored status of tasks. 10/2014 to 08/2015 Producer Company Name City , State Managed all event logistics from conception to completion Ensured program objectives and strategies are met and all events are produced to the highest quality Maintained and expanded vendor relationships and negotiated contracts, pricing and services Collaborated with agency departments in all project stages to develop creative solutions to meet clients' needs Managed budgets with integrity and transparency at all times 02/2013 to 10/2014 Associate Producer Company Name City , State Managed and executed smaller scale events with 2-3 staff. Served as a liaison between vendors, staff and clients regarding event details. Provided production support on-site during events. Anticipated project needs to meet deadlines. 09/2011 to 02/2013 Production Coordinator Company Name City , State Researched and gathered information in planning phase for the execution of events. Coordinated and attended site visits. Tracked invoices and created check requests. 06/2011 to 09/2011 Production Intern Company Name City , State Education May 2011 Bachelor of Science : Business Administration and Computer Information Systems Lewis University City , State Business Administration and Computer Information Systems Skills Project Management Tools: Workamajig, Basecamp, DoneDone Desktop Publishing Software: Photoshop, Illustrator, HTML",0.96,Positive Match,Strong Match
PAIR-00258,Senior Talent Acquisition & People Operations Manager,HR,"Seeking a Human Resources Manager to lead end-to-end recruitment, employee onboarding, compensation benchmarking, and organizational culture initiatives. Responsibilities include sourcing candidate pipelines, managing ATS workflows, facilitating performance reviews, and ensuring labor law compliance. Requirements: Full-lifecycle recruiting, ATS proficiency, employee relations, and HR strategy.",17812897,"HR MANAGER Skill Highlights HR SKILLS HR Department Startup Three New Organization Startups Employment Law FMLA/ADA/EEO/WC Mediation & Advocacy HR Policies & Procedures *Staff Recruitment & Retention Salary Negotiations Employee Relations Benefits Administration Unemployment Administration Worker's Compensation Administration Orientation & On-Boarding HRIS Technologies Training & Development Performance Management Organizational Development HR Program/Project Management HRIS applications (Lawson, Paychex, Kronos, ADP) MS Office (Word, Excel, PowerPoint, Publisher, Access, Visio, Outlook) Professional Experience HR Manager Jan 2015 to Current Company Name City , State Manage the Human Resource function for e-Cycle's corporate office as well as their fulfillment and data center, consisting of benefits and compensation administration, payroll, employee relations, policy compliance, and recruitment. Key Results: Foster an associate-oriented culture that emphasizes continuous improvement, team- work, high performance and quality. Ensure organizational conformation with applicable HR related regulations and statutes as well as organizational procedures and policies. Implement HR programs and policies as needed by the organization. Identify, evaluate, and resolve human relations, employee morale, work performance, and organizational productivity concerns. Develop staffing strategies and implement programs and plans to identify and cultivate effective and appropriate sources for employees at all job levels. Create or assist in the creation of associate training and organizational development programs. Develop and manage the annual associate review process. Insure that regional staff is included in corporate activities and feel like they are a part of the team. Responsible for the human resource management system(s) and provide staff and management with essential reporting information in order to help them in managing their associate resources. Recruit and retain top quality associates for each department, this includes recruiting nationally and in some cases at an executive level. Create or assist in the creation of compensation plans. Employee benefit administration consisting of Health, Dental, Vision, VSTD, VLTD and 401(k). Successful in reducing the health benefit expected increase from 46% to 5% during my first month with the organization. Sr. HR Manager Jan 2013 to Jan 2015 Company Name City , State As a leader within the HR and Operations team, I was instru",0.9,Positive Match,Strong Match
PAIR-00233,Senior UI/UX & Product Designer,DESIGNER,"We are hiring a Senior UI/UX Designer to craft intuitive user experiences, responsive layouts, and interactive design systems for web and mobile platforms. Responsibilities: user journey mapping, high-fidelity wireframing in Figma, design system maintenance, usability testing, and cross-functional handoff to frontend engineers. Requirements: Figma mastery, design thinking, prototyping, and typography.",22488036,"MECHANICAL DESIGN ENGINEER INTERN Summary Over 2 years of combined professional and educational experience in 3D Modelling and Product Design 1 year of hands-on experience in FEA, Stress Analysis, Numerical Modelling and Static / Dynamic Analysis Certified in Product Design / Analysis, Engineering Mechanics and OCTG Researched in the fields of CFD and Design of Heat Transfer Mechanisms Internship experience as Maintenance Engineer Well rounded Professional with a passion to innovate and improve performance / quality Highlights 3D Modelling, Product Design, Statistical Analysis, Design of Experiments Stress analysis, Structural analysis - Trusses, Frames, Finite element analysis (FEA), Heat Transfer, API, DNV, ASME, Machining, Manufacturing Software Skills Hands-on Experience: AutoCAD, AutoDesk Inventor, Pro Engineer, Creo, MicroStation, SolidWorks, Catia V5, Matlab, Ansys, Pipesim, Orcaflex, Comsol, Pipesim, Microsoft Office - Excel, Access, Outlook, PowerPoint, Visio, Microsoft Project Working Knowledge: OLGA, PTC Windchill Quality Solutions, PLM, Simulink, MathCAD, PLC Programming, LabVIEW, PeopleSoft, SAP, SQL, C, Python, LINUX Operating System: Windows XP, Windows 7, Windows 8, Mac OS, Chrome OS, Android, iOS, BIOS Accomplishments Enhancement of condensation in a Heat Exchanger prototype. Project Scope - Designed and Fabricated a Shell & Tube Heat Exchanger - ProEngineer Pipeline Simulation, Design and Optimization of field production using Flow Assurance strategies - Pipesim* FEED and Stress Analysis of Subsea pipeline system- WG Kenny Project * CFD Analysis of flow inside and over pipelines to improve offshore drilling mechanisms - Ansys Fluent Design, CFD Analysis and Optimization of a Computer Heat Sink to maximize Heat Transfer Rate - COMSOL * Design and Analysis of a Press Tool Prototype - ProEngineer and Ansys Mechanical Chassis and Exterior Designer of National Go Kart Championship 2013, India - Catia V5, Pro/E and Ansys Key Competencies AutoCAD, ProE and SolidWorks - 5 years ANSYS - 2 years Finite Element Analysis - 2 years Product Design and Analysis - 1 year. Experience September 2014 to August 2015 Company Name City , State Mechanical Design Engineer Intern Subsea Pipeline 'S lay' installation analysis using DNV OS F101 Drilling Riser Design for High current environment. Experience in Recoil, Hang off and Drift off analysis Steady State Multiphase Flow Simulation of pipelines using Pipesim considering Flow Assurance Strategies Designed 3D m",0.25,Hard Negative,Low Match
PAIR-00087,Enterprise Business Development Manager,BUSINESS-DEVELOPMENT,"Seeking an experienced Business Development Manager to identify new market opportunities, negotiate high-value corporate partnerships, and drive revenue growth. Responsibilities: B2B pipeline development, enterprise client pitching, contract negotiation, competitive analysis, and strategic relationship management. Requirements: 4+ years B2B sales/development experience, CRM proficiency, and executive communication skills.",20357858,"FOUNDER, BUSINESS DEVELOPMENT DIRECTOR Skills Salesforce PowerPoint Cloud Document Word Publisher Management Excel Google Drive Access Outlook Experience FOUNDER, BUSINESS DEVELOPMENT DIRECTOR 01/2010 to Current Company Name City , State Independent sales agent providing clients, principals, and prospects marketing support, business insight, and sales strategy to supplement the specialty and unique-to-market product line I represent. Key BJS Sales Generated Highlights: GEM SOLUTION - CLOUD-BASED SUITE OF SUPPORT TOOLS FOR PRIVATE CLUB GOLF AND RETAIL OPERATIONS. Increased GEMS account list from 10 to 63 clients, 530% increase, including many Platinum Clubs of America through cold-calling, email marketing, networking, needs analysis, face-to-face and virtual presentations, social media, and client referrals. Enabled GEMS to acquire the Golf Business Network in 2014 by accelerating revenue growth and industry awareness. GOLF BUSINESS NETWORK - MEMBERSHIP ORGANIZATION OF PRIVATE CLUB PGA PROFESSIONALS. Advised new ownership team in establishing the organizational roadmap, brand identity, and benefits strategy for GBN membership retention and growth. Designed the GBN PartnerPlus vendor marketing program for companies to engage the industry's leading club professionals. One-of-a-kind marketing portfolio includes hyper-targeted ROI measurable communication, webinars, on-site events, networking, exclusive GBN web content, custom surveying, and consulting. Spearheaded the PartnerPlus business development plan and sales execution. Project required researching market potential, compiling GBN membership data and industry statistics, cold-calling, pipeline management, personalized and content marketing, defining pricing and negotiation strategies. Generated $76K in incremental revenue within 12 months of initial launch. L.E.N. LUXURY LIFESTYLE APPAREL AND ACCESSORIES FOR THE PRIVATE CLUB RETAIL CHANNEL. Procured 22 new L.E.N. golf shop retail partners totaling $150K+ in sales. Created sales promotions and marketing materials for L.E.N. and retailers, managed store inventory and merchandising displays, club event participation, and created training program for frontline staff. TALGRACE MARKETING - DIGITAL MARKETING AGENCY. Introduced mobile technology and its practical applications to private club stakeholders as an emerging communication platform to increase member engagement and revenues. Prosecuted to close new clients Butterfield Country Club, Glen Oak Country Club",0.98,Positive Match,Strong Match
PAIR-00170,Corporate Financial Analyst & Portfolio Specialist,FINANCE,"Seeking a Financial Analyst to perform financial modeling, variance forecasting, corporate valuation, and investment analysis. Key responsibilities: preparing quarterly financial statements, conducting discounted cash flow (DCF) modeling, budget reconciliations, and executive risk briefings. Requirements: Advanced Excel, financial modeling, GAAP compliance, SQL, and analytical problem solving.",13115648,"ADMISSIONS EXECUTIVE Professional Summary Highly motivated, creative professional with strong leadership and relationship-building skills. Experienced in applying principles of sociology to personnel handling, administration, education, management and marketing problems. Core Qualifications Microsoft Office Training and development Marketing and sales specialist Group behavior and dynamics Charismatic public speaker Community resources specialist Motivated team player Natural leader Organized and efficient Experience Admissions Executive August 2015 to Current Company Name - City , State Evaluated program performance against expectations. Maintained compliance with company and legal requirements. Reviewed program needs and recruited qualified staff. Inspired students to translate their academic interests into the real world by taking positive actions. Counseled undergraduates in regard to educational and professional goals. Communicated with the registrar's office to review and process requests for requirements waivers. Organized recruitment and admission events for prospective students. Served as an Academic Adviser for undergraduate students each year. Worked with upper management to ensure appropriate changes were made to improve customer satisfaction. Trained staff on how to improve customer interactions. Customer Service Specialist December 2004 to August 2015 Company Name - City , State Developed, implemented and monitored programs to maximize customer satisfaction. Resolved customer questions, issues and complaints.. Conducted weekly, monthly, and quarterly team meetings discussing company goals, productivity, and team building. Developed rapport with the customer base by handling difficult issues with professionalism. Addressed committee meetings and brought procedural ideas to steering committees promoting nutrition, physical and mental assessment programs Provided Behavioral Based Safety and Education by promoting training and certification for all employees. Generated and distributed daily reports and order acknowledgments to appropriate personnel. Organized placement tests for applicants. Entered data into Excel spreadsheets tracking individual health assessments for any discrepancies. Community Outreach Coordinator Intern January 2015 to April 2015 Company Name - City , State Responsible for the coordination of community events to individuals and families promoting healthy environments and lifestyle changes to enhance emotional, physical, and ",0.23,Hard Negative,Low Match
PAIR-00010,Senior Software / IT Systems Engineer,INFORMATION-TECHNOLOGY,"We are seeking a Senior Software & IT Systems Engineer to design, deploy, and scale high-performance software applications and cloud infrastructure. Responsibilities include building RESTful APIs, optimizing relational and NoSQL databases, containerizing microservices with Docker and Kubernetes, and troubleshooting distributed networks. Required skills: Python, Java, JavaScript/TypeScript, SQL, Linux, Cloud (AWS or Azure), Git, and CI/CD automation.",27295996,"IT DIRECTOR Accomplishments CXA- 206-1 | Citrix XenApp 6.5 Basic Administration; IT Security Essentials; Spiceworks 101: Foundations & Lab Introduction to SQL Military UA Army, Ukraine Senior Sergeant. Experience IT Director August 2015 to Current Company Name City , State Formulate and deploy long-term strategic plans for acquiring and enabling efficient and cost effective information processing and communication technologies. Manage IT department operational and strategic planning, including business requirements, project planning, and organizing and negotiating the allocation of resources Operational Management Where necessary, reengineer applications support to ensure it aligns with business processes, tactical planning, and strategic vision. Define and communicate project milestones, service level agreements, and resource allocation to executive team, department leads, support staff, and end users. Develop and review budgets for and from IT department divisions and ensure they comply with stated goals, guidelines, and objectives. Review performance of IT systems to determine operating costs, productivity levels, and upgrade requirements. Benchmark, analyze report on, and make recommendations for the improvement of the IT infrastructure and IT systems. Develop bid requirements for all hardware and software upgrades, reviews submitted bids for compliance with stated requirements, and makes the appropriate award. Authorize and oversee the deployment, monitoring, maintenance, development, and support of all hardware and software based on department needs. Develop business case justifications and cost/benefit analyses for IT spending and initiatives. Direct research on potential technology solutions and implementations in support of new initiatives, opportunities, and procurement efforts. Oversee provision of end user services, including help desk and technical support services. Develop and implement all IT policies and procedures, including those for architecture, security, disaster recovery, standards, purchasing, and service provision. Oversee negotiation and administration of vendor, outsourcer, and service agreements. Business Application Specialist August 2013 to August 2015 Company Name City , State Support major components of distributed business applications: Pivotal CRM, Sage MAS100/200, MoveTrack, EMC, Crystal Reporting, Scribe, Salesforce PaaS Improve standards and techniques used to provide security in client/server environment Diagram compone",0.89,Positive Match,Strong Match
PAIR-00246,Senior Talent Acquisition & People Operations Manager,HR,"Seeking a Human Resources Manager to lead end-to-end recruitment, employee onboarding, compensation benchmarking, and organizational culture initiatives. Responsibilities include sourcing candidate pipelines, managing ATS workflows, facilitating performance reviews, and ensuring labor law compliance. Requirements: Full-lifecycle recruiting, ATS proficiency, employee relations, and HR strategy.",28828844,"HR GENERALIST Professional Summary Dependable and responsible Human Resources Generalist with over fourteen years experience in a fast-paced environment. Solid team player with great positive attitude and exceptional people skills. Experience in many areas of HR including benefits, compensation, employee relations, recruiting, payroll and processing of new hires and terminations. Strong customer service and detail oriented. Core Qualifications Conflict resolution & creative problem solver Able to adapt and implement change Excellent communication skills Quick learner Strong Word, Excel, PowerPoint Training and development Accomplishments ADP, Benefits, coaching, excellent communication, conflict resolution, consultation, customer satisfaction, employee relations, interpretation of policies, leadership, Excel, PowerPoint, Word, Payroll, People Soft, performance reviews, performance management, personnel files, implementing policies & procedures,recruiting Experience 02/2013 to 06/2015 Hr Generalist Company Name City , State Process Improvement Implemented new Bio-metric clock and attendance policy for hourly employees Advised managers and implemented a discipline action policy Created and monitored new vacation calendar Coordinated employee engagement activities to create positive enviroment Protective Services Applied safety procedures and policies as outlined in Department Safety Manual Provided HR related support and advice to management and staff on a range of HR functions including talent acquisition and retention, employee relations, performance and compensation planning, learning & development, and effective leadership practices Managed employee relations investigations resulting from complaints and recommending resolutions Implemented and enforced human resources policies and procedures and ensure managers are consistent applying all policies and procedures Managed the merit increases and performance reviews and made recommendations Assisted benefits management including open enrollment training, conduct new hire orientations and assist employees with resolving issues Managed the Reduction in Force process including outplacement Managed recruiting process including prepare offer letters and all pre-employment background and drug tests Using ADP processed weekly payroll, review all time cards for accuracy and ran reports Worked closely the Payroll & Benefits teams to resolve and escalate any associate issues Processed all employee actions: new hires,",0.85,Positive Match,Good Match
PAIR-00249,Senior Talent Acquisition & People Operations Manager,HR,"Seeking a Human Resources Manager to lead end-to-end recruitment, employee onboarding, compensation benchmarking, and organizational culture initiatives. Responsibilities include sourcing candidate pipelines, managing ATS workflows, facilitating performance reviews, and ensuring labor law compliance. Requirements: Full-lifecycle recruiting, ATS proficiency, employee relations, and HR strategy.",18297650,"VOLUNTEER HR -IVOLUNTEER Summary Sponsorship not required to work in the US A successful Human Resources Professional, with a Masters qualification in Human Resources and experience in a challenging environment Key skill sets include Recruitment - Recruitment efforts, scheduling, posting positions, follow up and offer letters. Seasoned executive with 10 + years Staffing, Technology Recruiting and Staffing experience with a highly successful track record at big firms such as Nokia and also Small-Midsized & Start-up IT services firms. Extensive hands-on experience in recruiting IT talent in the US and India marketplace and driving talent acquisition with sourcing teams. Besides corporate sector, have also been engaged with Non-profit sector in the same role for a while. Key Strength/ Experience include: Extensive experience with high-volume recruiting responsibilities within start-ups and corporate environments. Partnering with hiring managers to understand the skills and background requirements for each opportunity and provide expert advice and coaching to hiring managers throughout the recruitment process. Conduct employment advertising campaigns and programs by developing and managing a network of recruitment and referral resources including but not limited to networking with schools, colleges, minority organizations, state employment services, other employers and professional associations. Participate in recruitment, interview and selection of candidates for all levels of position openings and promote a work environment that openly embraces individuals with diverse backgrounds and experiences. Source, screen, evaluate and select candidates through a structured recruitment process designed to obtain the best candidates. Inform applicants of job duties and responsibilities, compensation and benefits, work schedules and working conditions, company policies, promotional opportunities and other related information. Utilize knowledge of multiple recruiting sources such as Dice, Monster, Hot jobs, 3rd party vendors, Independent consultants and execute various recruiting strategies. Generate qualified candidates through cost-effective efforts (i.e., alternative sourcing). Utilize a resume database for sourcing and tracking of all candidates. Proficiency with employment interviewing techniques and applicant appraisal. Demonstrated oral presentation and written communication skills. Excellent relationship management skills to develop successful networks within sen",0.88,Positive Match,Strong Match
PAIR-00214,Senior UI/UX & Product Designer,DESIGNER,"We are hiring a Senior UI/UX Designer to craft intuitive user experiences, responsive layouts, and interactive design systems for web and mobile platforms. Responsibilities: user journey mapping, high-fidelity wireframing in Figma, design system maintenance, usability testing, and cross-functional handoff to frontend engineers. Requirements: Figma mastery, design thinking, prototyping, and typography.",51681660,"PRODUCTION DESIGNER Summary Specializing in Art Department I have had many different opportunities, as well as many different positions. I love working with a team and collaborating, though I can work alone and am happy to do what is asked. I am not concerned with receiving a position of power, I listen to instructions very intently. However if the situation called for it I can easily give instruction in a polite and respectful manner. I am also very skilled with almost all power tools, safety laws, and am a skilled teacher if the occasion calls for it. Though I enjoy the work in art department I am capable of filling any position if need be. I am very passionate about Film and the entertainment industry and will always be willing to help in any way I can. Highlights Work well with others and under pressure. Quick learner and yearns to excel. Keeps busy and takes initiative with things within my department. I am a great delegator when it comes to leading a team, however I am also very good at following instructions and the chain of command. Sketching and hand drafting. Proficient in MS Word & Powerpoint. Experienced in Photoshop, Aftereffects, Avid Media, and Google Sketchup. Accomplishments I have only been working in the industry for 3 years yet I already have 6 going on 7 projects listed on IMDB. I edited a screenplay, turned 50 pages of Dialogue into 127 pages of a well plotted Romance Comedy and full length feature. I have brought many people together and helped to create work opportunities for the people I believe in and that I know will do the job well. Experience Production Designer Jul 2014 to Aug 2014 Company Name City , State Referred outside hire on a short, 15 minute student film with The New York Film Academy. A drama about a man, his life, and the life he gave and provided for his three children, one of which is a young deaf boy who was living on the streets until the main character takes him in; in turn leading to family turmoil within his little family. Coordinated the art department needs based on scheduling, handled art department budget and set coordinator during the build. Director of Photography Sep 2013 to Sep 2013 Company Name City , State A one-day photo shoot for a Non Profit organization called The Bird Room. Found locations with natural lighting in Downtown Los Angeles for headshots, and artistic images for website, with dancers, actors, and our lovely group of donators. Set Decorator and Props assist ""Small Heist"" Mar 2013 to M",0.95,Positive Match,Strong Match
PAIR-00139,Corporate Financial Analyst & Portfolio Specialist,FINANCE,"Seeking a Financial Analyst to perform financial modeling, variance forecasting, corporate valuation, and investment analysis. Key responsibilities: preparing quarterly financial statements, conducting discounted cash flow (DCF) modeling, budget reconciliations, and executive risk briefings. Requirements: Advanced Excel, financial modeling, GAAP compliance, SQL, and analytical problem solving.",20880935,"SPECIAL FINANCE MANAGER Summary Seeking the position of Commercial Underwriter II where I may employ my expertise in Special Finance Management, Cost & Risk Analysis (LTV & DTI), Structured Negotiations, and Audit Controls. Providing the company with the highest level of strategic services and profitability. Highlights Strong management skills in strategic planning, organizational re-engineering, budget analysis, process, productivity, and quality improvement. Talented in leading and developing business opportunities and marketing strategies to maximize profitability. Accomplishments Phi Beta Kappa Honor Society Experience Company Name December 2011 to February 2014 Special Finance Manager City , State Managed and directed overall special finance administration and operation of automobile dealership. Achieved an average 202 sales per month (126 new cars) 57% rise in overall sales within the first 3 months. Re-engineered management methods which streamlined operations and increased sales. Conducted ongoing analyzes to evaluate the efficiency, quality and productivity of operations. Increased dealerships rating to #1 Dealer in the district and #1 in sales in the North East Texas Region; which significantly increased overall profitability for the company. Developed and implemented employee relations programs to increase morale, productivity and efficiency. Encouraged and supported a team-like work environment. After taking over special finance management position, increased the SSI (sales satisfaction index) from the mid 80's to 96%. Worked extensively with media personnel to coordinate advertising for print and radio. Developed, directed and monitored comprehensive communications and advertising programs through implementation of various media designed to achieve desired results. Organized, coordinated and implemented company's advertising and marketing strategies into everyday operations. Set up and arranged special activities and events to promote the company and its services. Managed and administered a $25,000 monthly advertising budget. Company Name July 2007 to December 2011 Dealer Relationships Manager (DRM) City , State July 2007 - December 2011 Marketing and sales of the companies underwriting guidelines and programs in specific markets of Chrysler Dodge Jeep RAM dealerships. Securing financial lending opportunities for Chrysler Financial Corporation in the areas of retail finance, wholesale/floor planning finance, and leasing. Managed dealer account",0.91,Positive Match,Strong Match
PAIR-00270,Senior Talent Acquisition & People Operations Manager,HR,"Seeking a Human Resources Manager to lead end-to-end recruitment, employee onboarding, compensation benchmarking, and organizational culture initiatives. Responsibilities include sourcing candidate pipelines, managing ATS workflows, facilitating performance reviews, and ensuring labor law compliance. Requirements: Full-lifecycle recruiting, ATS proficiency, employee relations, and HR strategy.",28092317,"EXECUTIVE CHEF Summary Motivated professional with exceptional skills as both chef and manager. Over ten years of experience in the restaurant industry. Exceptional leadership and interpersonal skills. Proven ability to succeed in a high-pressure, challenging environment while maintaining a calm demeanor. Expertise in a variety of different cuisines and cooking techniques. Highlights Food Safety and Sanitation Sous vide technique Staff Training and Development Menu Development Batch Cooking Ordering & Receiving Labor & Food Cost Control Experience 04/2014 to 08/2016 Executive Chef Company Name City , State Co-ordinated and executed meals for various corporate clients; from parties ranging from 20 to 500 guests. Implemented new cooking techniques and organizational protocols to lower food and labor cost. Managed daily kitchen operations; identified and provided solutions for any problem areas. Developed new menus in accordance with guests dietary needs and restrictions; vegan/vegetarian, gluten-free, etc. 06/2012 to 04/2014 Chef/General Manager Company Name City , State Developed food and beverage menu for a new fast-casual restaurant. Created standardized recipes to maintain quality control. Handled all hiring, training, scheduling and payroll. Provided courteous and informative customer service in an open kitchen format. 06/2009 to 06/2012 Chef de Cuisine Company Name City , State Worked with executive chef to develop and execute a daily-changing menu in a fine-dining establishment. Tasted and smelled all prepared dishes, and observed color, texture and garnishes. Initiated and maintained relationships with local farmers and ranchers to bring guests the highest quality ingredients while maintaining appropriate food and labor costs. Education 2003 Bachelor of Arts : International Development with a minor in Spanish and Anthropology University of Oregon City , State , United States Skills Commitment to Quality Well-tuned Palate Communication Fluent in Spanish Team Building Food Science Software: Shopkeep, Excel, Caterease",0.25,Hard Negative,Low Match
PAIR-00283,Digital Marketing & Content Strategy Lead,DIGITAL-MEDIA,"Seeking a Digital Marketing Lead to oversee omnichannel growth campaigns, SEO/SEM performance, brand content creation, and analytics tracking. Responsibilities: managing Google Ads / Meta ad spend, conversion rate optimization (CRO), social media strategy, and ROI performance reporting. Requirements: Google Analytics, SEO tools, paid advertising, and copywriting.",14945250,"DIGITAL MEDIA CONSULTANT Summary Dynamic and results-driven Outside Sales and Territory Manager with over 15 years of successful new business development, competitive market share expansion, and customer relationship development. Creative,goal oriented and motivated team leader who develops strong working relationships,adapts well to a changing environment and provides clear direction. Highlights Successful Sales & Revenue Generation Leadership & Team Building Experienced Account Management Effective Presentation Skills Operations Management Training/Instruction Client Relations/Customer Service Development Adapt at Creating & Executing Strategies Accomplishments 2004,05, President's Club award recipient. 2013 Top five Digital Solutions Media Consultant while working at the NY Daily News. Started a successful magazine publishing company in 2004 with distribution spanning as far as Japan. Generated $500,000 in advertising revenue. Experience Digital Media Consultant 11/2012 to 09/2014 Company Name City , State Achieved monthly sales goals through vigorous marketing and selling of the NY Daily News Digital Solution products to small to mid-sized businesses. Maintained a daily 20-25 face-to-face cold call regimen to setup appointments with perspective clients in the NYC, Northern NJ areas. Provided clients with multi-service solutions based on their insight and marketing needs. Presented and created custom presentations outlining details and benefits based each client's marketing needs and goals. Developed and implemented innovative marketing strategies to reach sales goals. Strong knowledge of the Internet as a sales & marketing tool and the use of social media. Successfully managed all campaign execution according to the client's program goals. Manage existing client relationships and while continuously looking for ways to grow revenue across team accounts. Drove weekly pipeline development through qualified daily meetings in the field with key clients and decision makers. Owner / Sales & Marketing Director 06/2003 to 07/2011 Company Name City , State Responsible for the overall profitability of A.N.S. Multi-Media, Inc. and setting the publication's overall direction (including editorial, marketing, circulation and advertising sales); determined the target market, and production modes. Planned, organized, directed and controlled the resources for producing the publication, including setting the budget, allocating and controlling costs. Successfully increase",0.85,Positive Match,Good Match
PAIR-00026,Senior Software / IT Systems Engineer,INFORMATION-TECHNOLOGY,"We are seeking a Senior Software & IT Systems Engineer to design, deploy, and scale high-performance software applications and cloud infrastructure. Responsibilities include building RESTful APIs, optimizing relational and NoSQL databases, containerizing microservices with Docker and Kubernetes, and troubleshooting distributed networks. Required skills: Python, Java, JavaScript/TypeScript, SQL, Linux, Cloud (AWS or Azure), Git, and CI/CD automation.",19553067,"PROJECT ADMINISTRATOR ENGINEERING Summary A consistent team leader with great analytic and interpersonal skills; highly focused in achieving and maintaining excellent customer relationships to assist you in achieving your organizational goals. I have over 10 years progressive experience in Accounting, Property Accounting and Project Administration and have deliver consistent contributions to increased productivity, decreased cost and produced strong revenue gains through teambuilding, self-motivation and development. Highlights Flexible team player Analytical reasoning Financial statement analysis Compliance testing knowledge Strength in regulatory reporting Budget forecasting expertise Account reconciliation expert Adobe software proficiency Complex problem solving Strong organizational skills Expert in customer relations General ledger accounting Flexible team player Advanced computer proficiency (PC and Mac) Flexible team player Flexible team player Flexible team player Flexible team player Expert in customer relations Advanced computer proficiency (PC and Mac) Experience Project Administrator Engineering Jan 2007 to Jan 2009 Company Name City , State Direct reporting responsibilities to the Executive Vice President Maintained general ledger, financial statements and other financial reports Analyzed and interpret monthly variances and trends between budgets and actual results in developing projections and forecast Prepared monthly billing base on contracts, project progress report and work-in-progress report Prepared and analyzed quarterly backlog report to forecast revenues and employees productivity Reconciled monthly bank statements and deposit daily cash receipts Used AIA Documents to prepare Prime and Sub-consultant Contracts Audited and approved Sub-contractors invoices for process and payment Assisted Controller with year end audit Monitored Job Cost report to ensure employees are charging to the correct projects Year End CAM Reconciliation for rental properties Prepared monthly invoices for Tenants in compliance to Lease Agreement Process bank deposit and updated accounts receivable. Project Administrator Jan 2000 to Jan 2007 Company Name City , State Prepared monthly billings and revenue forecast Prepared financial reports and analyzed variances Prepared office earnings report and distribute to the Officers Prepared rate schedule to be use in contract proposals Prepared project status reports, monitoring costs and charges associate with each pr",0.67,Partial Match,Moderate Match
PAIR-00202,Senior Corporate Accountant & Auditor,ACCOUNTANT,"Looking for a Senior Accountant to oversee general ledger reconciliations, tax compliance, payroll auditing, and financial reporting. Responsibilities include month-end closing, balance sheet reconciliation, internal audit preparation, and regulatory filing. Qualifications: CPA or accounting degree, ERP experience (NetSuite, SAP), GAAP standards, and internal control compliance.",17659053,"CUSTOMER SERVICE SPECIALIST Summary Detail-oriented individual with strong technical skills and the ability to learn concepts quickly. Proficient and adaptable; looking for an opportunity to use my knowledge and experience to assist a customer-service focused company. Versatile student with achieved success in on-campus and on-line classes. CORE STRENGTHS have been utilized in previous jobs that required immediate attention to detail and learning new computer program applications. Highlights Meticulous attention to detail Results-oriented Self-directed Time management Professional and mature Strong problem solver Resourceful Dedicated team player Strong interpersonal skills Microsoft Office, Excel, Power Point Understands grammar Proofreading Strong communication skills Cash handling Knowledge of income tax procedures Positive attitude Strong organizational skills Active listening skills Computer proficient Accomplishments 2010 Co Founder of a non-profit Assist women during and after incarceration Remodel project of house purchased 03/2011 Manage a transitional house for women Fundraising Create budget for operational expenses May 1986 - June 2005 Mom to 3 daughters - home schooled my children 2001 - Present Active volunteer at Tri County Regional Jail Classes - computer, sewing, craft, self improvement Skills Second Language - ASL Data collection Data entry Grammar Proofreading Multi-Task Management Reading Comprehension 10-Key Grasp new concepts Experience 08/2014 to Current Customer Service Specialist Company Name City , State Provide accurate and appropriate information in response to customer inquiries. Address customer service inquiries in a timely and accurate fashion. Demonstrated mastery of customer service call script within specified time frames. Build customer loyalty by placing follow-up calls for customers who reported product issues. Verify that information in the computer system was up-to-date and accurate. Update Insurance policies on homeowners account Issue premium payments Request research and follow up to remove or update required insurance coverage and payments Provide explanation of letters sent to customer regarding hazard, flood, windstorm, and condo master policies My current position requires operating fourteen computer applications , completing research within data base, updating insurance coverage, issuing payments, and answering customer's concerns in a proficient manner. 06/2005 to Current Co Owner Company Name City , State I",0.24,Hard Negative,Low Match
PAIR-00217,Senior UI/UX & Product Designer,DESIGNER,"We are hiring a Senior UI/UX Designer to craft intuitive user experiences, responsive layouts, and interactive design systems for web and mobile platforms. Responsibilities: user journey mapping, high-fidelity wireframing in Figma, design system maintenance, usability testing, and cross-functional handoff to frontend engineers. Requirements: Figma mastery, design thinking, prototyping, and typography.",11919526,"E-LEARNING DESIGNER Career Overview Highly skilled and experienced educator with a strong background in information technology. Adept at addressing the needs of a variety of learners and administrators. Strongly knowledgeable about all approaches to distance learning. Qualifications Vast experience with e-learning development software Strong understanding of teaching methodologies Extensive knowledge of emergent and current technologies Excellent organizational and management skills Ability to create training modules, storyboards and content outlines Proven ability to work with multiple parties in collaboration High proficiency with HTML and authoring tools Skills Adobe: Captivate, Media Encoder, Reader Microsoft: Excel, Internet Explorer, Media Player, Outlook, Paint, PowerPoint, SharePoint, Skype, Visio, Word Google: Chrome, Docs, Drive, Forms, Gmail, Sheets IBM: DB2, SQL, Stored Procedures, Kenexa Other: Apple iMovie, Dayana Networks Voice Record Pro, SAP Success Factors, Tech Smith Snag It, VMWare, YouTube, C, HTML, Javascript Work Experience E-LEARNING DESIGNER July 2015 to Current Company Name City , State Design, developed and p roject managed education team for 501(r) regulatory compliance curriculum including learning objectives, content analysis, story boarding, interactive design, test, project scheduling, instructional design and d evelopment design Design, developed and project managed education team for We ID for Patient Safety including learning objectives, content analysis, story boarding, interactive design, problem based scenarios, test, project scheduling, instructional design and development design Analysed, designed, documented and tested e-Learning process for new LMS and authoring tool including pretest, posttest, curriculum, SCORM and feedback surveys Designed, tested and implemented technical solution for SharePoint training resource pages, knowledge center, navigation and department sites Researched, designed, tested and implemented a solution for How To videos on SharePoint video channel INSTRUCTIONAL DESIGNER May 2009 to June 2015 Company Name City , State Gathered requirements, allocated and managed budgets, designed and developed curriculum, managed eLearning and ILT delivery, planned and executed United States and International training, measured training, championed corporate initiatives, supported organizational requirements, and advised leadership from first line managers to senior executives. I ntegrated technology in tra",0.85,Positive Match,Good Match
PAIR-00076,Enterprise Business Development Manager,BUSINESS-DEVELOPMENT,"Seeking an experienced Business Development Manager to identify new market opportunities, negotiate high-value corporate partnerships, and drive revenue growth. Responsibilities: B2B pipeline development, enterprise client pitching, contract negotiation, competitive analysis, and strategic relationship management. Requirements: 4+ years B2B sales/development experience, CRM proficiency, and executive communication skills.",59696315,"BUSINESS DEVELOPMENT DIRECTOR Summary I am looking for a challenging Business Development position that will utilize my knowledge and passion for sales while leveraging more than twenty years of relationship building. Highlights Strong interpersonal skills including rapport building, listening, social versatility, courtesy and concern. Solid sales call skills with proper preparation disciplines. This includes the ability to determine and communicate a clear meeting purpose, question to identify needs, frame solutions in the context of value to the client, gain agreement to potential solution fit and gain closure on next steps. Solid communication skills including the ability to present an accurate and compelling overview of benefits, accomplished by using relevant examples of other client's experiences, convincing the client of the value proposition, and constructing a solid proposal that is perceived by the client as responsive to their needs. Ability to develop winning sales strategies by taking into consideration key client factors such as compelling event(s), critical success factors, stated and non-stated requirements, and the decision making landscape. Ability to access appropriate client executives by making solid presentations and constructing proposals that address C level issues in clear, concise, jargon-free language. Ability to drive the sales strategy with an opportunity plan that includes specific sales objectives, appropriate strategies, and detailed tactics. Ability to anticipate the strategies employed by each competitor and the skill to craft successful, proactive solutions for winning the business. Ability to utilize the client organization chart to understand their formal structure and individual roles in the buying process. Ability to create a relationship strategy for each key player that effects or is affected by the outcome of the buying decision. Armchair Media (Atlanta Ga.) Director of Business Development (July 2009 March 2012) Attracting new clients, developing current clients and penetrating existing markets to grow Armchair Media's client base. Focusing on over arching digital strategies and implementation plans for Fortune 500 companies. Intelligence gathering on clients, target prospects and industries to inform and support pursuit efforts. Develop ongoing improvements to the process of prospecting, qualifying and closing key accounts. Attend and develop market presence through networking/involvement with key associations, T",0.85,Positive Match,Good Match
PAIR-00315,Clinical Healthcare Specialist & Administrator,HEALTHCARE,"Looking for a Healthcare Specialist to manage patient intake protocols, electronic health record (EHR) compliance, clinical assessments, and patient care workflows. Responsibilities include clinical documentation, HIPAA compliance, multidisciplinary coordination, and care planning. Requirements: Healthcare certification or nursing degree, EHR software, and clinical standards.",20748468,"HEALTHCARE ADMINISTRATOR/OPERATIONAL AND STAFF REORG Executive Summary High-energy Manager, Analyst, and Executive Assistant. Successful in building and motivating dynamic teams. Cultivates a company culture in which staff members feel comfortable voicing questions and concerns, as well as contributing new ideas that drive company growth. I am naturally compelled to streamline costs, boost company moral and revenue through innovative management techniques, including all forms of social media. Organized and diligent, with excellent written, oral, and interpersonal communication skills. Core Qualifications Operations management Staff development Policy/Program development HR experience Supervision and training Cross-functional team management Coding/Multi-media knowledge Complex problem solving Calm under pressure Sound judgment Organizational Restructure/Change Root cause analysis Professional Experience Healthcare Administrator/Operational and Staff Reorg Oct 2006 to Apr 2007 Company Name City , State Responsible for all staff, which consisted of 6 office clerks, 4 surgeons, 3 remote transcriptionists, 3 part-time students, 2 medical assistants, 1 in-house biller, and 1 in-house transcriptionist. Negotiated all terms of a new contract to carve out 95% of in-house billing to an off-site medical billing company (i.e. invoicing, payments, payment plans, collections) Liaison between SDHS and 47 vendors (i.e. IT specialists, all credentialed hospitals, medical supply vendors, OSHA Reps, etc.) Created a comprehensive project plan for total relocation of the practice, beginning with construction and ending 2 months after the move. Cut costs substantially by eliminating unreliable staff and bringing in more motivated, efficient workers. I also issued 2 promotions and 3 raises. Encouraged more verbal communication from the staff and to each other, and assisted them in achieving higher standards in order to move up in their positions. This came from implementing employee reviews. Learned of prior issues SDHS had with OSHA and immediately put controls in place to adhere to all compliance laws. I enforced them via strict communication, patience, and perseverance. Created project plans for each staff member to introduce accountability. They learned how to regulate their timelines in Outlook by reporting their progress through the tasks module. Implemented mandatory weekly staff and doctors meetings in order to stay on top of ongoing/new situations. Created all template",0.9,Positive Match,Strong Match
PAIR-00311,Clinical Healthcare Specialist & Administrator,HEALTHCARE,"Looking for a Healthcare Specialist to manage patient intake protocols, electronic health record (EHR) compliance, clinical assessments, and patient care workflows. Responsibilities include clinical documentation, HIPAA compliance, multidisciplinary coordination, and care planning. Requirements: Healthcare certification or nursing degree, EHR software, and clinical standards.",28745844,"ADMINISTRATIVE ASSISTANT Summary Performance-focused leader eager to offer dynamic customer service / administrative assistance, business support, data / recordkeeping, and client relations talents toward maximizing your success within a growth-oriented role. ADMINISTRATIVE OPERATIONS * ACCOUNT MANAGEMENT * DATA / RECORDKEEPING * BILLING / INVOICES * CUSTOMER SERVICE APPOINTMENT SCHEDULING * SUPPLIES ORDERING * INVENTORY CONTROL * WORK PRIORITIZATION * BUSINESS BOOKKEEPING REGULATORY COMPLIANCE * MULTI-LINE TELEPHONE MANAGEMENT * PROCESS IMPROVEMENT * STRATEGIC ANALYSIS / PLANS Integral team player who plans, prioritizes, and completes tasks within fast-paced environments. Excellent communicator who seamlessly interfaces among executives, business peers, and customers. Solutions-focused professional who offers a quick-learning nature to succeed in diverse business areas. Ambitious self-starter who expertly handles confidential responsibilities while maintaining quality service. I am seeking a Customer Care Professional role, and am submitting my resume for your review. I am excited to build a rewarding career with your company, and am confident that my professional skills can help to achieve your objectives. I can offer cross-functional experience in Customer Service/ Administrative Operations, Account Management, Data / Recordkeeping, Business Bookkeeping, Billing / Invoices, Supplies Ordering, and Inventory Control, and am well-versed with Customer Service, Workflow Prioritization, Strategic Analysis / Planning, Process Improvement, and Regulatory Compliance, among other areas. To complement my background, please note that I attained a Medical Assistant Certificate from Ross Medical Education Center and am certified in CPR / BLS by the American Red Cross. Most recently, as an Customer Care / Administrative Assistant with Rollizo's Information Technology Services (RITS), I expertly performed all forward-thinking business tasks, including scheduling client meetings, cost-effectively managing office and supply inventories, handling billing and data management, and providing operational support. As this is just a sampling of my job history, please refer to my enclosed resume for additional experience. You will find me strict and self-disciplined enough to follow precisely all company policies, and to be a solutions-driven professional who can demonstrate a track record of organizing complex business initiatives, defining key priorities, and meeting targeted ",0.9,Positive Match,Strong Match
PAIR-00036,Senior Systems / DevOps Engineer,ENGINEERING,"Looking for a Senior Systems & DevOps Engineer to automate build infrastructure, manage Linux server fleets, and ensure high availability across multi-region environments. Responsibilities include writing Terraform infrastructure as code, configuring CI/CD pipelines, monitoring system metrics with Prometheus and Grafana, and diagnosing system bottlenecks. Requirements: Linux administration, Docker, Kubernetes, Terraform, Bash/Python scripting, and networking fundamentals.",12518008,"ENGINEERING MANAGER Professional Summary Experienced product development Engineer and manager able to collaborate with cross functional team as well as customers and sales to bring brand new offerings to new markets. Skilled at managing cross functional team for continuous improvements and meeting project deadlines. Offering 6 years of experience in the field. Skills Microsoft Office Microsoft Project Product development Quality Research Six Sigma Green Belt Solid Works Visio Prioritization Personnel management Critical thinking skills Team management Analyst, Visio Agency Consulting Cost analysis Critical thinking Designing Dialysis Direction Develop drug Functional IIa ISO Leadership Market and development Microsoft Office Microsoft Project Personnel management Design process Product development Product management Quality Researching Research Sales Six Sigma Solid Works Team management Validation Work History Engineering Manager , 03/2018 to Current City , State Create and maintain Technical Files per MDR requirements as well as attaining 510k on legacy products. Assess testing gaps of legacy products and design creep. Experienced in working with multiple departments. Experienced in training and leading engineers in order to investigate field complaints, Gap analysis and building Technical files/DHF. Experienced in leading team of engineers to lead all aspects of design process, including regulatory needs per market and development per design control. Tasked to create test plan and analysis of existing Class I, II and III products and Testing per latest applicable requirements. Trained team in conducting project related cost analysis, test gap analysis and researching ISO/EN ISO/ASTM requirements. Leading companywide EU MDR product transfer and testing on Infusion products, Dialysis products and standalone products. Provided technical direction on MDR and 510k related projects and initiatives to other engineers and technicians. Project Engineer II , 03/2017 to 03/2018 Company Name City , State Working with product management, Clinical Analyst, sales, and regulatory to determine optimal design inputs for new products. Completed design transfer and attained 510k on Class IIb device in under year. Lead cross functional team including consulting agency in order to Develop drug device combination product and research optimal process using DOE in order for mass production. Leading all aspects of design control from designing on solid works to process validatio",0.88,Positive Match,Strong Match
PAIR-00058,Senior Systems / DevOps Engineer,ENGINEERING,"Looking for a Senior Systems & DevOps Engineer to automate build infrastructure, manage Linux server fleets, and ensure high availability across multi-region environments. Responsibilities include writing Terraform infrastructure as code, configuring CI/CD pipelines, monitoring system metrics with Prometheus and Grafana, and diagnosing system bottlenecks. Requirements: Linux administration, Docker, Kubernetes, Terraform, Bash/Python scripting, and networking fundamentals.",17103000,"MULTI-SKILLED ENGINEERING MANAGER Qualifications Microsoft Project Microsoft Office Microsoft Visio IBM Rationale DOORS Communication/Presentations Risk Analysis Process Improvement CMPro Experience Multi-Skilled Engineering Manager 03/2015 to Current Company Name City , State Graduate of Boeing's GS&S Emerging Leadership Development Program. Selected to participate in Boeing's Systems Engineering Leadership Program. Tested and implemented first time quality metrics across Boeing's GS&S division. Recognized as a Technical Lead Engineer within the Hardware Engineering Integrated Product Team (IPT). Led a hardware team through the successful development and delivery of multiple F-15 training systems to customers including the United States, Korea, Singapore and Saudi Arabia. Manage a team of sixteen electrical and mechanical engineers who are responsible for the design and development of high fidelity training devices for the US Navy, Royal Australian Air Force and NASA. These devices include the P-8A, F-22 and the CST-100 Starliner. Lead multiple initiatives with a goal of continuous improvement. These initiatives have included a thirty-five percent reduction in the electrical engineering cost estimating relationship, simplifying the retrofit process, modifying the peer review process, implementing Design To Value and focusing on first time quality. Work with engineers on my team to aid them in their career development by providing them opportunities with increased responsibility. Responsible for staffing projects in work and new projects as they are awarded. Develop project schedules and monitor performance using Earned Value Management (EVM). Manage communication between multiple teams including systems engineering, procurement, manufacturing and software engineering. Lead Systems Engineer 08/2008 to 03/2015 Led a multi-functional team in the development of hardware systems to support military, space capsule and commercial flight simulators. Performed project management tasks such as working with the customer to define the scope of the project, developing project schedules, generating staffing profiles, and monitoring the project with EVM. Supported technical proposals by defining hardware solutions, developing project schedules, assisting in the creation of a Work Breakdown Structure, producing the Bill of Materials and providing hardware labor estimates. Served as the technical point of contact for multi-function teams including electrical engineering, ",0.92,Positive Match,Strong Match
PAIR-00050,Senior Systems / DevOps Engineer,ENGINEERING,"Looking for a Senior Systems & DevOps Engineer to automate build infrastructure, manage Linux server fleets, and ensure high availability across multi-region environments. Responsibilities include writing Terraform infrastructure as code, configuring CI/CD pipelines, monitoring system metrics with Prometheus and Grafana, and diagnosing system bottlenecks. Requirements: Linux administration, Docker, Kubernetes, Terraform, Bash/Python scripting, and networking fundamentals.",10712803,"ENGINEERING SERVICES MANAGER Executive Profile A results driven Controls Engineer and Project Manager with over 20 years of experience in manufacturing. Skilled in Industrial Automation and Process Engineering with a strong mechanical design background. Proven ability to lead and motivate high performance teams. History of building systems with improved functionality and productivity, consistently meeting critical requirements. Skill Highlights Proficient in process engineering and applying process needs to available technology to improve production availability and uptime. Proficient in process engineering and applying process needs to available technology to improve production runablility and uptime. Professional Experience Engineering Services Manager 02/2013 08/2015 Company Name City , State Accountable for maintaining the efficiency and effectiveness of all production manufacturing processes required to manufacture a high quality product in a repeatable and cost effective manner and provide overall customer satisfaction. Manage all engineering services with provision of all energy sources. Accountable for all mechanical repairs, design and construction within all departments and the resources engaged in the provision of these services both internal and external. Support waste water operations by providing advanced troubleshooting on Siemens PLC's. Configured WINCC SCADA system. Ensure that all expenditures both in supplies and staffing are optimized and maintained within budget. Developed asset management software to track cost, asset history and work order tracking. Performed advanced troubleshooting and PLC support for all plant equipment. Electrical Superintendent 05/2008 02/2013 Company Name City , State Primary responsibilities include supervising and coordinating all electrical and instrumentation activities. Accountable for the proper operation of all automation and controls on production equipment, power distribution systems, plant communications (phones, networks) and security systems. Managed projects for installation of new equipment, from design concept to installation and start up. Managed large network of Allen-Bradley PLC's, including ControLogix, CompactLogix and micro controllers with FactoryTalk View ME and SE human machine interfaces. Managed the installation and startup of several new projects over $1MM: HG Molenaar cooker/cooler, Buscetto steam peeler, Navatta steam peeler, Zilli-Bellini diced tomato filling line. Perform advanced",0.85,Positive Match,Good Match
PAIR-00125,Senior Enterprise Sales Representative,SALES,"We are hiring a Senior Enterprise Sales Representative to manage full sales cycles, conduct product demonstrations, and exceed quarterly quotas. Responsibilities include prospect qualification, objection handling, commercial contract closing, and pipeline tracking in Salesforce. Requirements: Proven enterprise quota attainment, CRM mastery, presentation skills, and strong customer relationship building.",33236701,"SALES ASSOCIATE Professional Profile Reliable Sales Associate experienced in retail sales, well trained in product placement and merchandising. Extensive experience in inventory management and shipment processing. Knowledgeable of the fashion industry, including current trends. Enthusiastic, trustworthy and fashion-savvy; with proficiency at building positive relationships with new and existing customers by offering superior customer service. I am proficient in managing all areas of sales and customer service in fast-paced retail environments. Excellent multi-tasker, friendly, knowledgeable and persistent team player, always pushing the people around me to do that extra step. Along with retail, I have worked in the culinary field as an important aspect to the restaurant, being rewarded with promotions due to hard work and dedicated time. Qualifications Merchandising Stocking Retail Sales Credit card Transactions Meeting Sale Goals consistently Documentation familiarity Accurate money handling Sales expertise Customer oriented Verbal/written communication Active listening skills Upselling Strong interactive skills Internet marketing Social and new media Point of Sale (POS) system operation Passion for customer satisfactions Cash register familiarity Inventory control Outgoing personality Team-player mentality Experience Sales Associate 01/2016 to 05/2016 Company Name City , State Priced merchandise, stocked shelves and took inventory. Maintained established standards, including window, sales floor and promotional displays. Operated cash register for cash and credit purchases. Completed all point of sale opening and closing procedures, including counting contents of the register. Educate customers of the brand to incite excitement about the company's missions and values. Cleaned and organized the store Met incoming customers and provided immediate assistance. Retrieved alternate items and sizes on request. Hostess/Server 07/2015 to 01/2016 Company Name City , State Greet people Take orders Preform side jobs (ex:clean tables) Answer phones and anywhere else I was needed by staff momentarily. I was promoted from food runner to hostess and then to a server over the year I've worked there. Listened to customer needs Completed purchases with cash, credit and debit payment methods. Trained new employees Skillful on promoting food items Sales Associate 05/2015 to 11/2016 Company Name City , State Increased purchase totals by recommending additional items. Reviewed ",0.96,Positive Match,Strong Match
PAIR-00307,Digital Marketing & Content Strategy Lead,DIGITAL-MEDIA,"Seeking a Digital Marketing Lead to oversee omnichannel growth campaigns, SEO/SEM performance, brand content creation, and analytics tracking. Responsibilities: managing Google Ads / Meta ad spend, conversion rate optimization (CRO), social media strategy, and ROI performance reporting. Requirements: Google Analytics, SEO tools, paid advertising, and copywriting.",23631188,"ACCOUNTS PAYABLE AP - (CREDITORS) SUPERVISOR Summary Self-motivated Accounts Payable Specialist offerings a strong work ethic and determination to complete tasks in a timely manner. Accurate and detail-oriented with extensive accounts and clerical knowledge. Highlights Accounts payable professional Strong communication skills Expert in customer relations Effective time management Attention to detail Resolve outstanding issues timely Develop and implement systems, policies and procedures Accomplishments Reduced credit card expenses processed on in-house system from ZAR 2.2 million to ZAR 4.96 Reduced the unresolved queries on accounts from 48 months to 30 days Negotiated early settlement discounts with vendors Experience Accounts Payable AP - (Creditors) Supervisor March 2013 to December 2015 Company Name City , State Full function AP (creditors) supervision - managing AP staff office. Approval of AP reconciliations - authorization of payment of supplier accounts Ensure that all tax invoices submitted for payment comply with requirements. Update reconciliations due list on Excel & hand to relevant AP associate to balance with his / her list. Approve list of suppliers to be paid & hand over to AP associates to load for payment Analysis of terms and conditions of potential vendors Schedule training for staff members. Ensure good communication in order that all persons are fully aware of their duties and responsibilities by sending e-mails and also verbally communicating any changes / possible problems as and when they arise. Communicate with other teams / managers regarding any queries or problems that could cause suppliers accounts not being paid. Full responsibility for reconciliation of key vendor accounts and travel Credit Card statement. Lease Administrator November 2012 to February 2013 Company Name City , State Manage lease agreement database. Compile World Screening checks / forward details and results to corporate office. Create ""Offer to Renew Lease Agreement"" for landlords once World Screening clearance reports are received. Liaise with leasing administrators regarding renewal of lease agreements. Draw up standard lease agreements to renew leases. General activities and duties in the leasing office. Utilities Manager October 2009 to October 2012 Company Name City , State Manage City utility / property rates and tax charges to residential and commercial buildings - correct tariffs. Liaise and meet with City officials regarding charges. Lodge applica",0.18,Hard Negative,Low Match
PAIR-00088,Enterprise Business Development Manager,BUSINESS-DEVELOPMENT,"Seeking an experienced Business Development Manager to identify new market opportunities, negotiate high-value corporate partnerships, and drive revenue growth. Responsibilities: B2B pipeline development, enterprise client pitching, contract negotiation, competitive analysis, and strategic relationship management. Requirements: 4+ years B2B sales/development experience, CRM proficiency, and executive communication skills.",67501448,"BUSINESS DEVELOPMENT COORDINATOR/EVENT COORDINATOR Summary Dynamic and creative Business Development Coordinator with a successful career in marketing,promotions,public relations,project and communications management. Highlights Event Management Negotiation skills Customer Targeting Polyglot Social Networking Online Marketing Strategies Teamwork Problem Solver Skills Responsible and reliable,Highly motivated for career advancement,Able to deal in a mature manner with problem solving,Willing to learn and accept constructive criticism,Willing to help,Good attitude around others,Calm and focused,Good knowledge of social media,Able to use own initiative and work as part of a team,Excellent communication and organizational skills,Versed in all aspects of marketing campaigns from concept development to execution and launch,Skilled marketing professional focused on exceeding revenue goals,Builder of strategic partnership,New customer acquisition expert who emphasizes a mix online and offline marketing strategies. Experience Company Name November 2013 to Current Business Development Coordinator/Event Coordinator City , State Identify Customer care needs.Networking during events and established good and strong relations, in particular with the main Businessassociations and Companies of the city.Screen potential Business deals by coordinating requirements,developing and negotiating contracts,integratingcontract requirement with business operations.Co-develop and implement strategic marketing.Identify specific opportunities to direct marketing efforts toward particular based practices areas and clients.Deal with the Chamber of Commerce and The Italian Consulate.Researching markets to identify opportunities for events.Leasing with clients to ascertain their precise event requirements.Producing detailed proposal for events.Agreeing to,and managing a budget.Identify professional and trade associations with which the company should affiliate.Assist with the development of proposals and responses.Identify and evaluate cross-marketing prospects, assist with cross-marketing initiatives, and track success ratio.Coordinate content for web, print materials, bc logo etc. Update and edit firm-wide business development materials (including brochures, email alerts and website). Collaborate with others in the marketing department to ensure integrity of the firm brand. Protects organization's value by keeping information confidential. Update job knowledge by participating in educati",0.85,Positive Match,Good Match
PAIR-00055,Senior Systems / DevOps Engineer,ENGINEERING,"Looking for a Senior Systems & DevOps Engineer to automate build infrastructure, manage Linux server fleets, and ensure high availability across multi-region environments. Responsibilities include writing Terraform infrastructure as code, configuring CI/CD pipelines, monitoring system metrics with Prometheus and Grafana, and diagnosing system bottlenecks. Requirements: Linux administration, Docker, Kubernetes, Terraform, Bash/Python scripting, and networking fundamentals.",81125166,"ENGINEERING MANAGER Experience Engineering Manager February 2008 to Current Company Name City , State Supervisor: Tom Mosca, VP Manufacturing Manager of tool room, tool service, and punch manufacturing departments Manager of engineering, drafting, CNC programming, and lean/continuous improvement Engineering support for supervisors and shop floor with emphasis on problem solving Research, planning and execution of capital projects Design and engineering calculations for custom architectural products and fabrications Cost estimating of fabricating work and architectural projects Design and develop perforating punch tooling CNC programming of Whitney punch/plasma CNC programming of Trumpf press brake Research and implement new manufacturing processes Train employees in the operation of new equipment and new manufacturing processes Lead research and development efforts for high precision products Assist outside sales with customer visits and technical proposals Provide technical support to inside customer service and interact with customers Work with customers and outside tooling vendors to design automotive stamping dies Support for maintenance and operation of perforating, stamping, and throat presses Manufacturing Engineer October 2004 to February 2008 Company Name City , State Supervisor: Dave Rollison, Owner Cost estimating from customer supplied parts or drawings Creation of shop floor routing for parts and assemblies CNC programming of Amada turret presses Scheduling and supervision of entire shop Train shop personnel in the operation of CNC equipment Total customer service from design and estimating to production and delivery Maintain and repair shop equipment and hand tools Quality control and part inspections Maintain, repair, and upgrade turret press tooling Cost engineering and problem solving to meet customer needs Manufacturing Engineer September 2002 to October 2004 Company Name City , State Supervisor: Gary Albright, Owner Creation of flat patterns from customer supplied drawings CNC programming of Amada turret presses CNC programming of Amada FMS line with right angle shear and sorting system Maintain and repair CNC equipment, powder coating system, and air compressors Train shop personnel in the operation of CNC equipment Prepare standard work instructions for all aspects of shop operation Design and subcontract special tooling for press brakes Total project management from raw materials to packaging Subcontract machining, plating, irridite, ",0.97,Positive Match,Strong Match
PAIR-00310,Clinical Healthcare Specialist & Administrator,HEALTHCARE,"Looking for a Healthcare Specialist to manage patient intake protocols, electronic health record (EHR) compliance, clinical assessments, and patient care workflows. Responsibilities include clinical documentation, HIPAA compliance, multidisciplinary coordination, and care planning. Requirements: Healthcare certification or nursing degree, EHR software, and clinical standards.",98300955,"PLATFORM ARCHITECT, HEALTHCARE INCUBATION LAB (HIL) Summary A driven technology professional with software architecture and development background and a passion for Agile methodologies. I enjoy designing and developing platforms consisting of web applications and services that help businesses innovate and stay competitive. Accomplishments Over 8 years of experience architecting and developing data-intensive web-based applications and services with expert level proficiency in middle tier and Service Oriented Architecture (SOA) and functional proficiency in data and presentation tiers Experienced with designing and developing horizontally scalable, secure and reliable multi-tenant web applications delivered in a SaaS model Proven success in working with dynamic startups as well as medium to large organizations Adept at navigating technical and non-technical challenges through use of excellent communication skills, creativity and practical knowledge Experience collaborating on cross-functional agile teams that include Product Development, Product Owners, Quality Assurance and DevOps Proven record of collaborating with internal and external (e.g. customers, vendors, partners and regulatory entities) team members Experience 01/2015 to Current Platform Architect, Healthcare Incubation Lab (HIL) Company Name City , State Premera Blue Cross is a not-for-profit healthcare insurance provider in the state of Washington, USA. The Healthcare Incubation Lab is an internal startup backed and funded by Premera Blue Cross. As a Center of Excellence (CoE), HIL is tasked with exploring and developing new opportunities at the intersection of Healthcare, Insurance & Technology. It is a very small team using LEAN and agile practices to focus on the businesses major pain points. My role on the team is that of a hands-on Platform / Solution / Application Architect where I regularly explore and evaluate new technologies, design solutions and develop proof of concepts (POCs). Led and collaborated with enterprise solution delivery teams in all phases from ideation to iterative delivery Collaborated in design and development of an API platform enabling delivery teams to rapidly exchange data with external EMRs (Electronic Medical Records) as well as internal line of business applications Provided guidance on current technology landscape and advised management on purchasing third party products and engaging external vendors Architected, integrated and managed Okta IDaaS (Identity and ",0.88,Positive Match,Strong Match
PAIR-00080,Enterprise Business Development Manager,BUSINESS-DEVELOPMENT,"Seeking an experienced Business Development Manager to identify new market opportunities, negotiate high-value corporate partnerships, and drive revenue growth. Responsibilities: B2B pipeline development, enterprise client pitching, contract negotiation, competitive analysis, and strategic relationship management. Requirements: 4+ years B2B sales/development experience, CRM proficiency, and executive communication skills.",13574264,"BUSINESS DEVELOPMENT DIRECTOR Experience BUSINESS DEVELOPMENT DIRECTOR January 2010 to Current Company Name City , State Leads vision, strategy, and execution for all facets of operations and business development at a $45MM automotive dealership, with accountability for the success of 52 employees. Credited with improving the effectiveness of the business through strong leadership and the hiring of personnel with talent and experience in customer service, finance, and business development, yielding increases in profit and lower costs. Implemented formal daily training and professional development on sales and service principles that improved the accuracy and focus of sales efforts while building leadership capabilities in managers; driving revenue growth 25%. Maintains a daily inventory of $7.5MM in new vehicles and $1.4MM in used vehicles. Championed the adoption of DealerSocket as the company's CRM tool, empowering 100% of the sales force to manage the pipeline of leads and opportunities while documenting engagements with clients and prospects; directly Impacting sales revenue increase of over $1MM. SALES MANAGER January 2004 to January 2010 Company Name City , State Launched a website and adopted secondary financing and other relationships to spark online lead generation; additionally, expanded the dealerships marketing strategies to include digital elements that included SEO, SEM, YouTube advertising and Google AdWords while increasing the frequency of television ads; shifting digital advertising to 50% of $1MM yearly budget. Consistently ranks first in Kia dealership sales volume year after year; in 2015, navigated the dealership to rank 25th in the nation for total sales volume. Achieved a district-high digital sales closing ratio of 13.2%, beating the average district ratio of 7.2% and regional ratio of 10.1%. Within the first year, lowered variable inventory expenses by 63% while generating a net profit of over $1M. Outstanding results, boosting new car profit by 37% in the first year, coupled with significant increases in Net Promoter Score with a 100% customer issue resolution rate; recipient of the President's Award in 2011, 2012, 2014, and 2015. Recognized as the top sales leader in the district, outperforming 14 dealerships throughout Western and Central New York; in 2018 YTD, reached 13% increase in sales volume over the prior year while the district and the Northeast Region experienced declines. Pioneered a shift in the business model at a l",0.94,Positive Match,Strong Match
PAIR-00240,Senior Talent Acquisition & People Operations Manager,HR,"Seeking a Human Resources Manager to lead end-to-end recruitment, employee onboarding, compensation benchmarking, and organizational culture initiatives. Responsibilities include sourcing candidate pipelines, managing ATS workflows, facilitating performance reviews, and ensuring labor law compliance. Requirements: Full-lifecycle recruiting, ATS proficiency, employee relations, and HR strategy.",27165830,"TERRITORY HR MANAGER Executive Profile Territory Human Resource Manager offering outstanding presentation, communication and cross-cultural team management skills. High-energy, results-oriented leader who ensures a fair, diverse, and engaged workforce. Skill Highlights Human Resources Leadership Employee Relations Certified Strategic Workforce Planner Employee Development Performance Analysis, Coaching, Counseling Leadership/communication skills Advising and navigating crucial conversations Employee Engagement Wage Analysis Legal Compliance Core Accomplishments Successfully leads all Human Resource/Employee Relations functions for a 14 state Territory, with 250 stores, 25,000 Non-Exempt Employees (peak), and 750 Exempt Employees. Improved Employee engagement for the Territory from 77% in 2013 to 85% in 2016. Significantly reduced risk, liability, and loss to the company through business partnerships and providing internal solutions to Employee relations issues. Lead the industry in lowest EEOC charges along with being the lowest Territory in the company. Effectively trained and developed leaders at all levels to effectively navigate through difficult Employee Relations Issues. Leads the company in the highest training compliance. Professional Experience Territory HR Manager Oct 2010 to Current Company Name City , State Serves as an advisor for managers on issues related to all discipline. Assists in analyzing barriers to performance and devises a strategy to meet challenges regarding performance expectations. Counsels staff and management to consistently and efficiently apply policies to people-based issues in compliance with state/federal law. Plans, organizes and controls all human capital activities for the territory and participates in the development of workforce plans, succession plans, talent management, and strategic direction. Advocates direct communication for all employees and executives. Mitigates risk by addressing associate concerns internally. Acts as a liason between departments/divisions, all levels of the line and staff management, HR, legal councel and outside service providers. Oversees talent and recruiting to ensuring adherence to Company policies/procedures and state and federal guidelines, laws, and regulations. Monitors HR programs and provides training/coaching throughout the process to support divisions. Implements HR programs to support and meet business objectives. Identifies trends and recommends actions to improve work enviro",0.87,Positive Match,Good Match
PAIR-00005,Senior Software / IT Systems Engineer,INFORMATION-TECHNOLOGY,"We are seeking a Senior Software & IT Systems Engineer to design, deploy, and scale high-performance software applications and cloud infrastructure. Responsibilities include building RESTful APIs, optimizing relational and NoSQL databases, containerizing microservices with Docker and Kubernetes, and troubleshooting distributed networks. Required skills: Python, Java, JavaScript/TypeScript, SQL, Linux, Cloud (AWS or Azure), Git, and CI/CD automation.",16186411,"DATABASE PROGRAMMER/ANALYST (.NET DEVELOPER) Summary Software Engineer with 2 years in Web Developer specializing in front end development. Proficient in Software Development Life Cycle (SDLC) and SCRUM AGILE methodologies of development process to produce software solutions by team. Involved in designing, planning, developing and implementing Microsoft .Net based solutions that meet quality and code standards. Developed web based applications using C#, ASP.Net, JavaScript, jQuery, CSS, Bootstrap CSS, HTML, XML and AJAX. Strong experience in data retrieval and manipulation using ADO.Net data objects such as Dataset, Data Reader, Data list, Data Adaptor, Entity Frame work. Good experience in writing Class Library using C# , LINQ to SQL queries in Database Access layer to interface with SQL Database. Worked extensively with .Net Server Controls, Web User Controls, Data Grid, Web Control, Form Validation Controls and created Custom controls. Worked on creating and modifying Table Definitions, stored procedures in SQL Database. Modified and written web services using C# to interact with the other applications so data can be served. Used Red Gate SQL Compare to deploy database from one server to another server (Dev -> Test/QA).Worked on .NET security features such as Form-Based Authentication and Role-Based Authorization. Involved in bug fixes and production support. Worked closely with Scrum Master for backlog catalogs, feature catalogs and prioritized the tasks Participated in daily scrums and weekly meetings with the project sponsors to meet expectations and deadlines Interact with QA to ensure the defects are properly cleared to attain the quality standards Providing demos to the QA team at the end of the sprint to push for its final stage. Worked with cross-functional teams to meet project. Highlights ASP.Net, C#, JavaScript, jQuery, VB.Net, C, C++, Java Net Technologies: .Net Framework 4.0/4.5, ASP.Net, ASP.NET MVC, VB.Net, ADO.Net, Entity Framework, AJAX, Web Service, LINQ, Entity Framework, LINQ queries. ASP.Net, HTML, CSS, JavaScript, JQuery, Bootstrap CSS. IDE: Visual Studio, Eclipse, NetBeans, Dreamweaver Database: SQL, MySql Operating System: Windows Version Controls : Tortoise SVN, GitHub Others: Microsoft Word, Excel, Access, Power point Professional Experience Database Programmer/Analyst (.NET Developer) Jun 2014 to Feb 2016 Company Name City , State Worked as Graduate Research Assistant performing the duties of Database Programmer/Analyst at App",0.96,Positive Match,Strong Match
PAIR-00093,Enterprise Business Development Manager,BUSINESS-DEVELOPMENT,"Seeking an experienced Business Development Manager to identify new market opportunities, negotiate high-value corporate partnerships, and drive revenue growth. Responsibilities: B2B pipeline development, enterprise client pitching, contract negotiation, competitive analysis, and strategic relationship management. Requirements: 4+ years B2B sales/development experience, CRM proficiency, and executive communication skills.",29014805,"SENIOR BUSINESS DEVELOPMENT MANAGER Executive Summary Resilient and focused management professional providing 15+ years of progressive leadership experience with proven success in developing, growing, and managing account portfolios. Strong strategic-planning and people-management skills. Leverages in-depth knowledge of industry trends and shifts to offer valuable insights on opportunities for new growth and expansion. Organized and diligent, with excellent written, oral and interpersonal communication skills. Core Qualifications Strategic positioning Contracts Strategic planning Critical thinking Account management Competitive analysis New customer acquisition Stakeholder relations Professional Experience Company Name City , State Senior Business Development Manager Washington, D.C. Aug. 11, 2003 thru May 18, 2007 (8 am - 5 pm) Government-sponsored enterprise (GSE) which operates under a congressional charter whose mission is to expand the flow of mortgage money by creating a secondary mortgage market. Senior Business Development Manager: Created, executed, and oversaw both short- and long-term strategic plans and initiatives within the affordable housing sector. Led and supported business teams in a highly matrixed organization in addressing and resolving complex banking and financial transactional issues. Worked collaboratively with individuals across multiple functional Lines of Business on specific activities; interacted with external stakeholders in role as ""Trusted Advisor"" to address their respective business requirements and objectives. Managed deliverables per client needs, on time, and within compliance. Created project status briefings, reports, project artifacts including agendas, minutes, project plans, and correspondence. Developed and tracked metrics to measure progress on plans and initiatives. Key Accomplishments: Met Emerging Markets objectives for target year by exceeding 25% threshold in Washington D.C. & Philadelphia Metropolitan Statistical Areas (MSAs). Evaluated and supported 21 initiatives across various regions nationwide, including the Native American Tribal Lands & AARP/Fannie Mae Collaborative Housing Initiatives, and Center for Community Self-Help. Collaborated on the development and execution of the American Dream Commitment (ADC) Hispanic Strategy, with focus on increasing homeownership within the Latino community as part of Fannie Mae's homeownership commitment. Developed and implemented the ""Manufactured Home"" High-End pr",0.98,Positive Match,Strong Match
PAIR-00131,Senior Enterprise Sales Representative,SALES,"We are hiring a Senior Enterprise Sales Representative to manage full sales cycles, conduct product demonstrations, and exceed quarterly quotas. Responsibilities include prospect qualification, objection handling, commercial contract closing, and pipeline tracking in Salesforce. Requirements: Proven enterprise quota attainment, CRM mastery, presentation skills, and strong customer relationship building.",23398843,"TEACHER Facebook: Email: Professional Summary Highly motivated, teching professional with over 10 years of experience in a fast-paced consulting environment. Extensive experience supporting young children and parents clients consultants in high-profile technology projects. Exceptional analytical ability and talent for managing information. Certified Associate Of Applied Science In Early Childhood Education(AAS OF ECE) certification. Proficient in: Weekly Educational Project Project Communication Project Setup & Monitoring Microsoft Project Microsoft office Microsoft Excel Power point Skills MS Office proficient [35] WPM typing speed PowerPoint Multilingual in [English] and [Spanish] Bilingual in [spanish] Able to lift [40] pounds Art designer : children project, children music finger play, flyers, webs Ex: Facebook Loves children Adept at working with special needs children Energetic caregiver Home school educator Course planning Performing artist Emotionally supportive Friendly and likeable Dependable Calm under pressure Fast learner Work History Teacher 05/2008 to 07/2012 Company Name City , State Teacher Daycare, Kid's Imaginations: Advanced administrative and project support for younge children-level consultants for special holiday project, activities, music, art, langue arts. Project Coordination/Management Led a project to streamline and reorganize SharePoint project management system, resulting in more accessible information and enhanced support for clients. Coordinated project plan, scheduling and budgeting for small but high-profile project during project manager's absence. Praised for initiative and problem-solving abilities. Advanced Administrative Support Prepared best-practice guidelines for archiving project documents. Guidelines simplified document management process and were adopted company-wide Conducted research and trained staff on new teachers assitant guiding the class rutine and activities for circle time. Encouraged good behaviors using the positive reinforcement method. Established a safe play environment for the children. Instructed children on proper health and personal habits. Organized and engaged in recreational activities such as games and puzzles. Dressed infants and toddlers and changed their diapers. Communicated openly with children's parents about daily activities and behaviors. Continually kept abreast of toy and child-related recalls and safety warnings. Meticulously sanitized toys and play equipment. Made nutritious br",0.25,Hard Negative,Low Match
PAIR-00109,Senior Enterprise Sales Representative,SALES,"We are hiring a Senior Enterprise Sales Representative to manage full sales cycles, conduct product demonstrations, and exceed quarterly quotas. Responsibilities include prospect qualification, objection handling, commercial contract closing, and pipeline tracking in Salesforce. Requirements: Proven enterprise quota attainment, CRM mastery, presentation skills, and strong customer relationship building.",27607632,"SALES Summary Self-motivated individual offering a strong work ethic and determination to complete tasks in a timely manner. Accurate and detail-oriented with extensive bookkeeping and clerical knowledge. Highlights Accounts receivable professional Effective time management Knowledge of Sap Excellent managerial techniques Expert in customer relations ADP, SAP, MICROSOFT WORD, EXCEL, OUTLOOK, QUICKBOOKS Accomplishments Reduced the open invoice cycle time from 90 days to 10 days by developing new dispute reporting procedures. Experience 04/2016 to Current Sales Company Name City , State Sold Auto, Home , Renters, Motorcycle policies, Cross selling to current and new customers. Followed up with current and old customers to ensure happy with services. 01/2015 to 03/2016 SERVICE ADMIN/BOOKEEPER, RUSH ENTERPRISES Company Name City , State Match and coded all paperwork and invoices for departments. Assisted managers with hiring procedures, screening of candidates, coordinating interviews. Assisted with all new hire paperwork such as benefit packages and i9 forms. Ordered all parts and delivered them as well Handled all month end & year end closing audits. Responsible for the continuing education, training, and certification of new and experienced employees Filed all invoices and paperwork as needed. Processed all Peterbilt & Cummins warranty claims Handled all Paccar Roadside invoices. Reconciled vendor statements and checked for accuracy. Assisted with Month End Close. Filed daily cash sales summary sheets. Processed all new hire & drug screen paperwork as needed. Performed daily reports for four different locations of units in areas. Contacted several vendors for all units due for service & non payments Handled all inventory for two locations and input into SAP system. 12/2014 to 02/2015 INVENTORY CONTROL SPECIALIST Company Name City , State Responsible for ensuring inventory production quality and efficiency levels and implementing corrective action as required. Prepared shipping documents for products scheduled to ship (i.e., Fed Ex, UPS). Monitored inventory and controls to ensure adequate product supply levels. Maintained distribution reports and logs as well as all sales and collections for the company. 06/2008 to 11/2014 AGENCY SUPPORT SPECIALIST Company Name City , State Rated all sales quotes including flood, home, and auto, motorcycle, boat, & travel trailers through about seven different companies to see what rate best fit customer's needs and wants. ",0.87,Positive Match,Good Match
PAIR-00253,Senior Talent Acquisition & People Operations Manager,HR,"Seeking a Human Resources Manager to lead end-to-end recruitment, employee onboarding, compensation benchmarking, and organizational culture initiatives. Responsibilities include sourcing candidate pipelines, managing ATS workflows, facilitating performance reviews, and ensuring labor law compliance. Requirements: Full-lifecycle recruiting, ATS proficiency, employee relations, and HR strategy.",15041689,"HR DIRECTOR Summary HR Professional offering over 15 years of progressive experience including extensive practice in multi-unit businesses (in and out of state locations). Highly driven to achieve company goals. Expertise in developing and implementing HR plans and procedures smoothly and with little guidance. Strong conflict resolution skills. Comfortable with taking the lead in employment protocol compliance and in anticipating staffing needs. Highlights Employment law knowledge Benefits administrator Manager coaching and training HRIS applications proficient Employee relations Staffing and recruiting professional Off-boarding Employee handbook development Experience November 2007 to October 2014 Company Name City , State HR Director Plan, organize and implement all facets of HR for New Kent horse track and 8 off track betting sites throughout the Commonwealth, approximately 650 employees (250 permanent and 400 seasonal) Review federal and state laws to confirm and enforce company compliance. Provide employee relations guidance and counsel to all levels of management; conduct investigations as needed Worked with senior-level management to create fair and consistent HR policies and procedures Assessed employee performance and issued disciplinary notices Created and modified job descriptions within all departments in compliance with FLSA Coordinate and manage Family Medical Leave (FMLA), Short/Long Term Disability (STD/LTD) Evaluate and maintain Worker's Compensation claims; annual WC and OSHA reporting Represent Company for unemployment, EEOC and other related hearings Conduct benefits administration for 125 benefit-eligible employees, including reconciliation and payment monthly Recruitment and hiring of seasonal employees, including new hire orientations Maintain HRIS (ADP Enterprise) and employee files Partner with upper management on all reduction of workforce action and severance packages. Manage all in-kind donations made by the Company as well as coordinating our volunteer work with the New Kent Food Pantry. October 2004 to March 2008 Company Name City , State HR Generalist for assigned station, division, and corporate personnel of 30 TV stations and 1 communications company across the Southeast, approximately 2,000 employees Manage FMLA, STD, LTD, and Worker's Comp for division Maintain division job requisition database; provide recruitment/retention support to the field Ensure EEO Broad Outreach is maintained Performance management planning and i",0.88,Positive Match,Strong Match
PAIR-00334,Clinical Healthcare Specialist & Administrator,HEALTHCARE,"Looking for a Healthcare Specialist to manage patient intake protocols, electronic health record (EHR) compliance, clinical assessments, and patient care workflows. Responsibilities include clinical documentation, HIPAA compliance, multidisciplinary coordination, and care planning. Requirements: Healthcare certification or nursing degree, EHR software, and clinical standards.",41910253,"HEALTHCARE ASSOCIATE Summary Energetic, resourceful, and results-driven professional .Skilled at working effectively both independently and collaboratively as part of a team within fast-paced environments to complete projects and responsibilities while adhering to deadlines and quality standards. Skills EPIC, Microsoft Office Suite (Word/Excel/PowerPoint), Healthcare Systems, Insurance/Billing, Sorian Scheduling, Health/Medical Records, Research, Reports, Databases, Data Analysis, and PCs/Windows Applications Experience February 2002 to Current Company Name City , State Healthcare Associate Maintain full responsibility for demonstrating initiative, strong leadership and communication skills, and medical and healthcare knowledge to support efficient and productive day-to-day operations. Directly accountable for a diversity of patient/unit support activities including scheduling and discharge, coordinating admission packages, arranging transportation, completing unit work orders, maintaining inventory, and preparing patient unit census. Monitor and improve individual performance in all areas to ensure adherence to the highest levels of customer/patient service, productivity, efficiency, leadership, teamwork, and work quality at all times. Excellent capacity to meet deadlines, build rapport with individuals from diverse backgrounds, and to support practice objectives by facilitating an environment that consistently achieves/exceeds expectations. Responsible for maintaining professional and courteous communications, demeanor, and interactions with patients and medical staff while continuously seeking ways to provide value-added service and support. Maintain files, documents, databases, and records to provide highly reliable information quickly and use well-developed interpersonal skills to respond effectively to both internal and external requests/inquires. Communicate clearly and effectively, use strong coordination and prioritization skills to complete work, and exercise independent judgment and decision making abilities to help facilitate smooth operations. Strong organizational, time management, and multi-tasking skills with ability to prioritize work. Use well developed interpersonal skills to work effectively with clients, co-workers, and all levels of management. Accept new assignments and responsibilities with a positive, cooperative, and team-oriented attitude. Complete all tasks and projects in the most efficient manner possible and exercise independ",0.93,Positive Match,Strong Match
PAIR-00024,Senior Software / IT Systems Engineer,INFORMATION-TECHNOLOGY,"We are seeking a Senior Software & IT Systems Engineer to design, deploy, and scale high-performance software applications and cloud infrastructure. Responsibilities include building RESTful APIs, optimizing relational and NoSQL databases, containerizing microservices with Docker and Kubernetes, and troubleshooting distributed networks. Required skills: Python, Java, JavaScript/TypeScript, SQL, Linux, Cloud (AWS or Azure), Git, and CI/CD automation.",15297298,"PRACTICE MANAGER Executive Summary Strategic, motivational, and solutions-focused leader with an MBA and with extensive experience in analyzing systems/processes and implementing mission-critical infrastructure improvements Broad based experience in the healthcare industry including regulatory/corporate compliance, strategic planning, and contract negotiations. Craft and implement key quality improvements to enhance quality patient care and secure regulatory compliance Proven track record of success in developing solutions which significantly improve the efficiency of business operations; experience developing and implementing multi-year budgets and operational plans. Excel in corporate environments across diverse industries with the ability to collaborate effectively with colleagues, executives, and client groups. Core Qualifications Proficient in Windows 2000/XP/7;Novell NetWare 4.x/5.x/6.x; EMR (Allscripts and McKesson); TCP/IP Enterprise Networks; Enterprise Virus Protection; Asset Management/ITIL; Arcserve/Backup Exec/Net Backup; Symantec Ghost; Cable Installation/Management; LANDesk; Window Server 2000/2003/2008; HIPAA/HITEC Professional Experience Practice Manager Aug 2014 to Current Company Name City , State Develop annual planning, budgeting and productivity levels for corporate accounting. Prepare detailed business and financial activity reports and use financial ratios and statistical trending for market-wide growth. Improvements to top line growth by 39.4% through building an effective hospital team, ensuring a safe and engaging environment, and improving medical quality and business performance. Responsible for cost containment, cash control/banking, asset protection, loss prevention, inventory management, Federal and DEA compliance. Develop and deploy new hospital initiatives including training physician partners, implementing an efficient patient workflow from intake to discharge and community marketing/outreach campaigns. Build client base by providing extraordinary service to existing clients and by initiating new marketing plans. Information Technology Manager Feb 2012 to Sep 2013 Company Name City , State Ensured regulatory compliance and integrity of health information systems. Provided support during surveys, ADR, and internal audits. Mentored and ensured the professional development of new clinical employees by providing onsite educational programs and supported seasoned clinical staff by making field visits. Member of the Performance",0.84,Positive Match,Good Match
PAIR-00135,Senior Enterprise Sales Representative,SALES,"We are hiring a Senior Enterprise Sales Representative to manage full sales cycles, conduct product demonstrations, and exceed quarterly quotas. Responsibilities include prospect qualification, objection handling, commercial contract closing, and pipeline tracking in Salesforce. Requirements: Proven enterprise quota attainment, CRM mastery, presentation skills, and strong customer relationship building.",10276858,"FOOD PREP CHEF Skills Highly skilled in cooking and preparing a variety of cuisines Inborn ability to explore new cooking avenues Thorough understanding of sanitation needs of the kitchen Operate kitchen equipment such as ovens and grills for cooking purposes Maintain knowledge of all recipes so that the Head Chef's place can be filled in effectively in case of absenteeism Summary Exceptional culinary insight. Knowledge of standard food preparation Ability to work in a high volume environment Chef in preparing exceptional meals Motivated food serving professional with 5+ years food and beverage experience in casual and fine dining. Highlights Kitchen productivity Basic knife skills Uses proper sanitation practices Able to regularly lift/move up to 25-50 lbs Preparation of various food items Good personal hygiene Team-oriented Well groomed High level of cleanly kitchen maintenance Team-oriented Sandwich preparation experience Knowledge of basic food preparation Food handling knowledge Italian cuisine American cuisine Ethnic foods preparation Plate presentation skills Banquet operations and off-site catering expert Accomplishments Serve Safe 2015 Seasoned and cooked food according to recipes or personal judgment and experience. Ensured consistent high quality of plate presentation. Maintained contact with kitchen staff, management, serving staff and customers. Baked, roasted, broiled, and steamed meats, fish, vegetables and other foods. Supported all kitchen operations when chef was absent. Experience 09/2010 - 04/2011 Company Name City , State Food Prep Chef Followed all established restaurant practices and procedures. Carefully maintained sanitation, health and safety standards in all work areas. Prepared items according to written or verbal orders, working on several different orders simultaneously. 06/2011 - 11/2012 Company Name City , State Cook Followed all established restaurant practices and procedures. Maintained a neat, well groomed appearance including impeccable personal hygiene, hair restraint and minimal jewelry that met company standards. Closely followed standard procedures for safe food preparation, assembly and presentation to ensure customer satisfaction. Cut and chopped food items and cooked on a grill or in fryers. 12/2012 - 03/2013 Company Name City , State Cook Operated large-volume cooking equipment such as grills, deep-fat fryers and griddles. Took necessary steps to meet customer needs and effectively resolve food or service issues.",0.11,Hard Negative,Low Match
PAIR-00234,Senior UI/UX & Product Designer,DESIGNER,"We are hiring a Senior UI/UX Designer to craft intuitive user experiences, responsive layouts, and interactive design systems for web and mobile platforms. Responsibilities: user journey mapping, high-fidelity wireframing in Figma, design system maintenance, usability testing, and cross-functional handoff to frontend engineers. Requirements: Figma mastery, design thinking, prototyping, and typography.",21238396,"ADVENTURE RUN COORDINATOR Career Focus I am a fitness enthusiast and enjoy living a healthy and active lifestyle. I currently oversee and coordinate many aspects of events in the running community which has made me efficient, a quick problem solver and very attentive to a customers needs or concerns. Core Qualifications Time Efficient Encouraging Organized Active Self-Motivated Energetic Hard worker Goal Oriented Education and Training Bachelor of Arts : Psychology Sociology , May 2013 Arizona State University City , State , United States GPA: GPA: 2.3 GPA: 3.0 2.3 GPA: 3.0 Minor-Sociology Interests Being active in the community. Setting fitness and running oriented goals and achieving them. I signed up for a full 140.6 Ironman in Arizona in 2014 and successfully completed it in November 2015. I enjoy running long distances, cycling, hiking, swimming and anything outdoors or that involves being active. I also enjoy helping others through charity projects, events and fundraising. Skills Have experience working on multiple different POS systems, Microsoft, Excel and other organization sites used for scheduling. Also, very experienced with G-Drive and all its applications. I am a quick and efficient problem solver when hit with an issue whether it being working under a short time frame or scheduling and unexpected issues that arise. Managing and communicating with others, not only staff members with information but also leading a team on a regular basis. High and motivating energy when working with others but able to adjust is to an appropriate level. Accomplishments Finishing Ironman Arizona (140.6 Miles)- Not work related but trained roughly 20 hours a week while upholding great performance at work. It required excellent time management skills, relentless drive and motivation from within. Adventure Run Coordinator-Hosted free community monthly runs ranging from 250 to 550 (two different locations), motivated them and marketed the event to increase by 12% over two years with 30% of the participants being brand new. Also, managed and communicated with staff and volunteers details and tasks throughout event. Girls on the Run Coach Fall/Spring of 2013- Leading and teaching young girls life skills through running (30 girls at age of 9-11) Team in Training Captain Spring 2012- Motivating other runners and walkers on the team as they trained and reached their goal of running a marathon, via in person, email and while out running. (12 participants) Work Experience ",0.14,Hard Negative,Low Match
PAIR-00292,Digital Marketing & Content Strategy Lead,DIGITAL-MEDIA,"Seeking a Digital Marketing Lead to oversee omnichannel growth campaigns, SEO/SEM performance, brand content creation, and analytics tracking. Responsibilities: managing Google Ads / Meta ad spend, conversion rate optimization (CRO), social media strategy, and ROI performance reporting. Requirements: Google Analytics, SEO tools, paid advertising, and copywriting.",17132168,"SOCIAL ENGAGE SALES Summary My Current role represents Komli's entire social media business across Thailand. I take Komli's social offerings to brand and performance advertisers as well the regional/local agencies. This is involve going to market with social advertising options across Facebook, Twitter and other social partnerships that Komli brings to market. It also involves demonstrating the use of Komli's technology offerings across social and how they benefit customers in the long run. I am not only be directly responsible for the team's targets, growth, retention etc. but would also be involved in delivering platform demonstrations to agencies and clients, signing long-term tech and advertising contracts, organizing and executing trainings and orientation for clients. Key success metrics are hitting the quarterly target, retaining existing clients, ensuring personal and professional growth of their direct teams, regional reporting and management Highlights Skills: Presenting and speaking Educating and training Platform and operational expertise Sales and marketing Social Media understanding Setting and achieving targets Pipeline and sales planning Account management and support Leadership Mentoring Team-work Business planning Sales Relationship building Management Communication Proactive approach Problem solving Experience Social Engage Sales 01/2015 to Current Company Name City , State The Technical Account Manager directly manages a portfolio of clients that are using the social media ads management platform. The key metric for success is the amount of media spend in the system and other softer metrics like number of features used and success on the KPI's the client is trying to achieve from the platform. The Account Manager will play an integral role in recommending and implementing strategies for meeting client goals. This individual will drive renewals and retention. This position is responsible for customer on-boarding, implementation, account growth, technical support and account success. Key Responsibilities:Conduct the one month orientation training sessionsProvide the service levels for clients documented on the service level agreements Daily account and customer relationship management and provide technical support for all assigned clients Assist in product trainings and perform Quarterly Business reviews as needed Act as a liaison between internal teams to ensure customers' needs are being met Understand customer usage and provide best pr",0.85,Positive Match,Good Match
PAIR-00190,Senior Corporate Accountant & Auditor,ACCOUNTANT,"Looking for a Senior Accountant to oversee general ledger reconciliations, tax compliance, payroll auditing, and financial reporting. Responsibilities include month-end closing, balance sheet reconciliation, internal audit preparation, and regulatory filing. Qualifications: CPA or accounting degree, ERP experience (NetSuite, SAP), GAAP standards, and internal control compliance.",63137898,"ACCOUNTANT Summary Flexible bookkeeper/ accountant who adapts seamlessly to constantly evolving accounting processes and technologies. Highlights Account reconciliations Accounts Payable/Receivable Complex problem solving Bank reconciliations Creative Problem Solving Budget analysis & preparation Effective time management Complex problem solving Excellent managerial techniques Cost accounting Multi-Task Management General ledger accounting Strong communication skills Periodic financial reporting expert Strategic planning Intuit QuickBooks specialist SAP Accomplishments My professional accomplishments are in the area of gaining well rounded accounting knowledge about the business and communicating how the bottom line is affect by decisions. I was part of a team that created, advised and implemented SAP in North America while working for Colgate. At other businesses I helped implement several different accounting software solutions. Experience 08/2016 to 03/2017 Accountant Company Name City , State Handled the day to day accounts payable, accounts receivable, monthly financial closing, work in process, and sales tax. 01/2007 to 08/2016 Co-Owner Company Name City , State Created a business plan to help preserve a historic landmark building and encourage economic development in Historic downtown Rogers. Created from scratch Poor Richard's Art (an artist co-op) and then purchased The Rabbit's Lair and turned it into a fabric & fiber center that became one of the top 10 shops in America. Handled all day to day operations, finances, management of employees, strategic planning, and worked with City of Rogers to help with beautification and implementation of events. 11/2001 to 01/2007 Owner Company Name City , State BKP was created after I had my daughter and wanted a more stay at home job. It turned into a bookkeeping/accounting firm that had 7 employees and over 120 different business customers. BKP specialized in small businesses that needed a bookkeeper to come to their site and keep their accounting records up-to-date and train them in the day-to-day accounting needs. BKP was sold to Beall-Barclay is 2005, where I became the Business Development Manager. 09/1999 to 06/2001 Accounting Manager Company Name City , State Hanna's was a company that had grown so fast it needed process, procedures, and software to bring it up to speed. While I was there we implemented new software, audits, and inventory controls for the retail shops. 09/1997 to 09/1999 Cost Accountin",0.98,Positive Match,Strong Match
PAIR-00243,Senior Talent Acquisition & People Operations Manager,HR,"Seeking a Human Resources Manager to lead end-to-end recruitment, employee onboarding, compensation benchmarking, and organizational culture initiatives. Responsibilities include sourcing candidate pipelines, managing ATS workflows, facilitating performance reviews, and ensuring labor law compliance. Requirements: Full-lifecycle recruiting, ATS proficiency, employee relations, and HR strategy.",29297973,"HR REPRESENTATIVE Summary Experienced human resources professional with working knowledge of state and federal employment laws and regulations, dedicated to improving employee satisfaction, management-employee relations, and working conditions through commitment, communication, confidentiality, and a sense of urgency. Looking for a company to share my skills and knowledge with where I can grow as a HR professional. Skills On-boarding Staffing and recruiting professional Payroll entry Accomplishments Managed Human Resources department for four months. Developed monthly employee newsletter. Experience 11/2016 to Current HR Representative Company Name City , State Designed new communication boards for each value stream, working on special projects, recruiting for maintenance and interns, training Administrative Assistant. 06/2013 to 09/2016 Human Resources Supervisor/ Staffing Coordinator Human Resource Representative Company Name City , State Filled 11 Maintenance positions ranging from mechanic to supervisor in 3 months. Shut down a 100 employee manufacturing plant in 3 days and found 90% of those employees employment within the company in 60 days. Reopened a 30 employee manufacturing plant in 30 days. Facilitated benefit open enrollment for 700 employees. Supervised performance of direct reports, conducting performance reviews, and performing other supervisory duties such as coaching, training, and coordinating work assignments. Recruited and hired qualified candidates following EEO and ADA hiring guidelines for exempt and non-exempt positions, utilizing available resources appropriately. Coordinated staffing and recruitment efforts for Gaylord and LeSueur locations. Provided counseling and dispute resolution regarding employee issues to workers and management by consulting with supervisors and all levels of management. Organized and conducted meetings with employees and management personnel regarding various topics, including benefits, employee relations, workplace safety, and training programs. Reported weekly staffing information to upper management through reports. Audited and generated reports monthly and quarterly for Affirmative Action. Worked as a resource for the managers and supervisors regarding company policies, benefits, and Affirmative Action. Reviewed and authorized salary changes employees, calculating retroactive pay, entering changes in payroll system and ensuring changes are being made in Kronos and Ulti-Pro. Acted as a liaison between M",0.92,Positive Match,Strong Match
PAIR-00213,Senior UI/UX & Product Designer,DESIGNER,"We are hiring a Senior UI/UX Designer to craft intuitive user experiences, responsive layouts, and interactive design systems for web and mobile platforms. Responsibilities: user journey mapping, high-fidelity wireframing in Figma, design system maintenance, usability testing, and cross-functional handoff to frontend engineers. Requirements: Figma mastery, design thinking, prototyping, and typography.",27529455,"INSTRUCTIONAL DESIGNER Summary Dependable and resourceful Instructor/Trainer, Technical Writer and Instructional Designer who designs documentation, training programs or curriculums, including classroom lectures, online courses, and self-study sessions, directed at students, employees, organization members, or those who use the organization's products or services. Accomplishments State of TN Teacher License 474: Business Education Software Expertise: Adobe Acrobat Prof. 9, Adobe Captivate 5, 5.5, 7, 8, Adobe Contribute 4, Adobe Dreamweaver, Adobe InDesign, Adobe PhotoShop, Articulate Studio 9/Storyline, Fireworks Basics, Flash Basics, LMS: Blackboard, SumTotal, Moodle Microsoft Access '03, '07, Microsoft Excel '03, '07, '10, Microsoft Outlook '03, '07, Microsoft PowerPoint '03, '07, '10, Microsoft Publisher '03, '07, Microsoft Word '03, '07, '10, SnagIt. Education University of Memphis 2016 Doctor of Education : Instruction and Curriculum Leadership Instructional Design and Technology City , State GPA: 1st Generation PhD Fellowship Academic Achievement Award Instruction and Curriculum Leadership Instructional Design and Technology 1st Generation PhD Fellowship Academic Achievement Award University of Phoenix 2005 Master of Arts : Adult Education and Distance Learning City , State GPA: GPA: 3.91 Adult Education and Distance Learning GPA: 3.91 University of Memphis 2003 Bachelor of Science : Business Administration Management City , State GPA: Minority Merit Scholar Business Administration Management Minority Merit Scholar Experience Company Name May 2015 to September 2015 Instructional Designer City , State Responsible for designing and developing course modules for the university by working with instructors and internal subject matter experts. Company Name January 2015 to March 2015 Instructional Designer and Technical Writer City , State Responsible for designing and developing instructor-led training for the Nike warehouse distribution center in Memphis, Tennessee. Wrote processes and procedures for warehouse roles and functions. Company Name December 2014 to Current Tutor City , State Club Z Tutoring Cordova, Tennessee Tutor students grades K-12 on Reading, Math, State Standardized Tests, and ACT Test Preparation. Offers assistance with developing study strategies. Works with the student and their parent to develop a tutoring plan to fit their individual needs. Prepare tutoring sessions to ensure the student's academic development. Assess the student's ",0.94,Positive Match,Strong Match
PAIR-00263,Senior Talent Acquisition & People Operations Manager,HR,"Seeking a Human Resources Manager to lead end-to-end recruitment, employee onboarding, compensation benchmarking, and organizational culture initiatives. Responsibilities include sourcing candidate pipelines, managing ATS workflows, facilitating performance reviews, and ensuring labor law compliance. Requirements: Full-lifecycle recruiting, ATS proficiency, employee relations, and HR strategy.",26289308,"SENIOR HR MANAGER, HR BUSINESS PARTNER Summary A highly dedicated and accomplished human resources manager with a record of proficiency in employee relations, training and development programs, recruitment and on boarding, payroll management, benefits administration, HRMS Database administration, job description development, wage/salary reviews, record keeping, and compliance. A proven leader in championing company values, vision, and expectations through effective communication and facilitation. Aligns HR strategy with business objectives, assesses and anticipates HR-related needs, communicates proactively within global HR teams and management, and seeks to develop highly effective integrated HR solutions. Experience Senior HR Manager, HR Business Partner January 2014 to January 2016 Company Name City , State HR Manager January 2012 to January 2013 Quality Service Manager, HR Manager January 2010 to January 2011 Company Name City , State Transferred from PEO model to full service payroll and benefits set up, including RFP for various payroll and benefits vendors, interviewing for best fit, completing implementation phase, and working through follow up issues such as workers comp placement, tax set up in 15 states and five localities, setting up FSA and commuter benefits plans, ensuring smooth transition of background check and drug testing, and facilitating smooth payroll transition. Built and managed HR function across U.S. and Canadian locations, including full cycle bi-weekly payroll, policy creation and development, training and development programs, developing employee handbook, safety/compliance training, employee induction/orientation programs, and employee appraisal/review processes. Oversaw life cycle benefits renewal process, including meeting with various insurance brokers on plan variations, presenting findings to senior management, coordinating open enrollment info sessions, and answering questions. Processed all new-hire, benefits, leave termination, and payroll paperwork, ensuring 100% compliance with various laws and regulatory mandates and serving as primary contact person answering management/staff questions. Provided guidance and input on U.S. and Canadian workforce planning, succession planning, compensation, and benchmarking, while maximizing central areas of excellence to build pipeline of readily available top talent. Drove performance management, talent review, succession planning, and training and development. Partnered with busin",0.94,Positive Match,Strong Match
PAIR-00274,Digital Marketing & Content Strategy Lead,DIGITAL-MEDIA,"Seeking a Digital Marketing Lead to oversee omnichannel growth campaigns, SEO/SEM performance, brand content creation, and analytics tracking. Responsibilities: managing Google Ads / Meta ad spend, conversion rate optimization (CRO), social media strategy, and ROI performance reporting. Requirements: Google Analytics, SEO tools, paid advertising, and copywriting.",14761906,"SUBSTITUTE TEACHER Summary Enthusiastic artists who loves both traditional art and digital art! Before moving to Richmond I spent two years working as a digital media specialist, creating brochures , video and physical colleges. Currently I'm working as a substitute for Chesterfield County Schools, my favorite subject of course being art. Highlights Traditional fine art skills Creative and artistic Flexible creative approach Strong design sense Superb attention to detail Time management Traditional and digital photography Photo enhancing Relevant Professional Experience Substitute Teacher Oct 2015 to Current Company Name City , State Work in schools across Chesterfield County in a verity of subjects and grades. My favorites subjects to teach are Art, Library and History. Following the teachers lesson plans I lead the students through activities, providing guidance and additional explanations where needed. Comfortable with unexpected school situations. I'm quick on my feet and calm which I believe is the key to keeping students calm. Digital Media Specialist and Administrative Assistant Jul 2013 to Jun 2015 Company Name City , State Met and worked with grieving families to create personalized memorial packages for their loved one. I used a variety of programs including Photoshop, Illustrator, InDesign, Publisher and funeral stationary software. Created large collage boards for every family who provided us with photos. It was not abnormal to create 15 or more boards a week. I provided support to community outreach programs; small college boards for hospice patients, billboards for charity events and designing pamphlets or other printed materials for special events including Cape Fear's Purple Heart dinner. Was in charge of teaching coworkers how to use new software as well as troubleshooting computer and printer problems for the office. Summer Counselor Jun 2009 to Sep 2009 Company Name City , State Helped to plan and execute activities. Dealt with minor cuts and scrapes as well as defusing tempers before fights could start and writing up incident reports after accidents or fights occurred. This job included conflict resolution, working with children whose parent(s) were in the military and a handful that have a parent overseas, as well as working with handicap/special needs children. Additional Experience Room Attendant Mar 2012 to Jul 2013 Company Name City , State Seasonal Shoe Associate Nov 2011 to Feb 2012 Company Name City , State Shoe Associate Oct 20",0.93,Positive Match,Strong Match
PAIR-00033,Senior Software / IT Systems Engineer,INFORMATION-TECHNOLOGY,"We are seeking a Senior Software & IT Systems Engineer to design, deploy, and scale high-performance software applications and cloud infrastructure. Responsibilities include building RESTful APIs, optimizing relational and NoSQL databases, containerizing microservices with Docker and Kubernetes, and troubleshooting distributed networks. Required skills: Python, Java, JavaScript/TypeScript, SQL, Linux, Cloud (AWS or Azure), Git, and CI/CD automation.",24533931,"APPAREL ASSOCIATE Summary An organized, detail-oriented, and conscientious self starter, able to learn and adapt quickly to new skills, also able to strategized and prioritize effectively to accomplish multiple tasks and stay calm under pressure, Skills Adaptability Strong work ethic Time management Self-confidence Handling pressure Creativity Communication Team work Motivation Cash register Typing Basic computer skills Customer Assistance Skills Cashier, Customer Assistance, Sales, Stock Experience Apparel Associate Aug 2017 to Current Company Name City , State Stocking and Zoning apparel and housewares merchandise Recruiting Assistant Oct 2016 to May 2016 Company Name City , State Sealing/Mailing off letters to football recruits, Making prints or copies of Letters and/or paperwork, Signing recruits and families in for game day Cashier/Stocker Dec 2015 to Sep 2017 Company Name City , State Assisting customers in finding what they need, recovering sales floor and keeping the store clean and organize so the shoppers can have a better and easier shopping experience. Make customer purchases and/or returns Cashier/Sales Associate May 2014 to Aug 2015 Company Name City , State Assisting customers in finding what they need, recovering sales floor and keeping the store clean and organize so the shoppers can have a better and easier shopping experience. Make customer purchases and/or returns Education and Training Business Adminstration 2018 South Louisiana Community College City , State Business Administration University of Louisiana-Lafayette City , State 2014 Salmen High School City , State Activities and Honors 21st Century Summer Camp years 2012-2014",0.17,Hard Negative,Low Match
PAIR-00209,Senior UI/UX & Product Designer,DESIGNER,"We are hiring a Senior UI/UX Designer to craft intuitive user experiences, responsive layouts, and interactive design systems for web and mobile platforms. Responsibilities: user journey mapping, high-fidelity wireframing in Figma, design system maintenance, usability testing, and cross-functional handoff to frontend engineers. Requirements: Figma mastery, design thinking, prototyping, and typography.",18198627,"3D DESIGNER/ GRAPHIC DESIGNER Summary I am seeking a position where my experience can used to make a positive contribution. Skills Photoshop InDesign After Effects Maya Illustrator Z brush /XP Professional/ Vista/ Windows Mac Microsoft Word Windows NT/95/98 OS Sketch up Daz 3D Dreamweaver PowerPoint Analog Integrated Circuits Cinema 4D Excel HTML XML Experience 3D Designer/ Graphic Designer Company Name meeting clients or account managers to discuss the business objectives and requirements of the job;. estimating the time required to complete the work and providing quotes for clients;. developing design briefs that suit the client's purpose;. thinking creatively to produce new ideas and concepts and developing interactive design;. using innovation to redefine a design brief within the constraints of cost and time;. presenting finalized ideas and concepts to clients or account managers;. working with a range of media, including computer-aided design (CAD) and keeping up to date with emerging technologies;. proofreading to produce accurate and high-quality work;. demonstrating illustrative skills with rough sketches and working on layouts ready for print;. commissioning illustrators and photographers;. working as part of a team with printers, copywriters, photographers, stylists, illustrators, other designers, account executives, web developers and marketing specialists. Receiving Manager Assistant Manager , 01/2014 to 01/2017 Overseeing incoming and outgoing shipping activities to ensure accuracy, completeness and conditions of shipments. Determining work procedures, preparing work schedules and expediting workflow. Determining shipping priorities, work assignments and shipping methods required to meet shipping and receiving schedules. Arranging transportation that optimizes service and cost. Inspecting incoming materials and notifying appropriate staff of potential quality issues. Inspecting loading operations to ensure compliance with specifications. Directing movement of shipments to appropriate work areas. Ensuring shipping area is organized and clean at all times and meets all compliance factors. Ensuring that all employees are in compliance with all applicable health and safety regulations and other company-related policies and procedures. Investigating and solving customer problems and issues. Compiling and maintaining applicable metrics as required. Managing the operational budget. Training, developing and performance-monitoring activities. Adept at",0.96,Positive Match,Strong Match
PAIR-00272,Senior Talent Acquisition & People Operations Manager,HR,"Seeking a Human Resources Manager to lead end-to-end recruitment, employee onboarding, compensation benchmarking, and organizational culture initiatives. Responsibilities include sourcing candidate pipelines, managing ATS workflows, facilitating performance reviews, and ensuring labor law compliance. Requirements: Full-lifecycle recruiting, ATS proficiency, employee relations, and HR strategy.",43852883,"CFO ASSISTANT/EXECUTIVE ADMINISTRATOR/HR MANAGER/CS Professional Summary To apply myself in a new and challenging position with a progressive organization for long-term employment. Organized, deadline-oriented, great attention to detail and work well under pressure. I have the ability to multi-task, work in a fast-paced environment and do whatever it takes to get the job done while maintaining a high level of professionalism. Having served as a point person for executive teams, senior management and sales teams make me an asset to any company. Core Qualifications MS Outlook, Word, Excel, PowerPoint, QuickBooks Pro, Mas90, Sage200 & AS400 ADP Payroll Software & PC Charge Software, Postal Equipment, EarthLink Hosting, 401K A. Funds Program Skilled in Adobe Acrobat, Adobe Illustrator, Photoshop Knowledgeable in database programs such as ACT, Access, and Crystal Reports (MAS90) Extensive professional experience in client relations Experience CFO Assistant/Executive Administrator/HR Manager/CS June 2007 to Current Company Name City , State Assisted CFO with quarterly, year-end financial reports, Profits & Loss on projects, A/P & A/R, Credit & Collections, Invoicing & Billing for RLE & NEI, Sales reports, Bank R, Cash Receipts, Credit Card, checks Supported RLE C- Level & NEI Industries, Inc., Superintendent Maintain all insurance requirements including, certificate of insurances, auto, property coverage, worker s compensation, and bonds. Handled all DMV documentation for company vehicles, EZ-Pass, Tickets, violations, claims Establish and Maintain HR related employee functions including payroll process (70 employees, and subcontractors under 1099), recruiting, benefits, employees files, E-verify I-9, salary increases, deduction, garnishments, payroll exception new hire orientation, W-2 withholdings, exercising a high level of confidentiality. In charge of issue Prevailing wage certified payroll reports, and 1099 forms 401K Third Party Administrator, (Reconciliation of participant account at plan conversion, participant distribution and withholding verification, compliance testing, form 5500 preparation) IT Administrator, set up emails on Outlook & EarthLink accounts, set up GoToMyPC accounts, Install Scanners and assist with PC troubleshooting General Administrative support, phones, file, fax, mail Provide Internal sales support and customer service for outside reps Assist entering customer s proposals Distribute and confirm monthly commission statements. Contr",0.19,Hard Negative,Low Match
PAIR-00193,Senior Corporate Accountant & Auditor,ACCOUNTANT,"Looking for a Senior Accountant to oversee general ledger reconciliations, tax compliance, payroll auditing, and financial reporting. Responsibilities include month-end closing, balance sheet reconciliation, internal audit preparation, and regulatory filing. Qualifications: CPA or accounting degree, ERP experience (NetSuite, SAP), GAAP standards, and internal control compliance.",25749150,"ACCOUNTANT Professional Summary Inpatient and outpatient records coding specialist with ICD-9, ICD-10 and ASC coding expertise. Familiar with commercial and private insurance carriers. Seeks a position of increased responsibility and authority. Administrative Assistant experienced at registering patients, scheduling appointments and recording and filing patient medical records. Enters orders and information quickly and accurately. Administrative Assistant experienced at registering patients, scheduling appointments and recording and filing patient medical records. Enters orders and information quickly and accurately. Enthusiastic Administrative Assistant with excellent people skills and dedicated work ethic. Strong attention to detail and extensive knowledge of medical terminology. Medical Coder with [number] years experience in hospital inpatient/outpatient surgery coding. Certified in ICD-9 and ICD-10. Familiar with commercial and private insurance carriers. Desire a position in inpatient records coding. Skill Highlights Knowledge of HMOs, Medicare and Medi-Cal Online Claim Submission & Electronic Medical Record (EMR) software HIPAA compliance Claim entry & payment posting ICD-10, CPT/HCPCS coding, & medical terminology ICD-10, CPT/HCPCS coding, & medical terminology Claim entry & payment posting HIPAA compliance ICD-10, CPT/HCPCS coding, & medical terminology Claim entry & payment posting HIPAA compliance gff Professional Experience Company Name August 2012 to December 2014 Accountant City , State Assisted the senior accountant in the performance of all financial activities to include financial statements and management reports. Gathered and analyzed information received from inter-departmental systems to the G/L to test for inconsistencies/errors and reasonableness. Researched accounting transactions to identify and resolve discrepancies.) Reconciled bank and various G/L accounts; created invoices and collected on overdue accounts. Prepared P & L's in addition to various financial and statistical reports for management. Performed accounts receivable and accounts payable functions, balanced cash, and accurately posted transactions. Identified various errors and inconsistences between reports being used to book figures in the G/L; worked with IT to resolve the discrepancy and new reports were created. Improved reconciling variances significantly by closely monitoring cash control of all office locations as well as worked with office practice managers to ",0.88,Positive Match,Strong Match
PAIR-00262,Senior Talent Acquisition & People Operations Manager,HR,"Seeking a Human Resources Manager to lead end-to-end recruitment, employee onboarding, compensation benchmarking, and organizational culture initiatives. Responsibilities include sourcing candidate pipelines, managing ATS workflows, facilitating performance reviews, and ensuring labor law compliance. Requirements: Full-lifecycle recruiting, ATS proficiency, employee relations, and HR strategy.",18316239,"HR GENERALIST Professional Profile Responsible administrative support professional with extensive experience in Project Management and Finance environments. Organized and detail-oriented with strengths in project management and inventory control. Certified Professional in Human Resources (PHR) with additional state certification from US Armed Forces offering a 9 year HR career distinguished by commended performance and proven results. Extensive background in HR generalist affairs, including experience in employee recruitment and retention, staff development, mediation, conflict resolution, benefits and compensation, HR records management, HR policies development and legal compliance. Demonstrated success in negotiating win win compromises, developing teambuilding programs, and writing personnel manuals, corporate policies, job descriptions and management reports. Qualifications Staff Recruitment & Retention Employee Relations Alternative Dispute Resolution (ADR) Benefits Administration HR Program/Project Management Orientation & OnBoarding HRIS Technologies Training & Development Performance Management Organizational Development HRIS applications (UltiPro, PeopleSoft Enterprise Human Resources, ADP) MS Office (Word, Excel, PowerPoint, Access, Outlook) Relevant Experience Improved department efficiency 80 % through implementation of strategic workflow and process improvements. Managed major office relocation with only one day of downtime. Improved department efficiency 80% through implementation of strategic workflow and process improvements. Experience HR Generalist 12/2004 to 01/2012 Company Name City , State Provides voice and data communications systems for small and midsized companies. 2004 present Recruited to help open new company HR branch in Germany guiding the startup and management of a full spectrum of HR operations, systems and programs. Worked with senior management to create HR policies and procedures recruit employees create group benefits databases and develop orientation, training and incentive programs. Manage leave of absence programs and personnel records administer benefits enrollment and programs administer HR budget and handle HR generalist workplace issues. Key Results: Played a key role in ensuring the successful launch of US Army office. Structured and implemented programs and policies in the areas of training, compensation structures, benefits packages, incentives and new employee orientation. Fostered a teamwork/open door enviro",0.9,Positive Match,Strong Match
PAIR-00291,Digital Marketing & Content Strategy Lead,DIGITAL-MEDIA,"Seeking a Digital Marketing Lead to oversee omnichannel growth campaigns, SEO/SEM performance, brand content creation, and analytics tracking. Responsibilities: managing Google Ads / Meta ad spend, conversion rate optimization (CRO), social media strategy, and ROI performance reporting. Requirements: Google Analytics, SEO tools, paid advertising, and copywriting.",23864858,"DIGITAL MARKETING MANAGER Core Qualifications Window XP, Vista, 7. Program languages: Lisp, HTML, SQL, Macros (VBA). Software Products/Tools: Microsoft Word, Excel (Pivot table, Vlookup, etc.), Access, PowerPoint, Sharepoint, Salesforce, Google Analytics, IBM Coremetrics and Microstrategy, Infoview, Basecamp, Youtube and Facebook Analytics, Sitespect, SEO (working knowledge). Others: Statistic, Behavioral Psychology. Experience Digital Marketing Manager 08/2012 to 01/2016 Company Name City , State Grew the combined SEM, display, retargeting and affiliate marketing channel by 15% in membership this past year. Hence an increase of $20 million in life time value. Launched acquisition and brand awareness marketing campaigns with marketing partners Affiliate, Retargeting, SEM Adwords, Facebook, etc.) that were segmented by market. Optimized campaigns across different channels by changing/adding keywords, creative, ad grouping, dna/cities, ad copies, bids, landing pages, etc. to lower CPA and increase ROI. Collaborated with pricing and creative team and marketing partners to create/replace creative that reflect marketing strategies. Worked with marketing partners to understand & compete with competitors' marketing strategies. Maintained budgets and negotiated prices/bonuses with new/existing marketing partners. Exported data from different marketing partners system. Used advance Excel to dissect data and create dashboards to highlight marketing campaigns (CPA, CPC, CPM). Used PowerPoint to present KPI, ROI and recommendations to internal teams, executives and marketing partners. Managed an associate to maintain and optimize campaigns across different channels. Created A/B and multivariate tests with Sitespect to find landing page/channel/messaging that generate the highest conversion rate. Consequently increase conversion rate by 10%. Analyzed web & marketing performance metrics such as CTR, Conversion Rate, purchase funnel conversion rate, LTV, etc. with IBM Coremetric and Google Analytics. Affiliate Marketing Manager 04/2009 to 07/2012 Company Name City , State Managed and monitored daily affiliate performance. Also optimized campaigns often by changing creative, landing pages, offers, etc. As a result generated 10% increase in revenue. Negotiated with affiliate networks for optimal cost: base on CPC, CPM, CPA. Used SiteCatalyst, Omniture to generate daily and weekly reporting & analysis to internal team and external partners. Researched and built partnerships",0.85,Positive Match,Good Match
PAIR-00067,Senior Systems / DevOps Engineer,ENGINEERING,"Looking for a Senior Systems & DevOps Engineer to automate build infrastructure, manage Linux server fleets, and ensure high availability across multi-region environments. Responsibilities include writing Terraform infrastructure as code, configuring CI/CD pipelines, monitoring system metrics with Prometheus and Grafana, and diagnosing system bottlenecks. Requirements: Linux administration, Docker, Kubernetes, Terraform, Bash/Python scripting, and networking fundamentals.",47487091,"TAX EXAMINING CLERK Summary Driven claim specialist bringing 10 years experience in the field of insurance with an emphasis on automobile claims.Trained in all aspects of insurance property and liability claims. Employs high-level negotiation skills in resolving claims to the satisfaction of all involved parties. Analytical thinker and innovative problem solver. Highlights Property and liability claims adjusting Thorough in critical thinking Analyze problems and develop favorable solutions Time management and organization Proficient in math, computer skills and Excel, Word and Access programs Effective interpersonal, listening and communication skills Multi-task and prioritize Pacify irate people Experience Company Name January 2013 to June 2015 Tax Examining Clerk City , State Adjust tax liability on1040X amended returns. Take corrective actions to process and close a case, such as adjusting taxpayer's account, penalties or credits, and computing tax liability. Research pertinent tax data through IDRS, databases, accounting records and available relevant systems. Assign case referrals requiring further examination per the tax code. Recognize indications of tax fraud. Process statute and potential statute cases, and ensure that all statutes are correct. Recognize problem areas with reference material and offer solutions. Maintain a fully successfully level processing over 11.2 documents per hour with virtually a 100% accuracy rate. Company Name September 1997 to December 2010 Business Owner/Manager City , State Managed the operational activities of a dairy distribution business. Maximized company revenue by creating databases and spreadsheets to improve inventory control and cost-and-risk analysis. Maintained account plans for 100 customer accounts. Improved communication efficiency as primary liaison for customers and vendors. Maintained high levels of customer satisfaction through offering after-hour deliveries and preserving positive customer rapport. Identified key growth opportunities for the business through expansion of our product line and delivery area. Leveraged knowledge of customers and market trends to successfully market our suppliers' products. Coordinated Customer and Vendor orders. Prepared procedural material for employees. Wrote correspondence for business proposals and collection. Renegotiated payment terms with dozens of suppliers. Verified details of transactions, including funds received and total account balances. Calculated figures",0.19,Hard Negative,Low Match
PAIR-00201,Senior Corporate Accountant & Auditor,ACCOUNTANT,"Looking for a Senior Accountant to oversee general ledger reconciliations, tax compliance, payroll auditing, and financial reporting. Responsibilities include month-end closing, balance sheet reconciliation, internal audit preparation, and regulatory filing. Qualifications: CPA or accounting degree, ERP experience (NetSuite, SAP), GAAP standards, and internal control compliance.",88038965,"MANAGER OF FINANCE Summary Experienced Certified Public Accountant (CPA) with extensive financial and audit experience. I have a proven track record to improve monthly financial close processes; analyze financial results for areas of opportunity; and audit financial activities to identify potential financial misstatements and internal control weaknesses. Strengths include: *Financial analysis & reporting *Financial management *Budget preparation & management *Revenue management *Highly organized & detail-oriented *Strong interpersonal skills Experience Manager of Finance January 2016 to Current Company Name City , State Prepare and manage an annual operating budget of $55 million gross revenue and annual capital budget of $500,000. Oversee financial operations for annual expenses totaling $45 million. Oversee the daily billing and collection activities with 9 employees for annual patient days of 250,000. Prepare and consolidate Hospice monthly financial results and input into the Lawson general ledger system for consolidation with the financial results of the TriHealth organization. Analyze financial operations to identify opportunities to increase revenue and reduce cost. Provide financial updates to senior management, Hospice Board of Trustees and the Hospice Finance Committee. Provide financial guidance & leadership to 10 individual unit managers. Business Director II January 2010 to January 2015 Company Name City , State Prepared and managed annual operating budget of $161 million gross revenue and 226 FTEs for Neonatal Intensive Care Unit (NICU) along with $3.3 million gross revenue and 16 FTEs for 3 other departments. Managed expenses totaling approximately $20 million. Monitored NICU monthly productivity metrics. Prepared and managed capital budget totaling $700,000. Analyzed and monitored monthly financial performance and evaluate variances. Managed physician professional fee billing for approximately 125,000 charges totaling approximately $113 million for 13 regional hospitals. Reduced physician professional fee charge entry to billing days from 11 to 5 business days. Director of Finance January 2007 to January 2009 Company Name City , State Reduced monthly financial closing process from 13 to 8 business days. Managed daily operations of the Finance Department with 6 employees, and assisted with managing all financial operations of the hospital. Assisted with preparation of the annual operating budget for a 180 bed hospital with gross patient reve",0.58,Partial Match,Moderate Match
PAIR-00318,Clinical Healthcare Specialist & Administrator,HEALTHCARE,"Looking for a Healthcare Specialist to manage patient intake protocols, electronic health record (EHR) compliance, clinical assessments, and patient care workflows. Responsibilities include clinical documentation, HIPAA compliance, multidisciplinary coordination, and care planning. Requirements: Healthcare certification or nursing degree, EHR software, and clinical standards.",23138078,"HEALTHCARE ADMINISTRATOR Professional Summary Talented and professional Healthcare Administrator offering exceptional and outcomes-based services, combined with knowledge and experience of a variety of clinical best practices. A leader with strong organizational and communication skills, with the ability to concurrently direct multiple healthcare administrative affairs. A valuable asset with a proven record of facilitating support services and managing fast-paced business operations. Skill Highlights Healthcare Informatics Leadership Communication and Relationship Management Process Improvement Business Operations Time Management Decision Making and Problem Solving Skills Active Learning, Calendaring, Computer Proficiency, Coordination, Creative Problem Solving, Critical Thinking, Customer Needs Assessment, Customer Service, Data Collection, Data Entry, Documentation, Email, Executive Management Support, Filing, Grammar, Internet Research, Letters and Memos, Microsoft Excel, Microsoft Access, Microsoft Outlook, Microsoft PowerPoint, Microsoft Word, Multi-Task Management, Organizational Skills, Prioritization, Proofreading, Reading Comprehension, Report Transcription, Research, Scheduling, Speaking, Spreadsheets, Telephone Skills, Time Management, Travel Arrangements, Typing, Vendor Management, Writing, Medical Terminology, Office Equipment, Payroll, Personnel, Policies and Procedures, Expense Reports, Customer Service, Billing, Administrative Support, Patient-focused care, Excellent interpersonal skills Professional Experience Healthcare Administrator 08/2006 to Current Company Name City , State Provide thorough supervision for day-to-day operations of department in accordance with set policies and guidelines. Observe strict confidentiality and safeguard all patient-related information. Coordinate with finance department to devise and ensure that the department is operating within budgetary guidelines. Process monthly reports for department performance. Reconcile monthly billing reports and execute statistical reports. Revise policies and procedures in accordance with changes in local, state and federal laws and regulations. Carefully review medical records for accuracy and completion as required by insurance companies. Liaise with management, clinical staff and the community. Examine diagnosis codes for accuracy, completeness, specificity and appropriateness according to services rendered. Properly route agreements, contracts and invoices through the sign",0.9,Positive Match,Strong Match
PAIR-00180,Senior Corporate Accountant & Auditor,ACCOUNTANT,"Looking for a Senior Accountant to oversee general ledger reconciliations, tax compliance, payroll auditing, and financial reporting. Responsibilities include month-end closing, balance sheet reconciliation, internal audit preparation, and regulatory filing. Qualifications: CPA or accounting degree, ERP experience (NetSuite, SAP), GAAP standards, and internal control compliance.",26975573,"STAFF ACCOUNTANT Summary EXPERIENCED ACCOUNTANT with more than 15 years of accounting and financial analysis experience. Expertise in budgeting and economic analysis, financial reporting, and resource analysis/optimization. Solid record of performance managing analytical studies, key initiatives, and high-profile performance improvement projects. Technical expert and analyst on complex program issues. Solid critical thinking, problem-solving, research and liaison skills. Recognized for outstanding communication skills, flexibility, keen political savvy, sense of humor, and leadership abilities. AREAS OF EXPERTISE: Accounting; financial analysis; program evaluation and management; strategic and operations planning and streamlining; operations management; workforce analysis and manpower planning; operational, financial, and compliance auditing; profit/revenue analysis; internal control reviews; process improvement and simplification; team and project leadership; quantitative/qualitative analysis; risk and feasibility assessment and management; database management; statistical analysis; technical, regulatory and best practices research; Skills Lawson, Invision, QuickBooks, MS Word, Excel, PowerPoint, Lotus Notes, and Meditech Experience 01/2001 to 02/2011 STAFF ACCOUNTANT Company Name City 40 hours/week, ANALYZED FINANCIAL REPORTS AND PROGRAMS TO RESOLVE PROBLEMS. Formatted and prepare internal financial reports for various entities. Monitored and researched significant revenue and budget variances, including actual costs versus budgeted costs, recommending alternative courses of action. Resolved complex issues involving multiple aspects of financial management. Reviewed policies and principles to plan and develop financial controls and made changes and additions to cost allocation codes. ANALYZED AND RECONCILED A VARIETY OF ACCOUNTS AND TRANSACTIONS: Monitored, reconciled, researched, analyzed and quickly responded to inquiries on balance sheet accounts. Updated monthly schedules for fixed assets and presented findings to senior management. Reconciled payroll tax withholdings and processing. Prepared monthly journal entries to record fixed asset activity and maintained construction in progress accounts. Assisted in researching and resolving variances on reports. Provided financial statements and prepared reports of statements. ADVISED SENIOR MANAGEMENT on financial-related issues based on technical expertise. Identified challenges and determine appropriate c",0.95,Positive Match,Strong Match
PAIR-00073,Enterprise Business Development Manager,BUSINESS-DEVELOPMENT,"Seeking an experienced Business Development Manager to identify new market opportunities, negotiate high-value corporate partnerships, and drive revenue growth. Responsibilities: B2B pipeline development, enterprise client pitching, contract negotiation, competitive analysis, and strategic relationship management. Requirements: 4+ years B2B sales/development experience, CRM proficiency, and executive communication skills.",34797369,"BUSINESS DEVELOPMENT MANAGER Summary Accomplished top performing professional with proven success in directing, leading and managing projects and campaigns from concept through completion. Intensely focused on partnering to ensure client/customer satisfaction consistently exceeds expectations. Creative, strong partnership building skills and excellent communicator recognized for taking a collaborative approach and an enthusiastic team player. Highlights TECHNOLOGY SKILLS Knowledge of Digital Marketing and Advertising, Social Media (LinkedIn, Facebook, Twitter), MS Office Suite (Word, Excel, Outlook, PowerPoint), Corporate Proprietary Software Accomplishments Online Advertising Campaign Management Sales and Territory Management Customer/Client Relationship Building Prioritization and Multi-tasking Cross-Team, Cross-Cultural Relations Training and Mentoring Effective Verbal and Written Communication Executive Interfacing Experience BUSINESS DEVELOPMENT MANAGER Sep 2011 to Sep 2013 Company Name City , State Online Service Division Contract Position) Beta Coordinator for Project Rubicon. Shopper-Ready Content and Tools for Omni-Channel Digital Marketing. Managed all worldwide inbound customer and partner inquiries from the Microsoft Tag Platform and Startup Business Group by supporting and facilitating increased sales portfolio. Sourced top retailer and brands to facilitate in building growth revenue portfolio. Solicited prospective customers utilizing multiple social media venues such as LinkedIn. Provided analysis of customer experiences based on a set of evaluation questions. Built strong working relationships with vendors contributing to growth in market and profitability by identifying opportunities to introduce new products/services. Researched and analyzed online marketing trends and advertising tools. Managed all worldwide inbound customer and partner inquiries ensuring complete response satisfaction. ACHIEVEMENT: Successfully manage all Rubicon retail customer meetings. Help drive interest in project with local retailers based in the Seattle area. Result: Built a loyal customer list. ONLINE ADVERTISING DELIVERY MANAGER Oct 2008 to Oct 2009 Company Name City , State Operated in the fast-paced Online Advertising division with a focus on the Detroit, MI territory. AOL, (S&P 400), is a pioneer and leading-edge global web services company that includes a network of premium and niche content sites, and an extensive offering of world-class tools and platform",0.93,Positive Match,Strong Match
PAIR-00042,Senior Systems / DevOps Engineer,ENGINEERING,"Looking for a Senior Systems & DevOps Engineer to automate build infrastructure, manage Linux server fleets, and ensure high availability across multi-region environments. Responsibilities include writing Terraform infrastructure as code, configuring CI/CD pipelines, monitoring system metrics with Prometheus and Grafana, and diagnosing system bottlenecks. Requirements: Linux administration, Docker, Kubernetes, Terraform, Bash/Python scripting, and networking fundamentals.",39855211,"ENGINEERING TECHNICIAN Professional Summary Engineering Technician specializing in quality control sector. Analytical thinker skilled collecting data and executing product testing procedures with precision and ease. Results-driven and focused Engineering Technician successful at prioritizing safety, promoting cost-effective solutions and exceeding customer expectations. Determined Maintenance Worker with skills performing routine operation checks on work equipment and always exercising safety measures to limit injuries. Hardworking employee with over [2] years of carrying out oral and written instructions effectively and efficiently. Uses constructive criticism to improve skills and job performance. Safety-minded Maintenance Worker tasked with troubleshooting, general plumbing and minor electrical work. Enthusiastic professional promoting excellent attendance record and willing to assist team members in completing assigned tasks. Organized and dependable candidate successful at managing multiple priorities while maintaining a strong work ethic and exhibiting a positive attitude. Willingness to take on added responsibilities to meet team goals. Friendly student available for weekend, evening andholiday shifts. Considered hardworking, punctual and driven. To seek and maintain a full-time position that offers professional challenges utilizing interpersonal skills, excellent time management and problem-solving skills. Dedicated Customer Service professional with knowledge of service delivery and proven multitasking abilities. Committed to maintaining professional relationships to increase profitability and drive business results. Customer Service Representative bringing top-notch skills in oral and written communication, active listening and analytical problem-solving skills. Enhances customer experiences by employing service-oriented behaviors, understanding customer desires and providing customized solutions to build loyalty. Skills Installation Strong leader/team leader Customer service Cash handling Self starter Excellent communication skills Power and hand tools Willing to learn Repair Work Planning Groundskeeping and Landscaping Handheld Computers Pressure Washing Safety Monitoring and Compliance Mechanical Repair Critical Thinking Facilities Painting and Repair Heavy Object Lifting Troubleshooting and Diagnostics Work History Engineering Technician 01/2018 to 12/2020 Company Name , City , State Read and interpreted blueprints, technical drawings, schema",0.92,Positive Match,Strong Match
PAIR-00171,Corporate Financial Analyst & Portfolio Specialist,FINANCE,"Seeking a Financial Analyst to perform financial modeling, variance forecasting, corporate valuation, and investment analysis. Key responsibilities: preparing quarterly financial statements, conducting discounted cash flow (DCF) modeling, budget reconciliations, and executive risk briefings. Requirements: Advanced Excel, financial modeling, GAAP compliance, SQL, and analytical problem solving.",19518606,"MERCHANT SERVICES ADVOCATE Summary Management Experience and a Desire to Work for the Best Skilled Management Professional eager to contribute expertise, strong personnel development skills, and communication talents toward actively supporting an organization in maximizing performance. Highlights Client relations specialist Team management Focused on customer satisfaction Training and development Deadline-oriented Customer Relationship Management software (CRM) High customer service standards Employee relations specialist Call center management experience Strong problem solving ability Customer service management expertise Accomplishments Exceeded corporate target for customer satisfaction for 4 months in a row. Experience 07/2013 to Current Merchant Services Advocate Company Name City , State Solves challenging member situations creatively and efficiently - while maintaining the LivingSocial brand promise of surprising and delighting - utilizing strong listening skills, empathy and probing techniques to identify reason(s) for disconnect and overcome objections. Builds and strengthens relationships with merchants by providing an exceptional merchant experience to ensure quality experiences. Manages logistics of promotions directly with the merchant via phone and email. Quickly responds to and resolve all merchant questions/issues. Keeps records of merchant interactions or transactions, recording details of inquiries, complaints, or comments, as well as actions taken. Problem solving by utilizing internal teams to solve complex issues. Communicates effectively across all internal channels and provide effective solutions. 11/2013 to 03/2014 Mobile Sales Consultant (Seasonal) Company Name City , State Provided personalized service and exceptional expertise for customers. Handled all aspects of the sale including: customer contracts and warranties, customer payments, cash and credit card/check transactions. Developed, maintained and communicated strong, up-to-date knowledge of wireless products, accessories, pricing plans and service features. 07/2012 to 07/2013 Operations Supervisor/T-Mobile Gen Care Company Name City , State Maintained client satisfaction. Oversaw that agents were meeting required metrics (KPI's). Coached agents to help them grow and succeed in the goals they set forth (Coach to behaviors). Implemented new changes and ensure that everyone is on board with the new changes, with address and concerns that took place. Set career paths and mentor",0.32,Hard Negative,Low Match
PAIR-00077,Enterprise Business Development Manager,BUSINESS-DEVELOPMENT,"Seeking an experienced Business Development Manager to identify new market opportunities, negotiate high-value corporate partnerships, and drive revenue growth. Responsibilities: B2B pipeline development, enterprise client pitching, contract negotiation, competitive analysis, and strategic relationship management. Requirements: 4+ years B2B sales/development experience, CRM proficiency, and executive communication skills.",30938994,"PARTNER; BUSINESS DEVELOPMENT Summary A versatile and dynamic manager and marketing professional with more than (20) years of sales, management, marketing and promotional experience. A goal oriented and trusted leader, able to communicate effectively with people of all ages and backgrounds, to work collaboratively to resolve problems and to motivate team members to achieve personal and organizational objectives. Highlights Integrity first Quality leadership Excellent written and verbal communicator Experienced manager Customer service-oriented Training and development Experience 11/2011 to 05/2014 Partner; Business Development Company Name City , State Joined forces with two long-time colleagues to build a full service marketing agency with a specialization in event/ experiential marketing. Built and developed the company's overall objectives and strategies to differentiate from other marketing agencies. Created documents and data used to communicate the company's capabilities via web-site and presentation materials. Built and successfully presented various strategic marketing plans to prospective clients. Interviewed, hired and trained members of our executional field teams. Worked with field/ executional teams to ensure performance expectations were reached. Built and monitored project budgets to maximize ROI. 06/2009 to 10/2011 Regional Manager; Consumer Engagement Company Name City , State Managed the transition of an in-house event marketing structure to an external event marketing agency by recruiting, training and coaching on-site executional teams, governing compliance parameters and instituting consistent brand imagery and messaging. Built and implemented a portfolio of consumer engagement promotions and compliance programs focused on music festivals and concerts to cost effectively maximize our reach among desired and qualified consumers. Effectively managed $1.2 mm operations budget. Standardized the functionality and consumer flow through our promotional execution footprints resulting in greater brand consistency and improved efficiency. Instituted compliance and safety parameters during our consumer engagement promotions at large scale events. Experienced (0) accidents and (0) compliance issues. Developed a system that measured the impact and brand affinity of our promotions resulting in improve effectiveness. Utilized as a compliance and audit resource for the nightlife consumer engagement program. The result, programming was improved via con",0.95,Positive Match,Strong Match
PAIR-00130,Senior Enterprise Sales Representative,SALES,"We are hiring a Senior Enterprise Sales Representative to manage full sales cycles, conduct product demonstrations, and exceed quarterly quotas. Responsibilities include prospect qualification, objection handling, commercial contract closing, and pipeline tracking in Salesforce. Requirements: Proven enterprise quota attainment, CRM mastery, presentation skills, and strong customer relationship building.",14070138,"BUSINESS DEVELOPMENT MANAGER Summary Experienced sales professional and effective leader. Currently a sales professional for CT of Wolters Kluwer. Highly motivated, self-driven, result-oriented consultant Tenacious new business prospecting, selling, negotiating and closing skills Skillful verbal and written communication skills including the ability to present to an executive-level audience Passion for gaining personal relationships with clients Strong understanding and use of strategic selling techniques Former professional athlete Experience 03/2017 to Current Business Development Manager Company Name Consulted with C-level executives to develop and implement an effective, enterprise-wide strategy that maximizes the value delivered by solutions in order to ensure success with key initiatives Developed and conducted effective presentations with contract decision makers (c-level) Accountable for the entire sales cycle from prospecting to closing deals, forecasting, and strategic planning July 2015 - March 2017 - Business Development Manager Wolters Kluwer/CT Corporation FY 2016 104.4% for CT Corporation FY 2016 #1 Business Development Manager on Law Firm Segment Team FY 2015 109% for CT Corporation Primary responsibility for driving profitable customer acquisition and sales growth Responsible for developing and implementing relationships with existing customer base as well as pursuing new customers of representation and compliance services, formation/qualification services, and other on demand services Leverage strategic planning in order to optimize revenue generation of sales efforts Participate in collecting and evaluating performance metrics by participating in in-depth and on-going analysis of departmental services, processes, and customer preferences; understanding the overall needs of the law firm channels and what factors contribute to success; assist with monitoring department metrics; assisting in the identification of relationships and trends in the data as well as factors influencing results; contributing to the development of solutions to maintain or improve customer satisfaction, increase revenue and/or decrease expenses. May 2012 - July 2015 - Tampa & Southwest Florida Territory Manager LexisNexis Successfully earned 2 Circle of Excellence company trips for achieving top sales results (2010, 2011). Earned the Best Sales Teaming Award for the Region (2011). FY 2014 Over 100% for LexisNexis FY 2012 Over 100% for LexisNexis Qualified and earned",0.56,Partial Match,Moderate Match
PAIR-00146,Corporate Financial Analyst & Portfolio Specialist,FINANCE,"Seeking a Financial Analyst to perform financial modeling, variance forecasting, corporate valuation, and investment analysis. Key responsibilities: preparing quarterly financial statements, conducting discounted cash flow (DCF) modeling, budget reconciliations, and executive risk briefings. Requirements: Advanced Excel, financial modeling, GAAP compliance, SQL, and analytical problem solving.",25330083,"BUDGET FINANCE SPECIALIST SENIOR Summary Dynamic finance professional with a strong background in all aspects of accounting and financial management. Successful at managing multiple assignments while meeting tight deadlines. Highlights Financial analysis Complex problem solving Financial reporting expert Account reconciliation Self-motivated professional Revenue/Expenses management UFARS Superior time management PeopleSoft expert Bookkeeping SAP/MS Office Suite (Excel) Budgeting expert Business process improvement School Finances Accomplishments Promoted to senior role with added responsibility of managing 3-person team of Budget/Finance Specialists and 1 Senior Account Clerk Successfully managed aging invoices by reducing the number of invoices from 900 invoices to less than 200 in the work flow within 2 days Improved cost efficiency of School Districts travel system Awarded 5-Star Customer Service by recognizing outstanding customer service that goes above and beyond normal duties , acknowledging consistent dedication in support of clients and colleagues Successfully trained account clerks and secretaries in using SAP Experience Company Name October 2007 to Current Budget Finance Specialist Senior City , State Co-supervise and co-lead activities for a team of 3 Budget Finance Specialists and 1 Account Clerk Cadre. Responsible for training any new team members, giving work direction to all team members, lead the team during fiscal budgeting process, ensure fiscal responsibility throughout key areas of organization by reviewing and strengthening efficiencies in financial controls, conducting budget analysis and strategic planning to aid in daily business decisions. Train and advice school officials and administrators on use of public funds and donations to ensure compliance and transparency. Create financial reports and documents to guide and complete the annual budgeting process for upcoming school year and support organizational objectives. Manage 144 funded project accounts (Donations) which generate nearly $12.5 million in revenue annually. Responsible in creating accounts, managing both revenue and expenses, carry over any unspent money from one year to the next, and communicating the appropriate use of funding to the recipients. Manage financial record for 25 schools-provide financial analysis, financial planning and budget oversight to principals in order to effectively make daily operation and annual budgeting decisions. Train clerks and principals",0.91,Positive Match,Strong Match
PAIR-00198,Senior Corporate Accountant & Auditor,ACCOUNTANT,"Looking for a Senior Accountant to oversee general ledger reconciliations, tax compliance, payroll auditing, and financial reporting. Responsibilities include month-end closing, balance sheet reconciliation, internal audit preparation, and regulatory filing. Qualifications: CPA or accounting degree, ERP experience (NetSuite, SAP), GAAP standards, and internal control compliance.",25867805,"SENIOR ACCOUNTANT Summary Capable Accountant successful at managing multiple projects and consistently meeting deadlines under pressure. Extensive knowledge of accounting software and processes. Insightful and self-directed with seven years of experience delivering quality. Employed critical thinking skills to examine issues and develop best practice solutions. Currently working towards becoming a CPA. Experience Senior Accountant September 2014 to Current Company Name City , State Founded in 2010, Panda Power Funds is a private equity firm headquartered in Dallas, Texas, which has the ability to develop, acquire, construct, finance and operate large-scale, natural gas-fueled power generation facilities. PPF raised a $6 billion fund and operates 6 power plants throughout the United States. Prepared financial statements for different projects on monthly, quarterly basis Prepared journal entries, account analyses, reconciliations and internal reporting in a four day financial close Reconciled sub-ledger to general ledger account balances Assisting with budget preparation and preparing the monthly budget/forecast variance analysis to the P&L Maintained and reconciled fixed assets schedules Assisted in writing accounting policies for the key accounting processes Assisted in implementing EPICOR fixed assets module to replace Excel depreciation schedules Directly responsible for coordinating and managing payroll for over 50 employees on bi-weekly basis including resolving problems and issues with the payroll manager ADP. Project Accountant April 2013 to September 2014 Company Name City , State Prepare monthly draw report for various projects - Brandywine, Liberty and Patriot. Monthly preparation of budget forecasting Provide support to project management monthly variance analysis for budget forecast. Prepare journal entries related to prepaid expenses, adjustments, accruals and inter-company transactions. Responsible for booking and reconciling the inventory, supplies, payroll and cash reconciliation. Align with corporate and operational initiatives with supporting financial and accounting documentation Prepare and reconcile monthly financial statements on timely basis. Responsible for all projects Accounts Payable process. Resolve vendor request on any discrepancy matters. Assist in month end closing and year end close Process ADP Payroll for Temple and Sherman O&M & backup payroll specialist for PGS. Staff Accountant September 2010 to March 2013 Company Name C",0.93,Positive Match,Strong Match
PAIR-00049,Senior Systems / DevOps Engineer,ENGINEERING,"Looking for a Senior Systems & DevOps Engineer to automate build infrastructure, manage Linux server fleets, and ensure high availability across multi-region environments. Responsibilities include writing Terraform infrastructure as code, configuring CI/CD pipelines, monitoring system metrics with Prometheus and Grafana, and diagnosing system bottlenecks. Requirements: Linux administration, Docker, Kubernetes, Terraform, Bash/Python scripting, and networking fundamentals.",24647794,"ENGINEERING INTERN Profile Proficient Entry Level Electrical Engineer with excellent technical, analytical and communication skills. Willing to relocate anywhere in the US. Skills Testing | Troubleshooting | Embedded Hardware & Software |Microprocessors | Computer|systems | Hardware & Software design | Digital signal processing | Analog and Digital Filter design| Reading Circuit Schematics| Circuit Design and Analysis | Digital logic | Soldering | Project management|Electronics | Low and High voltage devices | Low voltage power consumption | Power Systems Analysis |Active Noise Cancelling (ANC) | Research and Development | Solar PV systems Design| NationalElectric Code (NEC) | Engineering Ethics| Failure Analysis| Logistics. Instrumentation: Oscilloscope | Logic analyzer | Multimeters | Applications: MS Visual Studio | MS Office | MAC OS| Matlab | Simulink | Mathcad | Verilog | Orcad | PSPICE | SolidWorks| AutoCAD | Inventor | PowerWorld | ETAP | HelioScope | Programming: C++ | C# | C languages. Accomplishments IEEE Robot Competition Systems Design (CAPSTONE) Spring 2013 - spring 2014 Collaborated with a team of 4 engineering students in the design and implementation of an autonomous robot that has to detect an oil rig on ""fire"", select and transport a specific tool in order to extinguish the fire Lead the mechanical design of the robot; both chassis and robotic arm parts with 3-D printing technology and SolidWorks software. Acquired experience with the mechanical shop equipment and lab instruments while producing mechanical components and implementing and assembling electrical circuits. Acquired experience using the product development life cycle and risk assessment. Gained experience in the integration of the hardware and software subsystems and the testing process of the design. Competed in the 2014 IEEE Region V robotics competition. Spectrum Analyzer Real Time Signal Processing Fall 2013 Programmed a C6713 DSK board and implemented a digital Spectrum Analyzer. The program was written using Code Composer studio and the UI was developed in Visual Basics Used the Software development lifecycle to develop the software of the system. Built the UI using Visual Basics.NET. Guitar Tuner Digital Signal Processing Spring 2013 Engineered a guitar tuner implemented by programming a C6713 DSK board. Designed analog filters and digital filters to remove noise in an audio file using algorithms developed with Matlab and Simulink. Laser Project Computer Systems Spring",0.94,Positive Match,Strong Match
PAIR-00169,Corporate Financial Analyst & Portfolio Specialist,FINANCE,"Seeking a Financial Analyst to perform financial modeling, variance forecasting, corporate valuation, and investment analysis. Key responsibilities: preparing quarterly financial statements, conducting discounted cash flow (DCF) modeling, budget reconciliations, and executive risk briefings. Requirements: Advanced Excel, financial modeling, GAAP compliance, SQL, and analytical problem solving.",24767027,"ACCOUNT EXECUTIVE Summary Exceptional Sales Professional who consistently achieves annual sales objectives and increases the overall customer base. Effectively grows brand awareness through increased market penetration and new market development. Highlights National account management Fortune 500 company management Accomplished in relationship selling Friendly and cheerful Team building expert Proven sales track record Winner's Circle Award Sales management Accomplishments Spearheaded a remarkable worst-to-first transformation.Grew new product sales 100% in [number] days.Successfully expanded account base from [number] to more than [number] accounts. Experience Account Executive Aug 2011 Company Name City , State A wholly owned subsidiary of Bloomberg, is a leading source of online legal, human resources, law, regulatory, and business information for professionals. Coverage spans the full range of legal practice areas, including tax & accounting, labor & employment, intellectual property, banking & securities, employee benefits, health care & pharmaceutical, privacy & data security, human resources, and environment, health & safety. Executed [number] daily cold calls to top level executives to increase client base. Exceeded targeted sales goals by [number]%. Emphasized product features based on analysis of customers' needs. Taught potential clients about products through seminars and other special events. Responsible for selling online, web-based technology tools to Director & VP level professionals - Human Resources, Benefits, Law, Accounting and Tax professionals Exceed yearly quota, finishing 2012 in the top 20 earning the Silver Award Deliver solution-based sales presentations to prospective and existing Bloomberg BNA customers Develop new clients and referral sources through prospecting which includes online resources referrals, cold calling, demand generation, or other local marketing programs Perform post-sales calls to ensure customer awareness, satisfaction, and the proper use of Bloomberg BNA products and services Sold to multiple industries - Industrial, Government, Healthcare, Law, and Medical. Business Development Associate Oct 2010 to May 2011 Company Name City , State Contract Sales Division of Staples, Inc. and focus on serving mid-sized businesses to large companies. Staples is the world's largest office products company. Laid off due to corporate restructuring (entire team laid off) Exceed monthly sales quota consistently on a monthly bas",0.23,Hard Negative,Low Match
